[INFO] Scanning for projects...
[INFO] 
[INFO] -------------------< com.bytecode:academic-service >--------------------
[INFO] Building academic-service 0.0.1-SNAPSHOT
[INFO]   from pom.xml
[INFO] --------------------------------[ jar ]---------------------------------
[INFO] 
[INFO] >>> spring-boot:3.2.5:run (default-cli) > test-compile @ academic-service >>>
[INFO] 
[INFO] --- resources:3.3.1:resources (default-resources) @ academic-service ---
[INFO] Copying 1 resource from src/main/resources to target/classes
[INFO] Copying 0 resource from src/main/resources to target/classes
[INFO] 
[INFO] --- compiler:3.11.0:compile (default-compile) @ academic-service ---
[INFO] Nothing to compile - all classes are up to date
[INFO] 
[INFO] --- resources:3.3.1:testResources (default-testResources) @ academic-service ---
[INFO] skip non existing resourceDirectory /Users/bytecode/.gemini/antigravity/scratch/Bytecode-Trainings/backend/academic-service/src/test/resources
[INFO] 
[INFO] --- compiler:3.11.0:testCompile (default-testCompile) @ academic-service ---
[INFO] Nothing to compile - all classes are up to date
[INFO] 
[INFO] <<< spring-boot:3.2.5:run (default-cli) < test-compile @ academic-service <<<
[INFO] 
[INFO] 
[INFO] --- spring-boot:3.2.5:run (default-cli) @ academic-service ---
[INFO] Attaching agents: []

  .   ____          _            __ _ _
 /\\ / ___'_ __ _ _(_)_ __  __ _ \ \ \ \
( ( )\___ | '_ | '_| | '_ \/ _` | \ \ \ \
 \\/  ___)| |_)| | | | | || (_| |  ) ) ) )
  '  |____| .__|_| |_|_| |_\__, | / / / /
 =========|_|==============|___/=/_/_/_/
 :: Spring Boot ::                (v3.2.5)

2026-03-25T13:49:33.157+05:30  INFO 99702 --- [academic-service] [           main] c.b.academic.AcademicServiceApplication  : Starting AcademicServiceApplication using Java 21.0.7 with PID 99702 (/Users/bytecode/.gemini/antigravity/scratch/Bytecode-Trainings/backend/academic-service/target/classes started by bytecode in /Users/bytecode/.gemini/antigravity/scratch/Bytecode-Trainings/backend/academic-service)
2026-03-25T13:49:33.159+05:30  INFO 99702 --- [academic-service] [           main] c.b.academic.AcademicServiceApplication  : No active profile set, falling back to 1 default profile: "default"
2026-03-25T13:49:33.423+05:30  INFO 99702 --- [academic-service] [           main] .s.d.r.c.RepositoryConfigurationDelegate : Bootstrapping Spring Data MongoDB repositories in DEFAULT mode.
2026-03-25T13:49:33.500+05:30  INFO 99702 --- [academic-service] [           main] .s.d.r.c.RepositoryConfigurationDelegate : Finished Spring Data repository scanning in 75 ms. Found 8 MongoDB repository interfaces.
2026-03-25T13:49:33.600+05:30  INFO 99702 --- [academic-service] [           main] o.s.cloud.context.scope.GenericScope     : BeanFactory id=b5ed342b-c08e-399d-9c29-fe87c091e0e6
2026-03-25T13:49:33.629+05:30  WARN 99702 --- [academic-service] [           main] trationDelegate$BeanPostProcessorChecker : Bean 'org.springframework.cloud.client.loadbalancer.LoadBalancerAutoConfiguration$DeferringLoadBalancerInterceptorConfig' of type [org.springframework.cloud.client.loadbalancer.LoadBalancerAutoConfiguration$DeferringLoadBalancerInterceptorConfig] is not eligible for getting processed by all BeanPostProcessors (for example: not eligible for auto-proxying). The currently created BeanPostProcessor [lbRestClientPostProcessor] is declared through a non-static factory method on that class; consider declaring it as static instead.
2026-03-25T13:49:33.630+05:30  WARN 99702 --- [academic-service] [           main] trationDelegate$BeanPostProcessorChecker : Bean 'deferringLoadBalancerInterceptor' of type [org.springframework.cloud.client.loadbalancer.DeferringLoadBalancerInterceptor] is not eligible for getting processed by all BeanPostProcessors (for example: not eligible for auto-proxying). Is this bean getting eagerly injected into a currently created BeanPostProcessor [lbRestClientPostProcessor]? Check the corresponding BeanPostProcessor declaration and its dependencies.
2026-03-25T13:49:33.723+05:30  INFO 99702 --- [academic-service] [           main] o.s.b.w.embedded.tomcat.TomcatWebServer  : Tomcat initialized with port 8089 (http)
2026-03-25T13:49:33.730+05:30  INFO 99702 --- [academic-service] [           main] o.apache.catalina.core.StandardService   : Starting service [Tomcat]
2026-03-25T13:49:33.731+05:30  INFO 99702 --- [academic-service] [           main] o.apache.catalina.core.StandardEngine    : Starting Servlet engine: [Apache Tomcat/10.1.20]
2026-03-25T13:49:33.760+05:30  INFO 99702 --- [academic-service] [           main] o.a.c.c.C.[Tomcat].[localhost].[/]       : Initializing Spring embedded WebApplicationContext
2026-03-25T13:49:33.760+05:30  INFO 99702 --- [academic-service] [           main] w.s.c.ServletWebServerApplicationContext : Root WebApplicationContext: initialization completed in 582 ms
2026-03-25T13:49:33.892+05:30  INFO 99702 --- [academic-service] [           main] org.mongodb.driver.client                : MongoClient with metadata {"driver": {"name": "mongo-java-driver|sync|spring-boot", "version": "4.11.2"}, "os": {"type": "Darwin", "name": "Mac OS X", "architecture": "aarch64", "version": "15.7.4"}, "platform": "Java/Eclipse Adoptium/21.0.7+6-LTS"} created with settings MongoClientSettings{readPreference=primary, writeConcern=WriteConcern{w=null, wTimeout=null ms, journal=null}, retryWrites=true, retryReads=true, readConcern=ReadConcern{level=null}, credential=MongoCredential{mechanism=null, userName='BytecodeTrainings', source='admin', password=<hidden>, mechanismProperties=<hidden>}, transportSettings=null, streamFactoryFactory=null, commandListeners=[], codecRegistry=ProvidersCodecRegistry{codecProviders=[ValueCodecProvider{}, BsonValueCodecProvider{}, DBRefCodecProvider{}, DBObjectCodecProvider{}, DocumentCodecProvider{}, CollectionCodecProvider{}, IterableCodecProvider{}, MapCodecProvider{}, GeoJsonCodecProvider{}, GridFSFileCodecProvider{}, Jsr310CodecProvider{}, JsonObjectCodecProvider{}, BsonCodecProvider{}, EnumCodecProvider{}, com.mongodb.client.model.mql.ExpressionCodecProvider@d13960e, com.mongodb.Jep395RecordCodecProvider@27f3f512, com.mongodb.KotlinCodecProvider@5e593b08]}, loggerSettings=LoggerSettings{maxDocumentLength=1000}, clusterSettings={hosts=[127.0.0.1:27017], srvHost=bytecodetrainings.4nosy2u.mongodb.net, srvServiceName=mongodb, mode=MULTIPLE, requiredClusterType=REPLICA_SET, requiredReplicaSetName='atlas-hy5sqn-shard-0', serverSelector='null', clusterListeners='[]', serverSelectionTimeout='30000 ms', localThreshold='15 ms'}, socketSettings=SocketSettings{connectTimeoutMS=10000, readTimeoutMS=0, receiveBufferSize=0, proxySettings=ProxySettings{host=null, port=null, username=null, password=null}}, heartbeatSocketSettings=SocketSettings{connectTimeoutMS=10000, readTimeoutMS=10000, receiveBufferSize=0, proxySettings=ProxySettings{host=null, port=null, username=null, password=null}}, connectionPoolSettings=ConnectionPoolSettings{maxSize=100, minSize=0, maxWaitTimeMS=120000, maxConnectionLifeTimeMS=0, maxConnectionIdleTimeMS=0, maintenanceInitialDelayMS=0, maintenanceFrequencyMS=60000, connectionPoolListeners=[], maxConnecting=2}, serverSettings=ServerSettings{heartbeatFrequencyMS=10000, minHeartbeatFrequencyMS=500, serverListeners='[]', serverMonitorListeners='[]'}, sslSettings=SslSettings{enabled=true, invalidHostNameAllowed=false, context=null}, applicationName='null', compressorList=[], uuidRepresentation=JAVA_LEGACY, serverApi=null, autoEncryptionSettings=null, dnsClient=null, inetAddressResolver=null, contextProvider=null}
2026-03-25T13:49:33.922+05:30  INFO 99702 --- [academic-service] [y2u.mongodb.net] org.mongodb.driver.cluster               : Adding discovered server ac-3mufzp1-shard-00-00.4nosy2u.mongodb.net:27017 to client view of cluster
2026-03-25T13:49:33.933+05:30  INFO 99702 --- [academic-service] [y2u.mongodb.net] org.mongodb.driver.cluster               : Adding discovered server ac-3mufzp1-shard-00-01.4nosy2u.mongodb.net:27017 to client view of cluster
2026-03-25T13:49:33.934+05:30  INFO 99702 --- [academic-service] [y2u.mongodb.net] org.mongodb.driver.cluster               : Adding discovered server ac-3mufzp1-shard-00-02.4nosy2u.mongodb.net:27017 to client view of cluster
2026-03-25T13:49:34.304+05:30  INFO 99702 --- [academic-service] [ngodb.net:27017] org.mongodb.driver.cluster               : Monitor thread successfully connected to server with description ServerDescription{address=ac-3mufzp1-shard-00-02.4nosy2u.mongodb.net:27017, type=REPLICA_SET_SECONDARY, state=CONNECTED, ok=true, minWireVersion=0, maxWireVersion=25, maxDocumentSize=16777216, logicalSessionTimeoutMinutes=30, roundTripTimeNanos=165448250, setName='atlas-hy5sqn-shard-0', canonicalAddress=ac-3mufzp1-shard-00-02.4nosy2u.mongodb.net:27017, hosts=[ac-3mufzp1-shard-00-00.4nosy2u.mongodb.net:27017, ac-3mufzp1-shard-00-02.4nosy2u.mongodb.net:27017, ac-3mufzp1-shard-00-01.4nosy2u.mongodb.net:27017], passives=[], arbiters=[], primary='ac-3mufzp1-shard-00-01.4nosy2u.mongodb.net:27017', tagSet=TagSet{[Tag{name='availabilityZone', value='aps1-az2'}, Tag{name='diskState', value='READY'}, Tag{name='nodeType', value='ELECTABLE'}, Tag{name='provider', value='AWS'}, Tag{name='region', value='AP_SOUTH_1'}, Tag{name='workloadType', value='OPERATIONAL'}]}, electionId=null, setVersion=46, topologyVersion=TopologyVersion{processId=69b31436cf980eb974c6b7c1, counter=3}, lastWriteDate=Wed Mar 25 13:49:34 IST 2026, lastUpdateTimeNanos=122326285474375}
2026-03-25T13:49:34.304+05:30  INFO 99702 --- [academic-service] [ngodb.net:27017] org.mongodb.driver.cluster               : Monitor thread successfully connected to server with description ServerDescription{address=ac-3mufzp1-shard-00-00.4nosy2u.mongodb.net:27017, type=REPLICA_SET_SECONDARY, state=CONNECTED, ok=true, minWireVersion=0, maxWireVersion=25, maxDocumentSize=16777216, logicalSessionTimeoutMinutes=30, roundTripTimeNanos=165450791, setName='atlas-hy5sqn-shard-0', canonicalAddress=ac-3mufzp1-shard-00-00.4nosy2u.mongodb.net:27017, hosts=[ac-3mufzp1-shard-00-00.4nosy2u.mongodb.net:27017, ac-3mufzp1-shard-00-02.4nosy2u.mongodb.net:27017, ac-3mufzp1-shard-00-01.4nosy2u.mongodb.net:27017], passives=[], arbiters=[], primary='ac-3mufzp1-shard-00-01.4nosy2u.mongodb.net:27017', tagSet=TagSet{[Tag{name='availabilityZone', value='aps1-az1'}, Tag{name='diskState', value='READY'}, Tag{name='nodeType', value='ELECTABLE'}, Tag{name='provider', value='AWS'}, Tag{name='region', value='AP_SOUTH_1'}, Tag{name='workloadType', value='OPERATIONAL'}]}, electionId=null, setVersion=46, topologyVersion=TopologyVersion{processId=69b30edff67384ce6d9efce1, counter=4}, lastWriteDate=Wed Mar 25 13:49:34 IST 2026, lastUpdateTimeNanos=122326285477916}
2026-03-25T13:49:34.304+05:30  INFO 99702 --- [academic-service] [ngodb.net:27017] org.mongodb.driver.cluster               : Monitor thread successfully connected to server with description ServerDescription{address=ac-3mufzp1-shard-00-01.4nosy2u.mongodb.net:27017, type=REPLICA_SET_PRIMARY, state=CONNECTED, ok=true, minWireVersion=0, maxWireVersion=25, maxDocumentSize=16777216, logicalSessionTimeoutMinutes=30, roundTripTimeNanos=165462333, setName='atlas-hy5sqn-shard-0', canonicalAddress=ac-3mufzp1-shard-00-01.4nosy2u.mongodb.net:27017, hosts=[ac-3mufzp1-shard-00-00.4nosy2u.mongodb.net:27017, ac-3mufzp1-shard-00-02.4nosy2u.mongodb.net:27017, ac-3mufzp1-shard-00-01.4nosy2u.mongodb.net:27017], passives=[], arbiters=[], primary='ac-3mufzp1-shard-00-01.4nosy2u.mongodb.net:27017', tagSet=TagSet{[Tag{name='availabilityZone', value='aps1-az3'}, Tag{name='diskState', value='READY'}, Tag{name='nodeType', value='ELECTABLE'}, Tag{name='provider', value='AWS'}, Tag{name='region', value='AP_SOUTH_1'}, Tag{name='workloadType', value='OPERATIONAL'}]}, electionId=7fffffff00000000000000ca, setVersion=46, topologyVersion=TopologyVersion{processId=69b311797648454b51f7c7a8, counter=6}, lastWriteDate=Wed Mar 25 13:49:34 IST 2026, lastUpdateTimeNanos=122326285474375}
2026-03-25T13:49:34.307+05:30  INFO 99702 --- [academic-service] [ngodb.net:27017] org.mongodb.driver.cluster               : Discovered replica set primary ac-3mufzp1-shard-00-01.4nosy2u.mongodb.net:27017 with max election id 7fffffff00000000000000ca and max set version 46
2026-03-25T13:49:34.334+05:30  INFO 99702 --- [academic-service] [           main] DiscoveryClientOptionalArgsConfiguration : Eureka HTTP Client uses RestTemplate.
2026-03-25T13:49:34.348+05:30  WARN 99702 --- [academic-service] [           main] iguration$LoadBalancerCaffeineWarnLogger : Spring Cloud LoadBalancer is currently working with the default cache. While this cache implementation is useful for development and tests, it's recommended to use Caffeine cache in production.You can switch to using Caffeine cache, by adding it and org.springframework.cache.caffeine.CaffeineCacheManager to the classpath.
2026-03-25T13:49:34.358+05:30  INFO 99702 --- [academic-service] [           main] o.s.c.n.eureka.InstanceInfoFactory       : Setting initial instance status as: STARTING
2026-03-25T13:49:34.407+05:30  INFO 99702 --- [academic-service] [           main] com.netflix.discovery.DiscoveryClient    : Initializing Eureka in region us-east-1
2026-03-25T13:49:34.409+05:30  INFO 99702 --- [academic-service] [           main] c.n.d.s.r.aws.ConfigClusterResolver      : Resolving eureka endpoints via configuration
2026-03-25T13:49:34.419+05:30  INFO 99702 --- [academic-service] [           main] com.netflix.discovery.DiscoveryClient    : Disable delta property : false
2026-03-25T13:49:34.419+05:30  INFO 99702 --- [academic-service] [           main] com.netflix.discovery.DiscoveryClient    : Single vip registry refresh property : null
2026-03-25T13:49:34.419+05:30  INFO 99702 --- [academic-service] [           main] com.netflix.discovery.DiscoveryClient    : Force full registry fetch : false
2026-03-25T13:49:34.419+05:30  INFO 99702 --- [academic-service] [           main] com.netflix.discovery.DiscoveryClient    : Application is null : false
2026-03-25T13:49:34.419+05:30  INFO 99702 --- [academic-service] [           main] com.netflix.discovery.DiscoveryClient    : Registered Applications size is zero : true
2026-03-25T13:49:34.419+05:30  INFO 99702 --- [academic-service] [           main] com.netflix.discovery.DiscoveryClient    : Application version is -1: true
2026-03-25T13:49:34.419+05:30  INFO 99702 --- [academic-service] [           main] com.netflix.discovery.DiscoveryClient    : Getting all instance registry info from the eureka server
2026-03-25T13:49:34.537+05:30  INFO 99702 --- [academic-service] [           main] com.netflix.discovery.DiscoveryClient    : The response status is 200
2026-03-25T13:49:34.538+05:30  INFO 99702 --- [academic-service] [           main] com.netflix.discovery.DiscoveryClient    : Starting heartbeat executor: renew interval is: 30
2026-03-25T13:49:34.539+05:30  INFO 99702 --- [academic-service] [           main] c.n.discovery.InstanceInfoReplicator     : InstanceInfoReplicator onDemand update allowed rate per min is 4
2026-03-25T13:49:34.541+05:30  INFO 99702 --- [academic-service] [           main] com.netflix.discovery.DiscoveryClient    : Discovery Client initialized at timestamp 1774426774541 with initial instances count: 9
2026-03-25T13:49:34.542+05:30  INFO 99702 --- [academic-service] [           main] o.s.c.n.e.s.EurekaServiceRegistry        : Registering application ACADEMIC-SERVICE with eureka with status UP
2026-03-25T13:49:34.542+05:30  INFO 99702 --- [academic-service] [           main] com.netflix.discovery.DiscoveryClient    : Saw local status change event StatusChangeEvent [timestamp=1774426774542, current=UP, previous=STARTING]
2026-03-25T13:49:34.542+05:30  INFO 99702 --- [academic-service] [nfoReplicator-0] com.netflix.discovery.DiscoveryClient    : DiscoveryClient_ACADEMIC-SERVICE/192.168.0.207:academic-service:8089: registering service...
2026-03-25T13:49:34.546+05:30  INFO 99702 --- [academic-service] [           main] o.s.b.w.embedded.tomcat.TomcatWebServer  : Tomcat started on port 8089 (http) with context path ''
2026-03-25T13:49:34.547+05:30  INFO 99702 --- [academic-service] [           main] .s.c.n.e.s.EurekaAutoServiceRegistration : Updating port to 8089
2026-03-25T13:49:34.553+05:30  INFO 99702 --- [academic-service] [           main] c.b.academic.AcademicServiceApplication  : Started AcademicServiceApplication in 1.593 seconds (process running for 1.756)
2026-03-25T13:49:34.555+05:30  INFO 99702 --- [academic-service] [           main] c.b.a.config.ComprehensiveDataSeeder     : 🚀 Starting Comprehensive Data Seeder...
2026-03-25T13:49:34.569+05:30  INFO 99702 --- [academic-service] [nfoReplicator-0] com.netflix.discovery.DiscoveryClient    : DiscoveryClient_ACADEMIC-SERVICE/192.168.0.207:academic-service:8089 - registration status: 204
2026-03-25T13:49:34.677+05:30  INFO 99702 --- [academic-service] [           main] c.b.a.config.ComprehensiveDataSeeder     : ✅ Found 12 students and 1 trainers
2026-03-25T13:49:34.716+05:30  INFO 99702 --- [academic-service] [           main] c.b.a.config.ComprehensiveDataSeeder     : ✅ Found 3 courses
2026-03-25T13:49:34.962+05:30  INFO 99702 --- [academic-service] [           main] c.b.a.config.ComprehensiveDataSeeder     : ✅ ALL DEMO DATA REMOVED. Database is now clean for use.
2026-03-25T13:50:02.816+05:30  INFO 99702 --- [academic-service] [nio-8089-exec-2] o.a.c.c.C.[Tomcat].[localhost].[/]       : Initializing Spring DispatcherServlet 'dispatcherServlet'
2026-03-25T13:50:02.816+05:30  INFO 99702 --- [academic-service] [nio-8089-exec-2] o.s.web.servlet.DispatcherServlet        : Initializing Servlet 'dispatcherServlet'
2026-03-25T13:50:02.819+05:30  INFO 99702 --- [academic-service] [nio-8089-exec-2] o.s.web.servlet.DispatcherServlet        : Completed initialization in 3 ms
2026-03-25T13:54:34.426+05:30  INFO 99702 --- [academic-service] [trap-executor-0] c.n.d.s.r.aws.ConfigClusterResolver      : Resolving eureka endpoints via configuration
2026-03-25T13:59:34.431+05:30  INFO 99702 --- [academic-service] [trap-executor-0] c.n.d.s.r.aws.ConfigClusterResolver      : Resolving eureka endpoints via configuration
2026-03-25T14:04:34.438+05:30  INFO 99702 --- [academic-service] [trap-executor-0] c.n.d.s.r.aws.ConfigClusterResolver      : Resolving eureka endpoints via configuration
2026-03-25T14:09:34.436+05:30  INFO 99702 --- [academic-service] [trap-executor-0] c.n.d.s.r.aws.ConfigClusterResolver      : Resolving eureka endpoints via configuration
2026-03-25T14:14:34.437+05:30  INFO 99702 --- [academic-service] [trap-executor-0] c.n.d.s.r.aws.ConfigClusterResolver      : Resolving eureka endpoints via configuration
2026-03-25T14:19:34.420+05:30  INFO 99702 --- [academic-service] [trap-executor-0] c.n.d.s.r.aws.ConfigClusterResolver      : Resolving eureka endpoints via configuration
2026-03-25T14:24:34.417+05:30  INFO 99702 --- [academic-service] [trap-executor-0] c.n.d.s.r.aws.ConfigClusterResolver      : Resolving eureka endpoints via configuration
2026-03-25T14:29:34.419+05:30  INFO 99702 --- [academic-service] [trap-executor-0] c.n.d.s.r.aws.ConfigClusterResolver      : Resolving eureka endpoints via configuration
2026-03-25T14:34:34.439+05:30  INFO 99702 --- [academic-service] [trap-executor-0] c.n.d.s.r.aws.ConfigClusterResolver      : Resolving eureka endpoints via configuration
2026-03-25T14:39:34.439+05:30  INFO 99702 --- [academic-service] [trap-executor-0] c.n.d.s.r.aws.ConfigClusterResolver      : Resolving eureka endpoints via configuration
2026-03-25T14:44:34.438+05:30  INFO 99702 --- [academic-service] [trap-executor-0] c.n.d.s.r.aws.ConfigClusterResolver      : Resolving eureka endpoints via configuration
2026-03-25T14:49:34.462+05:30  INFO 99702 --- [academic-service] [trap-executor-0] c.n.d.s.r.aws.ConfigClusterResolver      : Resolving eureka endpoints via configuration
2026-03-25T14:54:34.476+05:30  INFO 99702 --- [academic-service] [trap-executor-0] c.n.d.s.r.aws.ConfigClusterResolver      : Resolving eureka endpoints via configuration
2026-03-25T14:59:34.479+05:30  INFO 99702 --- [academic-service] [trap-executor-0] c.n.d.s.r.aws.ConfigClusterResolver      : Resolving eureka endpoints via configuration
2026-03-25T15:04:34.443+05:30  INFO 99702 --- [academic-service] [trap-executor-0] c.n.d.s.r.aws.ConfigClusterResolver      : Resolving eureka endpoints via configuration
2026-03-25T15:09:34.449+05:30  INFO 99702 --- [academic-service] [trap-executor-0] c.n.d.s.r.aws.ConfigClusterResolver      : Resolving eureka endpoints via configuration
2026-03-25T15:14:34.454+05:30  INFO 99702 --- [academic-service] [trap-executor-0] c.n.d.s.r.aws.ConfigClusterResolver      : Resolving eureka endpoints via configuration
2026-03-25T15:19:34.444+05:30  INFO 99702 --- [academic-service] [trap-executor-0] c.n.d.s.r.aws.ConfigClusterResolver      : Resolving eureka endpoints via configuration
2026-03-25T15:24:34.444+05:30  INFO 99702 --- [academic-service] [trap-executor-0] c.n.d.s.r.aws.ConfigClusterResolver      : Resolving eureka endpoints via configuration
2026-03-25T15:29:34.441+05:30  INFO 99702 --- [academic-service] [trap-executor-0] c.n.d.s.r.aws.ConfigClusterResolver      : Resolving eureka endpoints via configuration
2026-03-25T15:34:34.457+05:30  INFO 99702 --- [academic-service] [trap-executor-0] c.n.d.s.r.aws.ConfigClusterResolver      : Resolving eureka endpoints via configuration
2026-03-25T15:39:34.464+05:30  INFO 99702 --- [academic-service] [trap-executor-0] c.n.d.s.r.aws.ConfigClusterResolver      : Resolving eureka endpoints via configuration
2026-03-25T15:44:34.463+05:30  INFO 99702 --- [academic-service] [trap-executor-0] c.n.d.s.r.aws.ConfigClusterResolver      : Resolving eureka endpoints via configuration
2026-03-25T15:49:34.473+05:30  INFO 99702 --- [academic-service] [trap-executor-0] c.n.d.s.r.aws.ConfigClusterResolver      : Resolving eureka endpoints via configuration
2026-03-25T15:54:34.484+05:30  INFO 99702 --- [academic-service] [trap-executor-0] c.n.d.s.r.aws.ConfigClusterResolver      : Resolving eureka endpoints via configuration
2026-03-25T15:59:34.487+05:30  INFO 99702 --- [academic-service] [trap-executor-0] c.n.d.s.r.aws.ConfigClusterResolver      : Resolving eureka endpoints via configuration
2026-03-25T16:06:14.387+05:30  INFO 99702 --- [academic-service] [ngodb.net:27017] org.mongodb.driver.cluster               : Exception in monitor thread while connecting to server ac-3mufzp1-shard-00-01.4nosy2u.mongodb.net:27017

com.mongodb.MongoSocketReadTimeoutException: Timeout while receiving message
	at com.mongodb.internal.connection.InternalStreamConnection.translateReadException(InternalStreamConnection.java:728) ~[mongodb-driver-core-4.11.2.jar:na]
	at com.mongodb.internal.connection.InternalStreamConnection.receiveMessageWithAdditionalTimeout(InternalStreamConnection.java:606) ~[mongodb-driver-core-4.11.2.jar:na]
	at com.mongodb.internal.connection.InternalStreamConnection.receiveCommandMessageResponse(InternalStreamConnection.java:451) ~[mongodb-driver-core-4.11.2.jar:na]
	at com.mongodb.internal.connection.InternalStreamConnection.receive(InternalStreamConnection.java:404) ~[mongodb-driver-core-4.11.2.jar:na]
	at com.mongodb.internal.connection.DefaultServerMonitor$ServerMonitorRunnable.lookupServerDescription(DefaultServerMonitor.java:221) ~[mongodb-driver-core-4.11.2.jar:na]
	at com.mongodb.internal.connection.DefaultServerMonitor$ServerMonitorRunnable.run(DefaultServerMonitor.java:153) ~[mongodb-driver-core-4.11.2.jar:na]
	at java.base/java.lang.Thread.run(Thread.java:1583) ~[na:na]
Caused by: java.net.SocketTimeoutException: Read timed out
	at java.base/sun.nio.ch.NioSocketImpl.timedRead(NioSocketImpl.java:278) ~[na:na]
	at java.base/sun.nio.ch.NioSocketImpl.implRead(NioSocketImpl.java:304) ~[na:na]
	at java.base/sun.nio.ch.NioSocketImpl.read(NioSocketImpl.java:346) ~[na:na]
	at java.base/sun.nio.ch.NioSocketImpl$1.read(NioSocketImpl.java:796) ~[na:na]
	at java.base/java.net.Socket$SocketInputStream.read(Socket.java:1099) ~[na:na]
	at java.base/sun.security.ssl.SSLSocketInputRecord.read(SSLSocketInputRecord.java:489) ~[na:na]
	at java.base/sun.security.ssl.SSLSocketInputRecord.readHeader(SSLSocketInputRecord.java:483) ~[na:na]
	at java.base/sun.security.ssl.SSLSocketInputRecord.bytesInCompletePacket(SSLSocketInputRecord.java:70) ~[na:na]
	at java.base/sun.security.ssl.SSLSocketImpl.readApplicationRecord(SSLSocketImpl.java:1461) ~[na:na]
	at java.base/sun.security.ssl.SSLSocketImpl$AppInputStream.read(SSLSocketImpl.java:1066) ~[na:na]
	at com.mongodb.internal.connection.SocketStream.read(SocketStream.java:175) ~[mongodb-driver-core-4.11.2.jar:na]
	at com.mongodb.internal.connection.SocketStream.read(SocketStream.java:200) ~[mongodb-driver-core-4.11.2.jar:na]
	at com.mongodb.internal.connection.InternalStreamConnection.receiveResponseBuffers(InternalStreamConnection.java:739) ~[mongodb-driver-core-4.11.2.jar:na]
	at com.mongodb.internal.connection.InternalStreamConnection.receiveMessageWithAdditionalTimeout(InternalStreamConnection.java:603) ~[mongodb-driver-core-4.11.2.jar:na]
	... 5 common frames omitted

2026-03-25T16:06:15.172+05:30  INFO 99702 --- [academic-service] [ngodb.net:27017] org.mongodb.driver.cluster               : Monitor thread successfully connected to server with description ServerDescription{address=ac-3mufzp1-shard-00-01.4nosy2u.mongodb.net:27017, type=REPLICA_SET_PRIMARY, state=CONNECTED, ok=true, minWireVersion=0, maxWireVersion=25, maxDocumentSize=16777216, logicalSessionTimeoutMinutes=30, roundTripTimeNanos=472451916, setName='atlas-hy5sqn-shard-0', canonicalAddress=ac-3mufzp1-shard-00-01.4nosy2u.mongodb.net:27017, hosts=[ac-3mufzp1-shard-00-00.4nosy2u.mongodb.net:27017, ac-3mufzp1-shard-00-02.4nosy2u.mongodb.net:27017, ac-3mufzp1-shard-00-01.4nosy2u.mongodb.net:27017], passives=[], arbiters=[], primary='ac-3mufzp1-shard-00-01.4nosy2u.mongodb.net:27017', tagSet=TagSet{[Tag{name='availabilityZone', value='aps1-az3'}, Tag{name='diskState', value='READY'}, Tag{name='nodeType', value='ELECTABLE'}, Tag{name='provider', value='AWS'}, Tag{name='region', value='AP_SOUTH_1'}, Tag{name='workloadType', value='OPERATIONAL'}]}, electionId=7fffffff00000000000000ca, setVersion=46, topologyVersion=TopologyVersion{processId=69b311797648454b51f7c7a8, counter=6}, lastWriteDate=Wed Mar 25 16:06:15 IST 2026, lastUpdateTimeNanos=130310231630458}
2026-03-25T16:06:15.173+05:30  INFO 99702 --- [academic-service] [ngodb.net:27017] org.mongodb.driver.cluster               : Discovered replica set primary ac-3mufzp1-shard-00-01.4nosy2u.mongodb.net:27017 with max election id 7fffffff00000000000000ca and max set version 46
2026-03-25T16:06:16.184+05:30  INFO 99702 --- [academic-service] [ngodb.net:27017] org.mongodb.driver.cluster               : Exception in monitor thread while connecting to server ac-3mufzp1-shard-00-00.4nosy2u.mongodb.net:27017

com.mongodb.MongoSocketReadTimeoutException: Timeout while receiving message
	at com.mongodb.internal.connection.InternalStreamConnection.translateReadException(InternalStreamConnection.java:728) ~[mongodb-driver-core-4.11.2.jar:na]
	at com.mongodb.internal.connection.InternalStreamConnection.receiveMessageWithAdditionalTimeout(InternalStreamConnection.java:606) ~[mongodb-driver-core-4.11.2.jar:na]
	at com.mongodb.internal.connection.InternalStreamConnection.receiveCommandMessageResponse(InternalStreamConnection.java:451) ~[mongodb-driver-core-4.11.2.jar:na]
	at com.mongodb.internal.connection.InternalStreamConnection.receive(InternalStreamConnection.java:404) ~[mongodb-driver-core-4.11.2.jar:na]
	at com.mongodb.internal.connection.DefaultServerMonitor$ServerMonitorRunnable.lookupServerDescription(DefaultServerMonitor.java:221) ~[mongodb-driver-core-4.11.2.jar:na]
	at com.mongodb.internal.connection.DefaultServerMonitor$ServerMonitorRunnable.run(DefaultServerMonitor.java:153) ~[mongodb-driver-core-4.11.2.jar:na]
	at java.base/java.lang.Thread.run(Thread.java:1583) ~[na:na]
Caused by: java.net.SocketTimeoutException: Read timed out
	at java.base/sun.nio.ch.NioSocketImpl.timedRead(NioSocketImpl.java:278) ~[na:na]
	at java.base/sun.nio.ch.NioSocketImpl.implRead(NioSocketImpl.java:304) ~[na:na]
	at java.base/sun.nio.ch.NioSocketImpl.read(NioSocketImpl.java:346) ~[na:na]
	at java.base/sun.nio.ch.NioSocketImpl$1.read(NioSocketImpl.java:796) ~[na:na]
	at java.base/java.net.Socket$SocketInputStream.read(Socket.java:1099) ~[na:na]
	at java.base/sun.security.ssl.SSLSocketInputRecord.read(SSLSocketInputRecord.java:489) ~[na:na]
	at java.base/sun.security.ssl.SSLSocketInputRecord.readHeader(SSLSocketInputRecord.java:483) ~[na:na]
	at java.base/sun.security.ssl.SSLSocketInputRecord.bytesInCompletePacket(SSLSocketInputRecord.java:70) ~[na:na]
	at java.base/sun.security.ssl.SSLSocketImpl.readApplicationRecord(SSLSocketImpl.java:1461) ~[na:na]
	at java.base/sun.security.ssl.SSLSocketImpl$AppInputStream.read(SSLSocketImpl.java:1066) ~[na:na]
	at com.mongodb.internal.connection.SocketStream.read(SocketStream.java:175) ~[mongodb-driver-core-4.11.2.jar:na]
	at com.mongodb.internal.connection.SocketStream.read(SocketStream.java:200) ~[mongodb-driver-core-4.11.2.jar:na]
	at com.mongodb.internal.connection.InternalStreamConnection.receiveResponseBuffers(InternalStreamConnection.java:739) ~[mongodb-driver-core-4.11.2.jar:na]
	at com.mongodb.internal.connection.InternalStreamConnection.receiveMessageWithAdditionalTimeout(InternalStreamConnection.java:603) ~[mongodb-driver-core-4.11.2.jar:na]
	... 5 common frames omitted

2026-03-25T16:06:16.608+05:30  INFO 99702 --- [academic-service] [ngodb.net:27017] org.mongodb.driver.cluster               : Monitor thread successfully connected to server with description ServerDescription{address=ac-3mufzp1-shard-00-00.4nosy2u.mongodb.net:27017, type=REPLICA_SET_SECONDARY, state=CONNECTED, ok=true, minWireVersion=0, maxWireVersion=25, maxDocumentSize=16777216, logicalSessionTimeoutMinutes=30, roundTripTimeNanos=208683292, setName='atlas-hy5sqn-shard-0', canonicalAddress=ac-3mufzp1-shard-00-00.4nosy2u.mongodb.net:27017, hosts=[ac-3mufzp1-shard-00-00.4nosy2u.mongodb.net:27017, ac-3mufzp1-shard-00-02.4nosy2u.mongodb.net:27017, ac-3mufzp1-shard-00-01.4nosy2u.mongodb.net:27017], passives=[], arbiters=[], primary='ac-3mufzp1-shard-00-01.4nosy2u.mongodb.net:27017', tagSet=TagSet{[Tag{name='availabilityZone', value='aps1-az1'}, Tag{name='diskState', value='READY'}, Tag{name='nodeType', value='ELECTABLE'}, Tag{name='provider', value='AWS'}, Tag{name='region', value='AP_SOUTH_1'}, Tag{name='workloadType', value='OPERATIONAL'}]}, electionId=null, setVersion=46, topologyVersion=TopologyVersion{processId=69b30edff67384ce6d9efce1, counter=4}, lastWriteDate=Wed Mar 25 16:06:16 IST 2026, lastUpdateTimeNanos=130311675376791}
2026-03-25T16:06:16.653+05:30  INFO 99702 --- [academic-service] [ngodb.net:27017] org.mongodb.driver.cluster               : Exception in monitor thread while connecting to server ac-3mufzp1-shard-00-02.4nosy2u.mongodb.net:27017

com.mongodb.MongoSocketReadTimeoutException: Timeout while receiving message
	at com.mongodb.internal.connection.InternalStreamConnection.translateReadException(InternalStreamConnection.java:728) ~[mongodb-driver-core-4.11.2.jar:na]
	at com.mongodb.internal.connection.InternalStreamConnection.receiveMessageWithAdditionalTimeout(InternalStreamConnection.java:606) ~[mongodb-driver-core-4.11.2.jar:na]
	at com.mongodb.internal.connection.InternalStreamConnection.receiveCommandMessageResponse(InternalStreamConnection.java:451) ~[mongodb-driver-core-4.11.2.jar:na]
	at com.mongodb.internal.connection.InternalStreamConnection.receive(InternalStreamConnection.java:404) ~[mongodb-driver-core-4.11.2.jar:na]
	at com.mongodb.internal.connection.DefaultServerMonitor$ServerMonitorRunnable.lookupServerDescription(DefaultServerMonitor.java:221) ~[mongodb-driver-core-4.11.2.jar:na]
	at com.mongodb.internal.connection.DefaultServerMonitor$ServerMonitorRunnable.run(DefaultServerMonitor.java:153) ~[mongodb-driver-core-4.11.2.jar:na]
	at java.base/java.lang.Thread.run(Thread.java:1583) ~[na:na]
Caused by: java.net.SocketTimeoutException: Read timed out
	at java.base/sun.nio.ch.NioSocketImpl.timedRead(NioSocketImpl.java:278) ~[na:na]
	at java.base/sun.nio.ch.NioSocketImpl.implRead(NioSocketImpl.java:304) ~[na:na]
	at java.base/sun.nio.ch.NioSocketImpl.read(NioSocketImpl.java:346) ~[na:na]
	at java.base/sun.nio.ch.NioSocketImpl$1.read(NioSocketImpl.java:796) ~[na:na]
	at java.base/java.net.Socket$SocketInputStream.read(Socket.java:1099) ~[na:na]
	at java.base/sun.security.ssl.SSLSocketInputRecord.read(SSLSocketInputRecord.java:489) ~[na:na]
	at java.base/sun.security.ssl.SSLSocketInputRecord.readHeader(SSLSocketInputRecord.java:483) ~[na:na]
	at java.base/sun.security.ssl.SSLSocketInputRecord.bytesInCompletePacket(SSLSocketInputRecord.java:70) ~[na:na]
	at java.base/sun.security.ssl.SSLSocketImpl.readApplicationRecord(SSLSocketImpl.java:1461) ~[na:na]
	at java.base/sun.security.ssl.SSLSocketImpl$AppInputStream.read(SSLSocketImpl.java:1066) ~[na:na]
	at com.mongodb.internal.connection.SocketStream.read(SocketStream.java:175) ~[mongodb-driver-core-4.11.2.jar:na]
	at com.mongodb.internal.connection.SocketStream.read(SocketStream.java:200) ~[mongodb-driver-core-4.11.2.jar:na]
	at com.mongodb.internal.connection.InternalStreamConnection.receiveResponseBuffers(InternalStreamConnection.java:739) ~[mongodb-driver-core-4.11.2.jar:na]
	at com.mongodb.internal.connection.InternalStreamConnection.receiveMessageWithAdditionalTimeout(InternalStreamConnection.java:603) ~[mongodb-driver-core-4.11.2.jar:na]
	... 5 common frames omitted

2026-03-25T16:06:17.804+05:30  INFO 99702 --- [academic-service] [ngodb.net:27017] org.mongodb.driver.cluster               : Monitor thread successfully connected to server with description ServerDescription{address=ac-3mufzp1-shard-00-02.4nosy2u.mongodb.net:27017, type=REPLICA_SET_SECONDARY, state=CONNECTED, ok=true, minWireVersion=0, maxWireVersion=25, maxDocumentSize=16777216, logicalSessionTimeoutMinutes=30, roundTripTimeNanos=87149958, setName='atlas-hy5sqn-shard-0', canonicalAddress=ac-3mufzp1-shard-00-02.4nosy2u.mongodb.net:27017, hosts=[ac-3mufzp1-shard-00-00.4nosy2u.mongodb.net:27017, ac-3mufzp1-shard-00-02.4nosy2u.mongodb.net:27017, ac-3mufzp1-shard-00-01.4nosy2u.mongodb.net:27017], passives=[], arbiters=[], primary='ac-3mufzp1-shard-00-01.4nosy2u.mongodb.net:27017', tagSet=TagSet{[Tag{name='availabilityZone', value='aps1-az2'}, Tag{name='diskState', value='READY'}, Tag{name='nodeType', value='ELECTABLE'}, Tag{name='provider', value='AWS'}, Tag{name='region', value='AP_SOUTH_1'}, Tag{name='workloadType', value='OPERATIONAL'}]}, electionId=null, setVersion=46, topologyVersion=TopologyVersion{processId=69b31436cf980eb974c6b7c1, counter=3}, lastWriteDate=Wed Mar 25 16:06:17 IST 2026, lastUpdateTimeNanos=130312871417041}
2026-03-25T16:08:11.599+05:30  INFO 99702 --- [academic-service] [trap-executor-0] c.n.d.s.r.aws.ConfigClusterResolver      : Resolving eureka endpoints via configuration
2026-03-25T16:13:11.605+05:30  INFO 99702 --- [academic-service] [trap-executor-0] c.n.d.s.r.aws.ConfigClusterResolver      : Resolving eureka endpoints via configuration
2026-03-25T16:18:11.608+05:30  INFO 99702 --- [academic-service] [trap-executor-0] c.n.d.s.r.aws.ConfigClusterResolver      : Resolving eureka endpoints via configuration
2026-03-25T16:23:11.607+05:30  INFO 99702 --- [academic-service] [trap-executor-0] c.n.d.s.r.aws.ConfigClusterResolver      : Resolving eureka endpoints via configuration
2026-03-25T16:28:11.608+05:30  INFO 99702 --- [academic-service] [trap-executor-0] c.n.d.s.r.aws.ConfigClusterResolver      : Resolving eureka endpoints via configuration
2026-03-25T16:33:11.611+05:30  INFO 99702 --- [academic-service] [trap-executor-0] c.n.d.s.r.aws.ConfigClusterResolver      : Resolving eureka endpoints via configuration
2026-03-25T16:38:11.615+05:30  INFO 99702 --- [academic-service] [trap-executor-0] c.n.d.s.r.aws.ConfigClusterResolver      : Resolving eureka endpoints via configuration
2026-03-25T16:43:11.625+05:30  INFO 99702 --- [academic-service] [trap-executor-0] c.n.d.s.r.aws.ConfigClusterResolver      : Resolving eureka endpoints via configuration
2026-03-25T16:48:11.616+05:30  INFO 99702 --- [academic-service] [trap-executor-0] c.n.d.s.r.aws.ConfigClusterResolver      : Resolving eureka endpoints via configuration
2026-03-25T17:09:54.074+05:30  INFO 99702 --- [academic-service] [ngodb.net:27017] org.mongodb.driver.cluster               : Exception in monitor thread while connecting to server ac-3mufzp1-shard-00-01.4nosy2u.mongodb.net:27017

com.mongodb.MongoSocketReadTimeoutException: Timeout while receiving message
	at com.mongodb.internal.connection.InternalStreamConnection.translateReadException(InternalStreamConnection.java:728) ~[mongodb-driver-core-4.11.2.jar:na]
	at com.mongodb.internal.connection.InternalStreamConnection.receiveMessageWithAdditionalTimeout(InternalStreamConnection.java:606) ~[mongodb-driver-core-4.11.2.jar:na]
	at com.mongodb.internal.connection.InternalStreamConnection.receiveCommandMessageResponse(InternalStreamConnection.java:451) ~[mongodb-driver-core-4.11.2.jar:na]
	at com.mongodb.internal.connection.InternalStreamConnection.receive(InternalStreamConnection.java:404) ~[mongodb-driver-core-4.11.2.jar:na]
	at com.mongodb.internal.connection.DefaultServerMonitor$ServerMonitorRunnable.lookupServerDescription(DefaultServerMonitor.java:221) ~[mongodb-driver-core-4.11.2.jar:na]
	at com.mongodb.internal.connection.DefaultServerMonitor$ServerMonitorRunnable.run(DefaultServerMonitor.java:153) ~[mongodb-driver-core-4.11.2.jar:na]
	at java.base/java.lang.Thread.run(Thread.java:1583) ~[na:na]
Caused by: java.net.SocketTimeoutException: Read timed out
	at java.base/sun.nio.ch.NioSocketImpl.timedRead(NioSocketImpl.java:278) ~[na:na]
	at java.base/sun.nio.ch.NioSocketImpl.implRead(NioSocketImpl.java:304) ~[na:na]
	at java.base/sun.nio.ch.NioSocketImpl.read(NioSocketImpl.java:346) ~[na:na]
	at java.base/sun.nio.ch.NioSocketImpl$1.read(NioSocketImpl.java:796) ~[na:na]
	at java.base/java.net.Socket$SocketInputStream.read(Socket.java:1099) ~[na:na]
	at java.base/sun.security.ssl.SSLSocketInputRecord.read(SSLSocketInputRecord.java:489) ~[na:na]
	at java.base/sun.security.ssl.SSLSocketInputRecord.readHeader(SSLSocketInputRecord.java:483) ~[na:na]
	at java.base/sun.security.ssl.SSLSocketInputRecord.bytesInCompletePacket(SSLSocketInputRecord.java:70) ~[na:na]
	at java.base/sun.security.ssl.SSLSocketImpl.readApplicationRecord(SSLSocketImpl.java:1461) ~[na:na]
	at java.base/sun.security.ssl.SSLSocketImpl$AppInputStream.read(SSLSocketImpl.java:1066) ~[na:na]
	at com.mongodb.internal.connection.SocketStream.read(SocketStream.java:175) ~[mongodb-driver-core-4.11.2.jar:na]
	at com.mongodb.internal.connection.SocketStream.read(SocketStream.java:200) ~[mongodb-driver-core-4.11.2.jar:na]
	at com.mongodb.internal.connection.InternalStreamConnection.receiveResponseBuffers(InternalStreamConnection.java:739) ~[mongodb-driver-core-4.11.2.jar:na]
	at com.mongodb.internal.connection.InternalStreamConnection.receiveMessageWithAdditionalTimeout(InternalStreamConnection.java:603) ~[mongodb-driver-core-4.11.2.jar:na]
	... 5 common frames omitted

2026-03-25T17:09:54.365+05:30  INFO 99702 --- [academic-service] [ngodb.net:27017] org.mongodb.driver.cluster               : Monitor thread successfully connected to server with description ServerDescription{address=ac-3mufzp1-shard-00-01.4nosy2u.mongodb.net:27017, type=REPLICA_SET_PRIMARY, state=CONNECTED, ok=true, minWireVersion=0, maxWireVersion=25, maxDocumentSize=16777216, logicalSessionTimeoutMinutes=30, roundTripTimeNanos=120317750, setName='atlas-hy5sqn-shard-0', canonicalAddress=ac-3mufzp1-shard-00-01.4nosy2u.mongodb.net:27017, hosts=[ac-3mufzp1-shard-00-00.4nosy2u.mongodb.net:27017, ac-3mufzp1-shard-00-02.4nosy2u.mongodb.net:27017, ac-3mufzp1-shard-00-01.4nosy2u.mongodb.net:27017], passives=[], arbiters=[], primary='ac-3mufzp1-shard-00-01.4nosy2u.mongodb.net:27017', tagSet=TagSet{[Tag{name='availabilityZone', value='aps1-az3'}, Tag{name='diskState', value='READY'}, Tag{name='nodeType', value='ELECTABLE'}, Tag{name='provider', value='AWS'}, Tag{name='region', value='AP_SOUTH_1'}, Tag{name='workloadType', value='OPERATIONAL'}]}, electionId=7fffffff00000000000000ca, setVersion=46, topologyVersion=TopologyVersion{processId=69b311797648454b51f7c7a8, counter=6}, lastWriteDate=Wed Mar 25 17:09:54 IST 2026, lastUpdateTimeNanos=132941811512375}
2026-03-25T17:09:54.367+05:30  INFO 99702 --- [academic-service] [ngodb.net:27017] org.mongodb.driver.cluster               : Discovered replica set primary ac-3mufzp1-shard-00-01.4nosy2u.mongodb.net:27017 with max election id 7fffffff00000000000000ca and max set version 46
2026-03-25T17:09:56.386+05:30  INFO 99702 --- [academic-service] [ngodb.net:27017] org.mongodb.driver.cluster               : Exception in monitor thread while connecting to server ac-3mufzp1-shard-00-00.4nosy2u.mongodb.net:27017

com.mongodb.MongoSocketReadTimeoutException: Timeout while receiving message
	at com.mongodb.internal.connection.InternalStreamConnection.translateReadException(InternalStreamConnection.java:728) ~[mongodb-driver-core-4.11.2.jar:na]
	at com.mongodb.internal.connection.InternalStreamConnection.receiveMessageWithAdditionalTimeout(InternalStreamConnection.java:606) ~[mongodb-driver-core-4.11.2.jar:na]
	at com.mongodb.internal.connection.InternalStreamConnection.receiveCommandMessageResponse(InternalStreamConnection.java:451) ~[mongodb-driver-core-4.11.2.jar:na]
	at com.mongodb.internal.connection.InternalStreamConnection.receive(InternalStreamConnection.java:404) ~[mongodb-driver-core-4.11.2.jar:na]
	at com.mongodb.internal.connection.DefaultServerMonitor$ServerMonitorRunnable.lookupServerDescription(DefaultServerMonitor.java:221) ~[mongodb-driver-core-4.11.2.jar:na]
	at com.mongodb.internal.connection.DefaultServerMonitor$ServerMonitorRunnable.run(DefaultServerMonitor.java:153) ~[mongodb-driver-core-4.11.2.jar:na]
	at java.base/java.lang.Thread.run(Thread.java:1583) ~[na:na]
Caused by: java.net.SocketTimeoutException: Read timed out
	at java.base/sun.nio.ch.NioSocketImpl.timedRead(NioSocketImpl.java:278) ~[na:na]
	at java.base/sun.nio.ch.NioSocketImpl.implRead(NioSocketImpl.java:304) ~[na:na]
	at java.base/sun.nio.ch.NioSocketImpl.read(NioSocketImpl.java:346) ~[na:na]
	at java.base/sun.nio.ch.NioSocketImpl$1.read(NioSocketImpl.java:796) ~[na:na]
	at java.base/java.net.Socket$SocketInputStream.read(Socket.java:1099) ~[na:na]
	at java.base/sun.security.ssl.SSLSocketInputRecord.read(SSLSocketInputRecord.java:489) ~[na:na]
	at java.base/sun.security.ssl.SSLSocketInputRecord.readHeader(SSLSocketInputRecord.java:483) ~[na:na]
	at java.base/sun.security.ssl.SSLSocketInputRecord.bytesInCompletePacket(SSLSocketInputRecord.java:70) ~[na:na]
	at java.base/sun.security.ssl.SSLSocketImpl.readApplicationRecord(SSLSocketImpl.java:1461) ~[na:na]
	at java.base/sun.security.ssl.SSLSocketImpl$AppInputStream.read(SSLSocketImpl.java:1066) ~[na:na]
	at com.mongodb.internal.connection.SocketStream.read(SocketStream.java:175) ~[mongodb-driver-core-4.11.2.jar:na]
	at com.mongodb.internal.connection.SocketStream.read(SocketStream.java:200) ~[mongodb-driver-core-4.11.2.jar:na]
	at com.mongodb.internal.connection.InternalStreamConnection.receiveResponseBuffers(InternalStreamConnection.java:739) ~[mongodb-driver-core-4.11.2.jar:na]
	at com.mongodb.internal.connection.InternalStreamConnection.receiveMessageWithAdditionalTimeout(InternalStreamConnection.java:603) ~[mongodb-driver-core-4.11.2.jar:na]
	... 5 common frames omitted

2026-03-25T17:09:56.554+05:30  INFO 99702 --- [academic-service] [ngodb.net:27017] org.mongodb.driver.cluster               : Monitor thread successfully connected to server with description ServerDescription{address=ac-3mufzp1-shard-00-00.4nosy2u.mongodb.net:27017, type=REPLICA_SET_SECONDARY, state=CONNECTED, ok=true, minWireVersion=0, maxWireVersion=25, maxDocumentSize=16777216, logicalSessionTimeoutMinutes=30, roundTripTimeNanos=88415250, setName='atlas-hy5sqn-shard-0', canonicalAddress=ac-3mufzp1-shard-00-00.4nosy2u.mongodb.net:27017, hosts=[ac-3mufzp1-shard-00-00.4nosy2u.mongodb.net:27017, ac-3mufzp1-shard-00-02.4nosy2u.mongodb.net:27017, ac-3mufzp1-shard-00-01.4nosy2u.mongodb.net:27017], passives=[], arbiters=[], primary='ac-3mufzp1-shard-00-01.4nosy2u.mongodb.net:27017', tagSet=TagSet{[Tag{name='availabilityZone', value='aps1-az1'}, Tag{name='diskState', value='READY'}, Tag{name='nodeType', value='ELECTABLE'}, Tag{name='provider', value='AWS'}, Tag{name='region', value='AP_SOUTH_1'}, Tag{name='workloadType', value='OPERATIONAL'}]}, electionId=null, setVersion=46, topologyVersion=TopologyVersion{processId=69b30edff67384ce6d9efce1, counter=4}, lastWriteDate=Wed Mar 25 17:09:56 IST 2026, lastUpdateTimeNanos=132944010513875}
2026-03-25T17:09:57.766+05:30  INFO 99702 --- [academic-service] [ngodb.net:27017] org.mongodb.driver.cluster               : Exception in monitor thread while connecting to server ac-3mufzp1-shard-00-02.4nosy2u.mongodb.net:27017

com.mongodb.MongoSocketReadTimeoutException: Timeout while receiving message
	at com.mongodb.internal.connection.InternalStreamConnection.translateReadException(InternalStreamConnection.java:728) ~[mongodb-driver-core-4.11.2.jar:na]
	at com.mongodb.internal.connection.InternalStreamConnection.receiveMessageWithAdditionalTimeout(InternalStreamConnection.java:606) ~[mongodb-driver-core-4.11.2.jar:na]
	at com.mongodb.internal.connection.InternalStreamConnection.receiveCommandMessageResponse(InternalStreamConnection.java:451) ~[mongodb-driver-core-4.11.2.jar:na]
	at com.mongodb.internal.connection.InternalStreamConnection.receive(InternalStreamConnection.java:404) ~[mongodb-driver-core-4.11.2.jar:na]
	at com.mongodb.internal.connection.DefaultServerMonitor$ServerMonitorRunnable.lookupServerDescription(DefaultServerMonitor.java:221) ~[mongodb-driver-core-4.11.2.jar:na]
	at com.mongodb.internal.connection.DefaultServerMonitor$ServerMonitorRunnable.run(DefaultServerMonitor.java:153) ~[mongodb-driver-core-4.11.2.jar:na]
	at java.base/java.lang.Thread.run(Thread.java:1583) ~[na:na]
Caused by: java.net.SocketTimeoutException: Read timed out
	at java.base/sun.nio.ch.NioSocketImpl.timedRead(NioSocketImpl.java:278) ~[na:na]
	at java.base/sun.nio.ch.NioSocketImpl.implRead(NioSocketImpl.java:304) ~[na:na]
	at java.base/sun.nio.ch.NioSocketImpl.read(NioSocketImpl.java:346) ~[na:na]
	at java.base/sun.nio.ch.NioSocketImpl$1.read(NioSocketImpl.java:796) ~[na:na]
	at java.base/java.net.Socket$SocketInputStream.read(Socket.java:1099) ~[na:na]
	at java.base/sun.security.ssl.SSLSocketInputRecord.read(SSLSocketInputRecord.java:489) ~[na:na]
	at java.base/sun.security.ssl.SSLSocketInputRecord.readHeader(SSLSocketInputRecord.java:483) ~[na:na]
	at java.base/sun.security.ssl.SSLSocketInputRecord.bytesInCompletePacket(SSLSocketInputRecord.java:70) ~[na:na]
	at java.base/sun.security.ssl.SSLSocketImpl.readApplicationRecord(SSLSocketImpl.java:1461) ~[na:na]
	at java.base/sun.security.ssl.SSLSocketImpl$AppInputStream.read(SSLSocketImpl.java:1066) ~[na:na]
	at com.mongodb.internal.connection.SocketStream.read(SocketStream.java:175) ~[mongodb-driver-core-4.11.2.jar:na]
	at com.mongodb.internal.connection.SocketStream.read(SocketStream.java:200) ~[mongodb-driver-core-4.11.2.jar:na]
	at com.mongodb.internal.connection.InternalStreamConnection.receiveResponseBuffers(InternalStreamConnection.java:739) ~[mongodb-driver-core-4.11.2.jar:na]
	at com.mongodb.internal.connection.InternalStreamConnection.receiveMessageWithAdditionalTimeout(InternalStreamConnection.java:603) ~[mongodb-driver-core-4.11.2.jar:na]
	... 5 common frames omitted

2026-03-25T17:09:57.914+05:30  INFO 99702 --- [academic-service] [ngodb.net:27017] org.mongodb.driver.cluster               : Monitor thread successfully connected to server with description ServerDescription{address=ac-3mufzp1-shard-00-02.4nosy2u.mongodb.net:27017, type=REPLICA_SET_SECONDARY, state=CONNECTED, ok=true, minWireVersion=0, maxWireVersion=25, maxDocumentSize=16777216, logicalSessionTimeoutMinutes=30, roundTripTimeNanos=83722542, setName='atlas-hy5sqn-shard-0', canonicalAddress=ac-3mufzp1-shard-00-02.4nosy2u.mongodb.net:27017, hosts=[ac-3mufzp1-shard-00-00.4nosy2u.mongodb.net:27017, ac-3mufzp1-shard-00-02.4nosy2u.mongodb.net:27017, ac-3mufzp1-shard-00-01.4nosy2u.mongodb.net:27017], passives=[], arbiters=[], primary='ac-3mufzp1-shard-00-01.4nosy2u.mongodb.net:27017', tagSet=TagSet{[Tag{name='availabilityZone', value='aps1-az2'}, Tag{name='diskState', value='READY'}, Tag{name='nodeType', value='ELECTABLE'}, Tag{name='provider', value='AWS'}, Tag{name='region', value='AP_SOUTH_1'}, Tag{name='workloadType', value='OPERATIONAL'}]}, electionId=null, setVersion=46, topologyVersion=TopologyVersion{processId=69b31436cf980eb974c6b7c1, counter=3}, lastWriteDate=Wed Mar 25 17:09:57 IST 2026, lastUpdateTimeNanos=132945370982250}
2026-03-25T17:26:50.648+05:30  INFO 99702 --- [academic-service] [ngodb.net:27017] org.mongodb.driver.cluster               : Exception in monitor thread while connecting to server ac-3mufzp1-shard-00-01.4nosy2u.mongodb.net:27017

com.mongodb.MongoSocketReadTimeoutException: Timeout while receiving message
	at com.mongodb.internal.connection.InternalStreamConnection.translateReadException(InternalStreamConnection.java:728) ~[mongodb-driver-core-4.11.2.jar:na]
	at com.mongodb.internal.connection.InternalStreamConnection.receiveMessageWithAdditionalTimeout(InternalStreamConnection.java:606) ~[mongodb-driver-core-4.11.2.jar:na]
	at com.mongodb.internal.connection.InternalStreamConnection.receiveCommandMessageResponse(InternalStreamConnection.java:451) ~[mongodb-driver-core-4.11.2.jar:na]
	at com.mongodb.internal.connection.InternalStreamConnection.receive(InternalStreamConnection.java:404) ~[mongodb-driver-core-4.11.2.jar:na]
	at com.mongodb.internal.connection.DefaultServerMonitor$ServerMonitorRunnable.lookupServerDescription(DefaultServerMonitor.java:221) ~[mongodb-driver-core-4.11.2.jar:na]
	at com.mongodb.internal.connection.DefaultServerMonitor$ServerMonitorRunnable.run(DefaultServerMonitor.java:153) ~[mongodb-driver-core-4.11.2.jar:na]
	at java.base/java.lang.Thread.run(Thread.java:1583) ~[na:na]
Caused by: java.net.SocketTimeoutException: Read timed out
	at java.base/sun.nio.ch.NioSocketImpl.timedRead(NioSocketImpl.java:278) ~[na:na]
	at java.base/sun.nio.ch.NioSocketImpl.implRead(NioSocketImpl.java:304) ~[na:na]
	at java.base/sun.nio.ch.NioSocketImpl.read(NioSocketImpl.java:346) ~[na:na]
	at java.base/sun.nio.ch.NioSocketImpl$1.read(NioSocketImpl.java:796) ~[na:na]
	at java.base/java.net.Socket$SocketInputStream.read(Socket.java:1099) ~[na:na]
	at java.base/sun.security.ssl.SSLSocketInputRecord.read(SSLSocketInputRecord.java:489) ~[na:na]
	at java.base/sun.security.ssl.SSLSocketInputRecord.readHeader(SSLSocketInputRecord.java:483) ~[na:na]
	at java.base/sun.security.ssl.SSLSocketInputRecord.bytesInCompletePacket(SSLSocketInputRecord.java:70) ~[na:na]
	at java.base/sun.security.ssl.SSLSocketImpl.readApplicationRecord(SSLSocketImpl.java:1461) ~[na:na]
	at java.base/sun.security.ssl.SSLSocketImpl$AppInputStream.read(SSLSocketImpl.java:1066) ~[na:na]
	at com.mongodb.internal.connection.SocketStream.read(SocketStream.java:175) ~[mongodb-driver-core-4.11.2.jar:na]
	at com.mongodb.internal.connection.SocketStream.read(SocketStream.java:200) ~[mongodb-driver-core-4.11.2.jar:na]
	at com.mongodb.internal.connection.InternalStreamConnection.receiveResponseBuffers(InternalStreamConnection.java:739) ~[mongodb-driver-core-4.11.2.jar:na]
	at com.mongodb.internal.connection.InternalStreamConnection.receiveMessageWithAdditionalTimeout(InternalStreamConnection.java:603) ~[mongodb-driver-core-4.11.2.jar:na]
	... 5 common frames omitted

2026-03-25T17:26:51.156+05:30  INFO 99702 --- [academic-service] [ngodb.net:27017] org.mongodb.driver.cluster               : Monitor thread successfully connected to server with description ServerDescription{address=ac-3mufzp1-shard-00-01.4nosy2u.mongodb.net:27017, type=REPLICA_SET_PRIMARY, state=CONNECTED, ok=true, minWireVersion=0, maxWireVersion=25, maxDocumentSize=16777216, logicalSessionTimeoutMinutes=30, roundTripTimeNanos=179771375, setName='atlas-hy5sqn-shard-0', canonicalAddress=ac-3mufzp1-shard-00-01.4nosy2u.mongodb.net:27017, hosts=[ac-3mufzp1-shard-00-00.4nosy2u.mongodb.net:27017, ac-3mufzp1-shard-00-02.4nosy2u.mongodb.net:27017, ac-3mufzp1-shard-00-01.4nosy2u.mongodb.net:27017], passives=[], arbiters=[], primary='ac-3mufzp1-shard-00-01.4nosy2u.mongodb.net:27017', tagSet=TagSet{[Tag{name='availabilityZone', value='aps1-az3'}, Tag{name='diskState', value='READY'}, Tag{name='nodeType', value='ELECTABLE'}, Tag{name='provider', value='AWS'}, Tag{name='region', value='AP_SOUTH_1'}, Tag{name='workloadType', value='OPERATIONAL'}]}, electionId=7fffffff00000000000000ca, setVersion=46, topologyVersion=TopologyVersion{processId=69b311797648454b51f7c7a8, counter=6}, lastWriteDate=Wed Mar 25 17:26:51 IST 2026, lastUpdateTimeNanos=132972338721000}
2026-03-25T17:26:51.156+05:30  INFO 99702 --- [academic-service] [ngodb.net:27017] org.mongodb.driver.cluster               : Discovered replica set primary ac-3mufzp1-shard-00-01.4nosy2u.mongodb.net:27017 with max election id 7fffffff00000000000000ca and max set version 46
2026-03-25T17:26:52.832+05:30  INFO 99702 --- [academic-service] [ngodb.net:27017] org.mongodb.driver.cluster               : Exception in monitor thread while connecting to server ac-3mufzp1-shard-00-00.4nosy2u.mongodb.net:27017

com.mongodb.MongoSocketReadTimeoutException: Timeout while receiving message
	at com.mongodb.internal.connection.InternalStreamConnection.translateReadException(InternalStreamConnection.java:728) ~[mongodb-driver-core-4.11.2.jar:na]
	at com.mongodb.internal.connection.InternalStreamConnection.receiveMessageWithAdditionalTimeout(InternalStreamConnection.java:606) ~[mongodb-driver-core-4.11.2.jar:na]
	at com.mongodb.internal.connection.InternalStreamConnection.receiveCommandMessageResponse(InternalStreamConnection.java:451) ~[mongodb-driver-core-4.11.2.jar:na]
	at com.mongodb.internal.connection.InternalStreamConnection.receive(InternalStreamConnection.java:404) ~[mongodb-driver-core-4.11.2.jar:na]
	at com.mongodb.internal.connection.DefaultServerMonitor$ServerMonitorRunnable.lookupServerDescription(DefaultServerMonitor.java:221) ~[mongodb-driver-core-4.11.2.jar:na]
	at com.mongodb.internal.connection.DefaultServerMonitor$ServerMonitorRunnable.run(DefaultServerMonitor.java:153) ~[mongodb-driver-core-4.11.2.jar:na]
	at java.base/java.lang.Thread.run(Thread.java:1583) ~[na:na]
Caused by: java.net.SocketTimeoutException: Read timed out
	at java.base/sun.nio.ch.NioSocketImpl.timedRead(NioSocketImpl.java:278) ~[na:na]
	at java.base/sun.nio.ch.NioSocketImpl.implRead(NioSocketImpl.java:304) ~[na:na]
	at java.base/sun.nio.ch.NioSocketImpl.read(NioSocketImpl.java:346) ~[na:na]
	at java.base/sun.nio.ch.NioSocketImpl$1.read(NioSocketImpl.java:796) ~[na:na]
	at java.base/java.net.Socket$SocketInputStream.read(Socket.java:1099) ~[na:na]
	at java.base/sun.security.ssl.SSLSocketInputRecord.read(SSLSocketInputRecord.java:489) ~[na:na]
	at java.base/sun.security.ssl.SSLSocketInputRecord.readHeader(SSLSocketInputRecord.java:483) ~[na:na]
	at java.base/sun.security.ssl.SSLSocketInputRecord.bytesInCompletePacket(SSLSocketInputRecord.java:70) ~[na:na]
	at java.base/sun.security.ssl.SSLSocketImpl.readApplicationRecord(SSLSocketImpl.java:1461) ~[na:na]
	at java.base/sun.security.ssl.SSLSocketImpl$AppInputStream.read(SSLSocketImpl.java:1066) ~[na:na]
	at com.mongodb.internal.connection.SocketStream.read(SocketStream.java:175) ~[mongodb-driver-core-4.11.2.jar:na]
	at com.mongodb.internal.connection.SocketStream.read(SocketStream.java:200) ~[mongodb-driver-core-4.11.2.jar:na]
	at com.mongodb.internal.connection.InternalStreamConnection.receiveResponseBuffers(InternalStreamConnection.java:739) ~[mongodb-driver-core-4.11.2.jar:na]
	at com.mongodb.internal.connection.InternalStreamConnection.receiveMessageWithAdditionalTimeout(InternalStreamConnection.java:603) ~[mongodb-driver-core-4.11.2.jar:na]
	... 5 common frames omitted

2026-03-25T17:26:52.944+05:30  INFO 99702 --- [academic-service] [ngodb.net:27017] org.mongodb.driver.cluster               : Monitor thread successfully connected to server with description ServerDescription{address=ac-3mufzp1-shard-00-00.4nosy2u.mongodb.net:27017, type=REPLICA_SET_SECONDARY, state=CONNECTED, ok=true, minWireVersion=0, maxWireVersion=25, maxDocumentSize=16777216, logicalSessionTimeoutMinutes=30, roundTripTimeNanos=44601416, setName='atlas-hy5sqn-shard-0', canonicalAddress=ac-3mufzp1-shard-00-00.4nosy2u.mongodb.net:27017, hosts=[ac-3mufzp1-shard-00-00.4nosy2u.mongodb.net:27017, ac-3mufzp1-shard-00-02.4nosy2u.mongodb.net:27017, ac-3mufzp1-shard-00-01.4nosy2u.mongodb.net:27017], passives=[], arbiters=[], primary='ac-3mufzp1-shard-00-01.4nosy2u.mongodb.net:27017', tagSet=TagSet{[Tag{name='availabilityZone', value='aps1-az1'}, Tag{name='diskState', value='READY'}, Tag{name='nodeType', value='ELECTABLE'}, Tag{name='provider', value='AWS'}, Tag{name='region', value='AP_SOUTH_1'}, Tag{name='workloadType', value='OPERATIONAL'}]}, electionId=null, setVersion=46, topologyVersion=TopologyVersion{processId=69b30edff67384ce6d9efce1, counter=4}, lastWriteDate=Wed Mar 25 17:26:52 IST 2026, lastUpdateTimeNanos=132974129661250}
2026-03-25T17:26:54.191+05:30  INFO 99702 --- [academic-service] [ngodb.net:27017] org.mongodb.driver.cluster               : Exception in monitor thread while connecting to server ac-3mufzp1-shard-00-02.4nosy2u.mongodb.net:27017

com.mongodb.MongoSocketReadTimeoutException: Timeout while receiving message
	at com.mongodb.internal.connection.InternalStreamConnection.translateReadException(InternalStreamConnection.java:728) ~[mongodb-driver-core-4.11.2.jar:na]
	at com.mongodb.internal.connection.InternalStreamConnection.receiveMessageWithAdditionalTimeout(InternalStreamConnection.java:606) ~[mongodb-driver-core-4.11.2.jar:na]
	at com.mongodb.internal.connection.InternalStreamConnection.receiveCommandMessageResponse(InternalStreamConnection.java:451) ~[mongodb-driver-core-4.11.2.jar:na]
	at com.mongodb.internal.connection.InternalStreamConnection.receive(InternalStreamConnection.java:404) ~[mongodb-driver-core-4.11.2.jar:na]
	at com.mongodb.internal.connection.DefaultServerMonitor$ServerMonitorRunnable.lookupServerDescription(DefaultServerMonitor.java:221) ~[mongodb-driver-core-4.11.2.jar:na]
	at com.mongodb.internal.connection.DefaultServerMonitor$ServerMonitorRunnable.run(DefaultServerMonitor.java:153) ~[mongodb-driver-core-4.11.2.jar:na]
	at java.base/java.lang.Thread.run(Thread.java:1583) ~[na:na]
Caused by: java.net.SocketTimeoutException: Read timed out
	at java.base/sun.nio.ch.NioSocketImpl.timedRead(NioSocketImpl.java:278) ~[na:na]
	at java.base/sun.nio.ch.NioSocketImpl.implRead(NioSocketImpl.java:304) ~[na:na]
	at java.base/sun.nio.ch.NioSocketImpl.read(NioSocketImpl.java:346) ~[na:na]
	at java.base/sun.nio.ch.NioSocketImpl$1.read(NioSocketImpl.java:796) ~[na:na]
	at java.base/java.net.Socket$SocketInputStream.read(Socket.java:1099) ~[na:na]
	at java.base/sun.security.ssl.SSLSocketInputRecord.read(SSLSocketInputRecord.java:489) ~[na:na]
	at java.base/sun.security.ssl.SSLSocketInputRecord.readHeader(SSLSocketInputRecord.java:483) ~[na:na]
	at java.base/sun.security.ssl.SSLSocketInputRecord.bytesInCompletePacket(SSLSocketInputRecord.java:70) ~[na:na]
	at java.base/sun.security.ssl.SSLSocketImpl.readApplicationRecord(SSLSocketImpl.java:1461) ~[na:na]
	at java.base/sun.security.ssl.SSLSocketImpl$AppInputStream.read(SSLSocketImpl.java:1066) ~[na:na]
	at com.mongodb.internal.connection.SocketStream.read(SocketStream.java:175) ~[mongodb-driver-core-4.11.2.jar:na]
	at com.mongodb.internal.connection.SocketStream.read(SocketStream.java:200) ~[mongodb-driver-core-4.11.2.jar:na]
	at com.mongodb.internal.connection.InternalStreamConnection.receiveResponseBuffers(InternalStreamConnection.java:739) ~[mongodb-driver-core-4.11.2.jar:na]
	at com.mongodb.internal.connection.InternalStreamConnection.receiveMessageWithAdditionalTimeout(InternalStreamConnection.java:603) ~[mongodb-driver-core-4.11.2.jar:na]
	... 5 common frames omitted

2026-03-25T17:38:33.762+05:30  INFO 99702 --- [academic-service] [ngodb.net:27017] org.mongodb.driver.cluster               : Monitor thread successfully connected to server with description ServerDescription{address=ac-3mufzp1-shard-00-02.4nosy2u.mongodb.net:27017, type=REPLICA_SET_SECONDARY, state=CONNECTED, ok=true, minWireVersion=0, maxWireVersion=25, maxDocumentSize=16777216, logicalSessionTimeoutMinutes=30, roundTripTimeNanos=96319667, setName='atlas-hy5sqn-shard-0', canonicalAddress=ac-3mufzp1-shard-00-02.4nosy2u.mongodb.net:27017, hosts=[ac-3mufzp1-shard-00-00.4nosy2u.mongodb.net:27017, ac-3mufzp1-shard-00-02.4nosy2u.mongodb.net:27017, ac-3mufzp1-shard-00-01.4nosy2u.mongodb.net:27017], passives=[], arbiters=[], primary='ac-3mufzp1-shard-00-01.4nosy2u.mongodb.net:27017', tagSet=TagSet{[Tag{name='availabilityZone', value='aps1-az2'}, Tag{name='diskState', value='READY'}, Tag{name='nodeType', value='ELECTABLE'}, Tag{name='provider', value='AWS'}, Tag{name='region', value='AP_SOUTH_1'}, Tag{name='workloadType', value='OPERATIONAL'}]}, electionId=null, setVersion=46, topologyVersion=TopologyVersion{processId=69b31436cf980eb974c6b7c1, counter=3}, lastWriteDate=Wed Mar 25 17:38:33 IST 2026, lastUpdateTimeNanos=132995686527916}
2026-03-25T17:41:50.376+05:30  INFO 99702 --- [academic-service] [ngodb.net:27017] org.mongodb.driver.cluster               : Exception in monitor thread while connecting to server ac-3mufzp1-shard-00-01.4nosy2u.mongodb.net:27017

com.mongodb.MongoSocketReadTimeoutException: Timeout while receiving message
	at com.mongodb.internal.connection.InternalStreamConnection.translateReadException(InternalStreamConnection.java:728) ~[mongodb-driver-core-4.11.2.jar:na]
	at com.mongodb.internal.connection.InternalStreamConnection.receiveMessageWithAdditionalTimeout(InternalStreamConnection.java:606) ~[mongodb-driver-core-4.11.2.jar:na]
	at com.mongodb.internal.connection.InternalStreamConnection.receiveCommandMessageResponse(InternalStreamConnection.java:451) ~[mongodb-driver-core-4.11.2.jar:na]
	at com.mongodb.internal.connection.InternalStreamConnection.receive(InternalStreamConnection.java:404) ~[mongodb-driver-core-4.11.2.jar:na]
	at com.mongodb.internal.connection.DefaultServerMonitor$ServerMonitorRunnable.lookupServerDescription(DefaultServerMonitor.java:221) ~[mongodb-driver-core-4.11.2.jar:na]
	at com.mongodb.internal.connection.DefaultServerMonitor$ServerMonitorRunnable.run(DefaultServerMonitor.java:153) ~[mongodb-driver-core-4.11.2.jar:na]
	at java.base/java.lang.Thread.run(Thread.java:1583) ~[na:na]
Caused by: java.net.SocketTimeoutException: Read timed out
	at java.base/sun.nio.ch.NioSocketImpl.timedRead(NioSocketImpl.java:278) ~[na:na]
	at java.base/sun.nio.ch.NioSocketImpl.implRead(NioSocketImpl.java:304) ~[na:na]
	at java.base/sun.nio.ch.NioSocketImpl.read(NioSocketImpl.java:346) ~[na:na]
	at java.base/sun.nio.ch.NioSocketImpl$1.read(NioSocketImpl.java:796) ~[na:na]
	at java.base/java.net.Socket$SocketInputStream.read(Socket.java:1099) ~[na:na]
	at java.base/sun.security.ssl.SSLSocketInputRecord.read(SSLSocketInputRecord.java:489) ~[na:na]
	at java.base/sun.security.ssl.SSLSocketInputRecord.readHeader(SSLSocketInputRecord.java:483) ~[na:na]
	at java.base/sun.security.ssl.SSLSocketInputRecord.bytesInCompletePacket(SSLSocketInputRecord.java:70) ~[na:na]
	at java.base/sun.security.ssl.SSLSocketImpl.readApplicationRecord(SSLSocketImpl.java:1461) ~[na:na]
	at java.base/sun.security.ssl.SSLSocketImpl$AppInputStream.read(SSLSocketImpl.java:1066) ~[na:na]
	at com.mongodb.internal.connection.SocketStream.read(SocketStream.java:175) ~[mongodb-driver-core-4.11.2.jar:na]
	at com.mongodb.internal.connection.SocketStream.read(SocketStream.java:200) ~[mongodb-driver-core-4.11.2.jar:na]
	at com.mongodb.internal.connection.InternalStreamConnection.receiveResponseBuffers(InternalStreamConnection.java:739) ~[mongodb-driver-core-4.11.2.jar:na]
	at com.mongodb.internal.connection.InternalStreamConnection.receiveMessageWithAdditionalTimeout(InternalStreamConnection.java:603) ~[mongodb-driver-core-4.11.2.jar:na]
	... 5 common frames omitted

2026-03-25T17:41:50.446+05:30  INFO 99702 --- [academic-service] [ngodb.net:27017] org.mongodb.driver.cluster               : Monitor thread successfully connected to server with description ServerDescription{address=ac-3mufzp1-shard-00-01.4nosy2u.mongodb.net:27017, type=REPLICA_SET_PRIMARY, state=CONNECTED, ok=true, minWireVersion=0, maxWireVersion=25, maxDocumentSize=16777216, logicalSessionTimeoutMinutes=30, roundTripTimeNanos=38948625, setName='atlas-hy5sqn-shard-0', canonicalAddress=ac-3mufzp1-shard-00-01.4nosy2u.mongodb.net:27017, hosts=[ac-3mufzp1-shard-00-00.4nosy2u.mongodb.net:27017, ac-3mufzp1-shard-00-02.4nosy2u.mongodb.net:27017, ac-3mufzp1-shard-00-01.4nosy2u.mongodb.net:27017], passives=[], arbiters=[], primary='ac-3mufzp1-shard-00-01.4nosy2u.mongodb.net:27017', tagSet=TagSet{[Tag{name='availabilityZone', value='aps1-az3'}, Tag{name='diskState', value='READY'}, Tag{name='nodeType', value='ELECTABLE'}, Tag{name='provider', value='AWS'}, Tag{name='region', value='AP_SOUTH_1'}, Tag{name='workloadType', value='OPERATIONAL'}]}, electionId=7fffffff00000000000000ca, setVersion=46, topologyVersion=TopologyVersion{processId=69b311797648454b51f7c7a8, counter=6}, lastWriteDate=Wed Mar 25 17:41:50 IST 2026, lastUpdateTimeNanos=133009835109958}
2026-03-25T17:41:50.446+05:30  INFO 99702 --- [academic-service] [ngodb.net:27017] org.mongodb.driver.cluster               : Discovered replica set primary ac-3mufzp1-shard-00-01.4nosy2u.mongodb.net:27017 with max election id 7fffffff00000000000000ca and max set version 46
2026-03-25T17:45:57.370+05:30  INFO 99702 --- [academic-service] [ngodb.net:27017] org.mongodb.driver.cluster               : Exception in monitor thread while connecting to server ac-3mufzp1-shard-00-00.4nosy2u.mongodb.net:27017

com.mongodb.MongoSocketReadTimeoutException: Timeout while receiving message
	at com.mongodb.internal.connection.InternalStreamConnection.translateReadException(InternalStreamConnection.java:728) ~[mongodb-driver-core-4.11.2.jar:na]
	at com.mongodb.internal.connection.InternalStreamConnection.receiveMessageWithAdditionalTimeout(InternalStreamConnection.java:606) ~[mongodb-driver-core-4.11.2.jar:na]
	at com.mongodb.internal.connection.InternalStreamConnection.receiveCommandMessageResponse(InternalStreamConnection.java:451) ~[mongodb-driver-core-4.11.2.jar:na]
	at com.mongodb.internal.connection.InternalStreamConnection.receive(InternalStreamConnection.java:404) ~[mongodb-driver-core-4.11.2.jar:na]
	at com.mongodb.internal.connection.DefaultServerMonitor$ServerMonitorRunnable.lookupServerDescription(DefaultServerMonitor.java:221) ~[mongodb-driver-core-4.11.2.jar:na]
	at com.mongodb.internal.connection.DefaultServerMonitor$ServerMonitorRunnable.run(DefaultServerMonitor.java:153) ~[mongodb-driver-core-4.11.2.jar:na]
	at java.base/java.lang.Thread.run(Thread.java:1583) ~[na:na]
Caused by: java.net.SocketTimeoutException: Read timed out
	at java.base/sun.nio.ch.NioSocketImpl.timedRead(NioSocketImpl.java:278) ~[na:na]
	at java.base/sun.nio.ch.NioSocketImpl.implRead(NioSocketImpl.java:304) ~[na:na]
	at java.base/sun.nio.ch.NioSocketImpl.read(NioSocketImpl.java:346) ~[na:na]
	at java.base/sun.nio.ch.NioSocketImpl$1.read(NioSocketImpl.java:796) ~[na:na]
	at java.base/java.net.Socket$SocketInputStream.read(Socket.java:1099) ~[na:na]
	at java.base/sun.security.ssl.SSLSocketInputRecord.read(SSLSocketInputRecord.java:489) ~[na:na]
	at java.base/sun.security.ssl.SSLSocketInputRecord.readHeader(SSLSocketInputRecord.java:483) ~[na:na]
	at java.base/sun.security.ssl.SSLSocketInputRecord.bytesInCompletePacket(SSLSocketInputRecord.java:70) ~[na:na]
	at java.base/sun.security.ssl.SSLSocketImpl.readApplicationRecord(SSLSocketImpl.java:1461) ~[na:na]
	at java.base/sun.security.ssl.SSLSocketImpl$AppInputStream.read(SSLSocketImpl.java:1066) ~[na:na]
	at com.mongodb.internal.connection.SocketStream.read(SocketStream.java:175) ~[mongodb-driver-core-4.11.2.jar:na]
	at com.mongodb.internal.connection.SocketStream.read(SocketStream.java:200) ~[mongodb-driver-core-4.11.2.jar:na]
	at com.mongodb.internal.connection.InternalStreamConnection.receiveResponseBuffers(InternalStreamConnection.java:739) ~[mongodb-driver-core-4.11.2.jar:na]
	at com.mongodb.internal.connection.InternalStreamConnection.receiveMessageWithAdditionalTimeout(InternalStreamConnection.java:603) ~[mongodb-driver-core-4.11.2.jar:na]
	... 5 common frames omitted

2026-03-25T17:45:57.499+05:30  INFO 99702 --- [academic-service] [ngodb.net:27017] org.mongodb.driver.cluster               : Monitor thread successfully connected to server with description ServerDescription{address=ac-3mufzp1-shard-00-00.4nosy2u.mongodb.net:27017, type=REPLICA_SET_SECONDARY, state=CONNECTED, ok=true, minWireVersion=0, maxWireVersion=25, maxDocumentSize=16777216, logicalSessionTimeoutMinutes=30, roundTripTimeNanos=95341167, setName='atlas-hy5sqn-shard-0', canonicalAddress=ac-3mufzp1-shard-00-00.4nosy2u.mongodb.net:27017, hosts=[ac-3mufzp1-shard-00-00.4nosy2u.mongodb.net:27017, ac-3mufzp1-shard-00-02.4nosy2u.mongodb.net:27017, ac-3mufzp1-shard-00-01.4nosy2u.mongodb.net:27017], passives=[], arbiters=[], primary='ac-3mufzp1-shard-00-01.4nosy2u.mongodb.net:27017', tagSet=TagSet{[Tag{name='availabilityZone', value='aps1-az1'}, Tag{name='diskState', value='READY'}, Tag{name='nodeType', value='ELECTABLE'}, Tag{name='provider', value='AWS'}, Tag{name='region', value='AP_SOUTH_1'}, Tag{name='workloadType', value='OPERATIONAL'}]}, electionId=null, setVersion=46, topologyVersion=TopologyVersion{processId=69b30edff67384ce6d9efce1, counter=4}, lastWriteDate=Wed Mar 25 17:45:57 IST 2026, lastUpdateTimeNanos=133022541072250}
2026-03-25T17:46:00.658+05:30  INFO 99702 --- [academic-service] [ngodb.net:27017] org.mongodb.driver.cluster               : Exception in monitor thread while connecting to server ac-3mufzp1-shard-00-02.4nosy2u.mongodb.net:27017

com.mongodb.MongoSocketReadTimeoutException: Timeout while receiving message
	at com.mongodb.internal.connection.InternalStreamConnection.translateReadException(InternalStreamConnection.java:728) ~[mongodb-driver-core-4.11.2.jar:na]
	at com.mongodb.internal.connection.InternalStreamConnection.receiveMessageWithAdditionalTimeout(InternalStreamConnection.java:606) ~[mongodb-driver-core-4.11.2.jar:na]
	at com.mongodb.internal.connection.InternalStreamConnection.receiveCommandMessageResponse(InternalStreamConnection.java:451) ~[mongodb-driver-core-4.11.2.jar:na]
	at com.mongodb.internal.connection.InternalStreamConnection.receive(InternalStreamConnection.java:404) ~[mongodb-driver-core-4.11.2.jar:na]
	at com.mongodb.internal.connection.DefaultServerMonitor$ServerMonitorRunnable.lookupServerDescription(DefaultServerMonitor.java:221) ~[mongodb-driver-core-4.11.2.jar:na]
	at com.mongodb.internal.connection.DefaultServerMonitor$ServerMonitorRunnable.run(DefaultServerMonitor.java:153) ~[mongodb-driver-core-4.11.2.jar:na]
	at java.base/java.lang.Thread.run(Thread.java:1583) ~[na:na]
Caused by: java.net.SocketTimeoutException: Read timed out
	at java.base/sun.nio.ch.NioSocketImpl.timedRead(NioSocketImpl.java:278) ~[na:na]
	at java.base/sun.nio.ch.NioSocketImpl.implRead(NioSocketImpl.java:304) ~[na:na]
	at java.base/sun.nio.ch.NioSocketImpl.read(NioSocketImpl.java:346) ~[na:na]
	at java.base/sun.nio.ch.NioSocketImpl$1.read(NioSocketImpl.java:796) ~[na:na]
	at java.base/java.net.Socket$SocketInputStream.read(Socket.java:1099) ~[na:na]
	at java.base/sun.security.ssl.SSLSocketInputRecord.read(SSLSocketInputRecord.java:489) ~[na:na]
	at java.base/sun.security.ssl.SSLSocketInputRecord.readHeader(SSLSocketInputRecord.java:483) ~[na:na]
	at java.base/sun.security.ssl.SSLSocketInputRecord.bytesInCompletePacket(SSLSocketInputRecord.java:70) ~[na:na]
	at java.base/sun.security.ssl.SSLSocketImpl.readApplicationRecord(SSLSocketImpl.java:1461) ~[na:na]
	at java.base/sun.security.ssl.SSLSocketImpl$AppInputStream.read(SSLSocketImpl.java:1066) ~[na:na]
	at com.mongodb.internal.connection.SocketStream.read(SocketStream.java:175) ~[mongodb-driver-core-4.11.2.jar:na]
	at com.mongodb.internal.connection.SocketStream.read(SocketStream.java:200) ~[mongodb-driver-core-4.11.2.jar:na]
	at com.mongodb.internal.connection.InternalStreamConnection.receiveResponseBuffers(InternalStreamConnection.java:739) ~[mongodb-driver-core-4.11.2.jar:na]
	at com.mongodb.internal.connection.InternalStreamConnection.receiveMessageWithAdditionalTimeout(InternalStreamConnection.java:603) ~[mongodb-driver-core-4.11.2.jar:na]
	... 5 common frames omitted

2026-03-25T17:46:00.783+05:30  INFO 99702 --- [academic-service] [ngodb.net:27017] org.mongodb.driver.cluster               : Monitor thread successfully connected to server with description ServerDescription{address=ac-3mufzp1-shard-00-02.4nosy2u.mongodb.net:27017, type=REPLICA_SET_SECONDARY, state=CONNECTED, ok=true, minWireVersion=0, maxWireVersion=25, maxDocumentSize=16777216, logicalSessionTimeoutMinutes=30, roundTripTimeNanos=88699083, setName='atlas-hy5sqn-shard-0', canonicalAddress=ac-3mufzp1-shard-00-02.4nosy2u.mongodb.net:27017, hosts=[ac-3mufzp1-shard-00-00.4nosy2u.mongodb.net:27017, ac-3mufzp1-shard-00-02.4nosy2u.mongodb.net:27017, ac-3mufzp1-shard-00-01.4nosy2u.mongodb.net:27017], passives=[], arbiters=[], primary='ac-3mufzp1-shard-00-01.4nosy2u.mongodb.net:27017', tagSet=TagSet{[Tag{name='availabilityZone', value='aps1-az2'}, Tag{name='diskState', value='READY'}, Tag{name='nodeType', value='ELECTABLE'}, Tag{name='provider', value='AWS'}, Tag{name='region', value='AP_SOUTH_1'}, Tag{name='workloadType', value='OPERATIONAL'}]}, electionId=null, setVersion=46, topologyVersion=TopologyVersion{processId=69b31436cf980eb974c6b7c1, counter=3}, lastWriteDate=Wed Mar 25 17:46:00 IST 2026, lastUpdateTimeNanos=133025824986416}
2026-03-25T17:47:56.652+05:30  INFO 99702 --- [academic-service] [tbeatExecutor-0] com.netflix.discovery.DiscoveryClient    : DiscoveryClient_ACADEMIC-SERVICE/192.168.0.207:academic-service:8089 - Re-registering apps/ACADEMIC-SERVICE
2026-03-25T17:47:56.653+05:30  INFO 99702 --- [academic-service] [tbeatExecutor-0] com.netflix.discovery.DiscoveryClient    : DiscoveryClient_ACADEMIC-SERVICE/192.168.0.207:academic-service:8089: registering service...
2026-03-25T17:47:56.675+05:30  INFO 99702 --- [academic-service] [tbeatExecutor-0] com.netflix.discovery.DiscoveryClient    : DiscoveryClient_ACADEMIC-SERVICE/192.168.0.207:academic-service:8089 - registration status: 204
2026-03-25T17:49:42.452+05:30  INFO 99702 --- [academic-service] [ngodb.net:27017] org.mongodb.driver.cluster               : Exception in monitor thread while connecting to server ac-3mufzp1-shard-00-00.4nosy2u.mongodb.net:27017

com.mongodb.MongoSocketReadTimeoutException: Timeout while receiving message
	at com.mongodb.internal.connection.InternalStreamConnection.translateReadException(InternalStreamConnection.java:728) ~[mongodb-driver-core-4.11.2.jar:na]
	at com.mongodb.internal.connection.InternalStreamConnection.receiveMessageWithAdditionalTimeout(InternalStreamConnection.java:606) ~[mongodb-driver-core-4.11.2.jar:na]
	at com.mongodb.internal.connection.InternalStreamConnection.receiveCommandMessageResponse(InternalStreamConnection.java:451) ~[mongodb-driver-core-4.11.2.jar:na]
	at com.mongodb.internal.connection.InternalStreamConnection.receive(InternalStreamConnection.java:404) ~[mongodb-driver-core-4.11.2.jar:na]
	at com.mongodb.internal.connection.DefaultServerMonitor$ServerMonitorRunnable.lookupServerDescription(DefaultServerMonitor.java:221) ~[mongodb-driver-core-4.11.2.jar:na]
	at com.mongodb.internal.connection.DefaultServerMonitor$ServerMonitorRunnable.run(DefaultServerMonitor.java:153) ~[mongodb-driver-core-4.11.2.jar:na]
	at java.base/java.lang.Thread.run(Thread.java:1583) ~[na:na]
Caused by: java.net.SocketTimeoutException: Read timed out
	at java.base/sun.nio.ch.NioSocketImpl.timedRead(NioSocketImpl.java:278) ~[na:na]
	at java.base/sun.nio.ch.NioSocketImpl.implRead(NioSocketImpl.java:304) ~[na:na]
	at java.base/sun.nio.ch.NioSocketImpl.read(NioSocketImpl.java:346) ~[na:na]
	at java.base/sun.nio.ch.NioSocketImpl$1.read(NioSocketImpl.java:796) ~[na:na]
	at java.base/java.net.Socket$SocketInputStream.read(Socket.java:1099) ~[na:na]
	at java.base/sun.security.ssl.SSLSocketInputRecord.read(SSLSocketInputRecord.java:489) ~[na:na]
	at java.base/sun.security.ssl.SSLSocketInputRecord.readHeader(SSLSocketInputRecord.java:483) ~[na:na]
	at java.base/sun.security.ssl.SSLSocketInputRecord.bytesInCompletePacket(SSLSocketInputRecord.java:70) ~[na:na]
	at java.base/sun.security.ssl.SSLSocketImpl.readApplicationRecord(SSLSocketImpl.java:1461) ~[na:na]
	at java.base/sun.security.ssl.SSLSocketImpl$AppInputStream.read(SSLSocketImpl.java:1066) ~[na:na]
	at com.mongodb.internal.connection.SocketStream.read(SocketStream.java:175) ~[mongodb-driver-core-4.11.2.jar:na]
	at com.mongodb.internal.connection.SocketStream.read(SocketStream.java:200) ~[mongodb-driver-core-4.11.2.jar:na]
	at com.mongodb.internal.connection.InternalStreamConnection.receiveResponseBuffers(InternalStreamConnection.java:739) ~[mongodb-driver-core-4.11.2.jar:na]
	at com.mongodb.internal.connection.InternalStreamConnection.receiveMessageWithAdditionalTimeout(InternalStreamConnection.java:603) ~[mongodb-driver-core-4.11.2.jar:na]
	... 5 common frames omitted

2026-03-25T17:49:42.620+05:30  INFO 99702 --- [academic-service] [ngodb.net:27017] org.mongodb.driver.cluster               : Monitor thread successfully connected to server with description ServerDescription{address=ac-3mufzp1-shard-00-00.4nosy2u.mongodb.net:27017, type=REPLICA_SET_SECONDARY, state=CONNECTED, ok=true, minWireVersion=0, maxWireVersion=25, maxDocumentSize=16777216, logicalSessionTimeoutMinutes=30, roundTripTimeNanos=88529375, setName='atlas-hy5sqn-shard-0', canonicalAddress=ac-3mufzp1-shard-00-00.4nosy2u.mongodb.net:27017, hosts=[ac-3mufzp1-shard-00-00.4nosy2u.mongodb.net:27017, ac-3mufzp1-shard-00-02.4nosy2u.mongodb.net:27017, ac-3mufzp1-shard-00-01.4nosy2u.mongodb.net:27017], passives=[], arbiters=[], primary='ac-3mufzp1-shard-00-01.4nosy2u.mongodb.net:27017', tagSet=TagSet{[Tag{name='availabilityZone', value='aps1-az1'}, Tag{name='diskState', value='READY'}, Tag{name='nodeType', value='ELECTABLE'}, Tag{name='provider', value='AWS'}, Tag{name='region', value='AP_SOUTH_1'}, Tag{name='workloadType', value='OPERATIONAL'}]}, electionId=null, setVersion=46, topologyVersion=TopologyVersion{processId=69b30edff67384ce6d9efce1, counter=4}, lastWriteDate=Wed Mar 25 17:49:42 IST 2026, lastUpdateTimeNanos=133052715422416}
2026-03-25T17:49:45.518+05:30  INFO 99702 --- [academic-service] [ngodb.net:27017] org.mongodb.driver.cluster               : Exception in monitor thread while connecting to server ac-3mufzp1-shard-00-01.4nosy2u.mongodb.net:27017

com.mongodb.MongoSocketReadTimeoutException: Timeout while receiving message
	at com.mongodb.internal.connection.InternalStreamConnection.translateReadException(InternalStreamConnection.java:728) ~[mongodb-driver-core-4.11.2.jar:na]
	at com.mongodb.internal.connection.InternalStreamConnection.receiveMessageWithAdditionalTimeout(InternalStreamConnection.java:606) ~[mongodb-driver-core-4.11.2.jar:na]
	at com.mongodb.internal.connection.InternalStreamConnection.receiveCommandMessageResponse(InternalStreamConnection.java:451) ~[mongodb-driver-core-4.11.2.jar:na]
	at com.mongodb.internal.connection.InternalStreamConnection.receive(InternalStreamConnection.java:404) ~[mongodb-driver-core-4.11.2.jar:na]
	at com.mongodb.internal.connection.DefaultServerMonitor$ServerMonitorRunnable.lookupServerDescription(DefaultServerMonitor.java:221) ~[mongodb-driver-core-4.11.2.jar:na]
	at com.mongodb.internal.connection.DefaultServerMonitor$ServerMonitorRunnable.run(DefaultServerMonitor.java:153) ~[mongodb-driver-core-4.11.2.jar:na]
	at java.base/java.lang.Thread.run(Thread.java:1583) ~[na:na]
Caused by: java.net.SocketTimeoutException: Read timed out
	at java.base/sun.nio.ch.NioSocketImpl.timedRead(NioSocketImpl.java:278) ~[na:na]
	at java.base/sun.nio.ch.NioSocketImpl.implRead(NioSocketImpl.java:304) ~[na:na]
	at java.base/sun.nio.ch.NioSocketImpl.read(NioSocketImpl.java:346) ~[na:na]
	at java.base/sun.nio.ch.NioSocketImpl$1.read(NioSocketImpl.java:796) ~[na:na]
	at java.base/java.net.Socket$SocketInputStream.read(Socket.java:1099) ~[na:na]
	at java.base/sun.security.ssl.SSLSocketInputRecord.read(SSLSocketInputRecord.java:489) ~[na:na]
	at java.base/sun.security.ssl.SSLSocketInputRecord.readHeader(SSLSocketInputRecord.java:483) ~[na:na]
	at java.base/sun.security.ssl.SSLSocketInputRecord.bytesInCompletePacket(SSLSocketInputRecord.java:70) ~[na:na]
	at java.base/sun.security.ssl.SSLSocketImpl.readApplicationRecord(SSLSocketImpl.java:1461) ~[na:na]
	at java.base/sun.security.ssl.SSLSocketImpl$AppInputStream.read(SSLSocketImpl.java:1066) ~[na:na]
	at com.mongodb.internal.connection.SocketStream.read(SocketStream.java:175) ~[mongodb-driver-core-4.11.2.jar:na]
	at com.mongodb.internal.connection.SocketStream.read(SocketStream.java:200) ~[mongodb-driver-core-4.11.2.jar:na]
	at com.mongodb.internal.connection.InternalStreamConnection.receiveResponseBuffers(InternalStreamConnection.java:739) ~[mongodb-driver-core-4.11.2.jar:na]
	at com.mongodb.internal.connection.InternalStreamConnection.receiveMessageWithAdditionalTimeout(InternalStreamConnection.java:603) ~[mongodb-driver-core-4.11.2.jar:na]
	... 5 common frames omitted

2026-03-25T17:49:45.707+05:30  INFO 99702 --- [academic-service] [ngodb.net:27017] org.mongodb.driver.cluster               : Monitor thread successfully connected to server with description ServerDescription{address=ac-3mufzp1-shard-00-01.4nosy2u.mongodb.net:27017, type=REPLICA_SET_PRIMARY, state=CONNECTED, ok=true, minWireVersion=0, maxWireVersion=25, maxDocumentSize=16777216, logicalSessionTimeoutMinutes=30, roundTripTimeNanos=77413583, setName='atlas-hy5sqn-shard-0', canonicalAddress=ac-3mufzp1-shard-00-01.4nosy2u.mongodb.net:27017, hosts=[ac-3mufzp1-shard-00-00.4nosy2u.mongodb.net:27017, ac-3mufzp1-shard-00-02.4nosy2u.mongodb.net:27017, ac-3mufzp1-shard-00-01.4nosy2u.mongodb.net:27017], passives=[], arbiters=[], primary='ac-3mufzp1-shard-00-01.4nosy2u.mongodb.net:27017', tagSet=TagSet{[Tag{name='availabilityZone', value='aps1-az3'}, Tag{name='diskState', value='READY'}, Tag{name='nodeType', value='ELECTABLE'}, Tag{name='provider', value='AWS'}, Tag{name='region', value='AP_SOUTH_1'}, Tag{name='workloadType', value='OPERATIONAL'}]}, electionId=7fffffff00000000000000ca, setVersion=46, topologyVersion=TopologyVersion{processId=69b311797648454b51f7c7a8, counter=6}, lastWriteDate=Wed Mar 25 17:49:45 IST 2026, lastUpdateTimeNanos=133055803550375}
2026-03-25T17:49:45.708+05:30  INFO 99702 --- [academic-service] [ngodb.net:27017] org.mongodb.driver.cluster               : Discovered replica set primary ac-3mufzp1-shard-00-01.4nosy2u.mongodb.net:27017 with max election id 7fffffff00000000000000ca and max set version 46
2026-03-25T17:49:45.734+05:30  INFO 99702 --- [academic-service] [ngodb.net:27017] org.mongodb.driver.cluster               : Exception in monitor thread while connecting to server ac-3mufzp1-shard-00-02.4nosy2u.mongodb.net:27017

com.mongodb.MongoSocketReadTimeoutException: Timeout while receiving message
	at com.mongodb.internal.connection.InternalStreamConnection.translateReadException(InternalStreamConnection.java:728) ~[mongodb-driver-core-4.11.2.jar:na]
	at com.mongodb.internal.connection.InternalStreamConnection.receiveMessageWithAdditionalTimeout(InternalStreamConnection.java:606) ~[mongodb-driver-core-4.11.2.jar:na]
	at com.mongodb.internal.connection.InternalStreamConnection.receiveCommandMessageResponse(InternalStreamConnection.java:451) ~[mongodb-driver-core-4.11.2.jar:na]
	at com.mongodb.internal.connection.InternalStreamConnection.receive(InternalStreamConnection.java:404) ~[mongodb-driver-core-4.11.2.jar:na]
	at com.mongodb.internal.connection.DefaultServerMonitor$ServerMonitorRunnable.lookupServerDescription(DefaultServerMonitor.java:221) ~[mongodb-driver-core-4.11.2.jar:na]
	at com.mongodb.internal.connection.DefaultServerMonitor$ServerMonitorRunnable.run(DefaultServerMonitor.java:153) ~[mongodb-driver-core-4.11.2.jar:na]
	at java.base/java.lang.Thread.run(Thread.java:1583) ~[na:na]
Caused by: java.net.SocketTimeoutException: Read timed out
	at java.base/sun.nio.ch.NioSocketImpl.timedRead(NioSocketImpl.java:278) ~[na:na]
	at java.base/sun.nio.ch.NioSocketImpl.implRead(NioSocketImpl.java:304) ~[na:na]
	at java.base/sun.nio.ch.NioSocketImpl.read(NioSocketImpl.java:346) ~[na:na]
	at java.base/sun.nio.ch.NioSocketImpl$1.read(NioSocketImpl.java:796) ~[na:na]
	at java.base/java.net.Socket$SocketInputStream.read(Socket.java:1099) ~[na:na]
	at java.base/sun.security.ssl.SSLSocketInputRecord.read(SSLSocketInputRecord.java:489) ~[na:na]
	at java.base/sun.security.ssl.SSLSocketInputRecord.readHeader(SSLSocketInputRecord.java:483) ~[na:na]
	at java.base/sun.security.ssl.SSLSocketInputRecord.bytesInCompletePacket(SSLSocketInputRecord.java:70) ~[na:na]
	at java.base/sun.security.ssl.SSLSocketImpl.readApplicationRecord(SSLSocketImpl.java:1461) ~[na:na]
	at java.base/sun.security.ssl.SSLSocketImpl$AppInputStream.read(SSLSocketImpl.java:1066) ~[na:na]
	at com.mongodb.internal.connection.SocketStream.read(SocketStream.java:175) ~[mongodb-driver-core-4.11.2.jar:na]
	at com.mongodb.internal.connection.SocketStream.read(SocketStream.java:200) ~[mongodb-driver-core-4.11.2.jar:na]
	at com.mongodb.internal.connection.InternalStreamConnection.receiveResponseBuffers(InternalStreamConnection.java:739) ~[mongodb-driver-core-4.11.2.jar:na]
	at com.mongodb.internal.connection.InternalStreamConnection.receiveMessageWithAdditionalTimeout(InternalStreamConnection.java:603) ~[mongodb-driver-core-4.11.2.jar:na]
	... 5 common frames omitted

2026-03-25T17:53:58.001+05:30  INFO 99702 --- [academic-service] [ngodb.net:27017] org.mongodb.driver.cluster               : Monitor thread successfully connected to server with description ServerDescription{address=ac-3mufzp1-shard-00-02.4nosy2u.mongodb.net:27017, type=REPLICA_SET_SECONDARY, state=CONNECTED, ok=true, minWireVersion=0, maxWireVersion=25, maxDocumentSize=16777216, logicalSessionTimeoutMinutes=30, roundTripTimeNanos=84065625, setName='atlas-hy5sqn-shard-0', canonicalAddress=ac-3mufzp1-shard-00-02.4nosy2u.mongodb.net:27017, hosts=[ac-3mufzp1-shard-00-00.4nosy2u.mongodb.net:27017, ac-3mufzp1-shard-00-02.4nosy2u.mongodb.net:27017, ac-3mufzp1-shard-00-01.4nosy2u.mongodb.net:27017], passives=[], arbiters=[], primary='ac-3mufzp1-shard-00-01.4nosy2u.mongodb.net:27017', tagSet=TagSet{[Tag{name='availabilityZone', value='aps1-az2'}, Tag{name='diskState', value='READY'}, Tag{name='nodeType', value='ELECTABLE'}, Tag{name='provider', value='AWS'}, Tag{name='region', value='AP_SOUTH_1'}, Tag{name='workloadType', value='OPERATIONAL'}]}, electionId=null, setVersion=46, topologyVersion=TopologyVersion{processId=69b31436cf980eb974c6b7c1, counter=3}, lastWriteDate=Wed Mar 25 17:53:57 IST 2026, lastUpdateTimeNanos=133057222843375}
2026-03-25T17:55:56.074+05:30  INFO 99702 --- [academic-service] [ngodb.net:27017] org.mongodb.driver.cluster               : Exception in monitor thread while connecting to server ac-3mufzp1-shard-00-01.4nosy2u.mongodb.net:27017

com.mongodb.MongoSocketReadTimeoutException: Timeout while receiving message
	at com.mongodb.internal.connection.InternalStreamConnection.translateReadException(InternalStreamConnection.java:728) ~[mongodb-driver-core-4.11.2.jar:na]
	at com.mongodb.internal.connection.InternalStreamConnection.receiveMessageWithAdditionalTimeout(InternalStreamConnection.java:606) ~[mongodb-driver-core-4.11.2.jar:na]
	at com.mongodb.internal.connection.InternalStreamConnection.receiveCommandMessageResponse(InternalStreamConnection.java:451) ~[mongodb-driver-core-4.11.2.jar:na]
	at com.mongodb.internal.connection.InternalStreamConnection.receive(InternalStreamConnection.java:404) ~[mongodb-driver-core-4.11.2.jar:na]
	at com.mongodb.internal.connection.DefaultServerMonitor$ServerMonitorRunnable.lookupServerDescription(DefaultServerMonitor.java:221) ~[mongodb-driver-core-4.11.2.jar:na]
	at com.mongodb.internal.connection.DefaultServerMonitor$ServerMonitorRunnable.run(DefaultServerMonitor.java:153) ~[mongodb-driver-core-4.11.2.jar:na]
	at java.base/java.lang.Thread.run(Thread.java:1583) ~[na:na]
Caused by: java.net.SocketTimeoutException: Read timed out
	at java.base/sun.nio.ch.NioSocketImpl.timedRead(NioSocketImpl.java:278) ~[na:na]
	at java.base/sun.nio.ch.NioSocketImpl.implRead(NioSocketImpl.java:304) ~[na:na]
	at java.base/sun.nio.ch.NioSocketImpl.read(NioSocketImpl.java:346) ~[na:na]
	at java.base/sun.nio.ch.NioSocketImpl$1.read(NioSocketImpl.java:796) ~[na:na]
	at java.base/java.net.Socket$SocketInputStream.read(Socket.java:1099) ~[na:na]
	at java.base/sun.security.ssl.SSLSocketInputRecord.read(SSLSocketInputRecord.java:489) ~[na:na]
	at java.base/sun.security.ssl.SSLSocketInputRecord.readHeader(SSLSocketInputRecord.java:483) ~[na:na]
	at java.base/sun.security.ssl.SSLSocketInputRecord.bytesInCompletePacket(SSLSocketInputRecord.java:70) ~[na:na]
	at java.base/sun.security.ssl.SSLSocketImpl.readApplicationRecord(SSLSocketImpl.java:1461) ~[na:na]
	at java.base/sun.security.ssl.SSLSocketImpl$AppInputStream.read(SSLSocketImpl.java:1066) ~[na:na]
	at com.mongodb.internal.connection.SocketStream.read(SocketStream.java:175) ~[mongodb-driver-core-4.11.2.jar:na]
	at com.mongodb.internal.connection.SocketStream.read(SocketStream.java:200) ~[mongodb-driver-core-4.11.2.jar:na]
	at com.mongodb.internal.connection.InternalStreamConnection.receiveResponseBuffers(InternalStreamConnection.java:739) ~[mongodb-driver-core-4.11.2.jar:na]
	at com.mongodb.internal.connection.InternalStreamConnection.receiveMessageWithAdditionalTimeout(InternalStreamConnection.java:603) ~[mongodb-driver-core-4.11.2.jar:na]
	... 5 common frames omitted

2026-03-25T17:55:56.152+05:30  INFO 99702 --- [academic-service] [ngodb.net:27017] org.mongodb.driver.cluster               : Monitor thread successfully connected to server with description ServerDescription{address=ac-3mufzp1-shard-00-01.4nosy2u.mongodb.net:27017, type=REPLICA_SET_PRIMARY, state=CONNECTED, ok=true, minWireVersion=0, maxWireVersion=25, maxDocumentSize=16777216, logicalSessionTimeoutMinutes=30, roundTripTimeNanos=43304792, setName='atlas-hy5sqn-shard-0', canonicalAddress=ac-3mufzp1-shard-00-01.4nosy2u.mongodb.net:27017, hosts=[ac-3mufzp1-shard-00-00.4nosy2u.mongodb.net:27017, ac-3mufzp1-shard-00-02.4nosy2u.mongodb.net:27017, ac-3mufzp1-shard-00-01.4nosy2u.mongodb.net:27017], passives=[], arbiters=[], primary='ac-3mufzp1-shard-00-01.4nosy2u.mongodb.net:27017', tagSet=TagSet{[Tag{name='availabilityZone', value='aps1-az3'}, Tag{name='diskState', value='READY'}, Tag{name='nodeType', value='ELECTABLE'}, Tag{name='provider', value='AWS'}, Tag{name='region', value='AP_SOUTH_1'}, Tag{name='workloadType', value='OPERATIONAL'}]}, electionId=7fffffff00000000000000ca, setVersion=46, topologyVersion=TopologyVersion{processId=69b311797648454b51f7c7a8, counter=6}, lastWriteDate=Wed Mar 25 17:55:56 IST 2026, lastUpdateTimeNanos=133077217552250}
2026-03-25T17:55:56.153+05:30  INFO 99702 --- [academic-service] [ngodb.net:27017] org.mongodb.driver.cluster               : Discovered replica set primary ac-3mufzp1-shard-00-01.4nosy2u.mongodb.net:27017 with max election id 7fffffff00000000000000ca and max set version 46
2026-03-25T17:57:30.915+05:30  INFO 99702 --- [academic-service] [ngodb.net:27017] org.mongodb.driver.cluster               : Exception in monitor thread while connecting to server ac-3mufzp1-shard-00-00.4nosy2u.mongodb.net:27017

com.mongodb.MongoSocketReadTimeoutException: Timeout while receiving message
	at com.mongodb.internal.connection.InternalStreamConnection.translateReadException(InternalStreamConnection.java:728) ~[mongodb-driver-core-4.11.2.jar:na]
	at com.mongodb.internal.connection.InternalStreamConnection.receiveMessageWithAdditionalTimeout(InternalStreamConnection.java:606) ~[mongodb-driver-core-4.11.2.jar:na]
	at com.mongodb.internal.connection.InternalStreamConnection.receiveCommandMessageResponse(InternalStreamConnection.java:451) ~[mongodb-driver-core-4.11.2.jar:na]
	at com.mongodb.internal.connection.InternalStreamConnection.receive(InternalStreamConnection.java:404) ~[mongodb-driver-core-4.11.2.jar:na]
	at com.mongodb.internal.connection.DefaultServerMonitor$ServerMonitorRunnable.lookupServerDescription(DefaultServerMonitor.java:221) ~[mongodb-driver-core-4.11.2.jar:na]
	at com.mongodb.internal.connection.DefaultServerMonitor$ServerMonitorRunnable.run(DefaultServerMonitor.java:153) ~[mongodb-driver-core-4.11.2.jar:na]
	at java.base/java.lang.Thread.run(Thread.java:1583) ~[na:na]
Caused by: java.net.SocketTimeoutException: Read timed out
	at java.base/sun.nio.ch.NioSocketImpl.timedRead(NioSocketImpl.java:278) ~[na:na]
	at java.base/sun.nio.ch.NioSocketImpl.implRead(NioSocketImpl.java:304) ~[na:na]
	at java.base/sun.nio.ch.NioSocketImpl.read(NioSocketImpl.java:346) ~[na:na]
	at java.base/sun.nio.ch.NioSocketImpl$1.read(NioSocketImpl.java:796) ~[na:na]
	at java.base/java.net.Socket$SocketInputStream.read(Socket.java:1099) ~[na:na]
	at java.base/sun.security.ssl.SSLSocketInputRecord.read(SSLSocketInputRecord.java:489) ~[na:na]
	at java.base/sun.security.ssl.SSLSocketInputRecord.readHeader(SSLSocketInputRecord.java:483) ~[na:na]
	at java.base/sun.security.ssl.SSLSocketInputRecord.bytesInCompletePacket(SSLSocketInputRecord.java:70) ~[na:na]
	at java.base/sun.security.ssl.SSLSocketImpl.readApplicationRecord(SSLSocketImpl.java:1461) ~[na:na]
	at java.base/sun.security.ssl.SSLSocketImpl$AppInputStream.read(SSLSocketImpl.java:1066) ~[na:na]
	at com.mongodb.internal.connection.SocketStream.read(SocketStream.java:175) ~[mongodb-driver-core-4.11.2.jar:na]
	at com.mongodb.internal.connection.SocketStream.read(SocketStream.java:200) ~[mongodb-driver-core-4.11.2.jar:na]
	at com.mongodb.internal.connection.InternalStreamConnection.receiveResponseBuffers(InternalStreamConnection.java:739) ~[mongodb-driver-core-4.11.2.jar:na]
	at com.mongodb.internal.connection.InternalStreamConnection.receiveMessageWithAdditionalTimeout(InternalStreamConnection.java:603) ~[mongodb-driver-core-4.11.2.jar:na]
	... 5 common frames omitted

2026-03-25T17:57:31.030+05:30  INFO 99702 --- [academic-service] [ngodb.net:27017] org.mongodb.driver.cluster               : Monitor thread successfully connected to server with description ServerDescription{address=ac-3mufzp1-shard-00-00.4nosy2u.mongodb.net:27017, type=REPLICA_SET_SECONDARY, state=CONNECTED, ok=true, minWireVersion=0, maxWireVersion=25, maxDocumentSize=16777216, logicalSessionTimeoutMinutes=30, roundTripTimeNanos=45596041, setName='atlas-hy5sqn-shard-0', canonicalAddress=ac-3mufzp1-shard-00-00.4nosy2u.mongodb.net:27017, hosts=[ac-3mufzp1-shard-00-00.4nosy2u.mongodb.net:27017, ac-3mufzp1-shard-00-02.4nosy2u.mongodb.net:27017, ac-3mufzp1-shard-00-01.4nosy2u.mongodb.net:27017], passives=[], arbiters=[], primary='ac-3mufzp1-shard-00-01.4nosy2u.mongodb.net:27017', tagSet=TagSet{[Tag{name='availabilityZone', value='aps1-az1'}, Tag{name='diskState', value='READY'}, Tag{name='nodeType', value='ELECTABLE'}, Tag{name='provider', value='AWS'}, Tag{name='region', value='AP_SOUTH_1'}, Tag{name='workloadType', value='OPERATIONAL'}]}, electionId=null, setVersion=46, topologyVersion=TopologyVersion{processId=69b30edff67384ce6d9efce1, counter=4}, lastWriteDate=Wed Mar 25 17:57:31 IST 2026, lastUpdateTimeNanos=133082837391916}
2026-03-25T17:57:35.414+05:30  INFO 99702 --- [academic-service] [ngodb.net:27017] org.mongodb.driver.cluster               : Exception in monitor thread while connecting to server ac-3mufzp1-shard-00-02.4nosy2u.mongodb.net:27017

com.mongodb.MongoSocketReadTimeoutException: Timeout while receiving message
	at com.mongodb.internal.connection.InternalStreamConnection.translateReadException(InternalStreamConnection.java:728) ~[mongodb-driver-core-4.11.2.jar:na]
	at com.mongodb.internal.connection.InternalStreamConnection.receiveMessageWithAdditionalTimeout(InternalStreamConnection.java:606) ~[mongodb-driver-core-4.11.2.jar:na]
	at com.mongodb.internal.connection.InternalStreamConnection.receiveCommandMessageResponse(InternalStreamConnection.java:451) ~[mongodb-driver-core-4.11.2.jar:na]
	at com.mongodb.internal.connection.InternalStreamConnection.receive(InternalStreamConnection.java:404) ~[mongodb-driver-core-4.11.2.jar:na]
	at com.mongodb.internal.connection.DefaultServerMonitor$ServerMonitorRunnable.lookupServerDescription(DefaultServerMonitor.java:221) ~[mongodb-driver-core-4.11.2.jar:na]
	at com.mongodb.internal.connection.DefaultServerMonitor$ServerMonitorRunnable.run(DefaultServerMonitor.java:153) ~[mongodb-driver-core-4.11.2.jar:na]
	at java.base/java.lang.Thread.run(Thread.java:1583) ~[na:na]
Caused by: java.net.SocketTimeoutException: Read timed out
	at java.base/sun.nio.ch.NioSocketImpl.timedRead(NioSocketImpl.java:278) ~[na:na]
	at java.base/sun.nio.ch.NioSocketImpl.implRead(NioSocketImpl.java:304) ~[na:na]
	at java.base/sun.nio.ch.NioSocketImpl.read(NioSocketImpl.java:346) ~[na:na]
	at java.base/sun.nio.ch.NioSocketImpl$1.read(NioSocketImpl.java:796) ~[na:na]
	at java.base/java.net.Socket$SocketInputStream.read(Socket.java:1099) ~[na:na]
	at java.base/sun.security.ssl.SSLSocketInputRecord.read(SSLSocketInputRecord.java:489) ~[na:na]
	at java.base/sun.security.ssl.SSLSocketInputRecord.readHeader(SSLSocketInputRecord.java:483) ~[na:na]
	at java.base/sun.security.ssl.SSLSocketInputRecord.bytesInCompletePacket(SSLSocketInputRecord.java:70) ~[na:na]
	at java.base/sun.security.ssl.SSLSocketImpl.readApplicationRecord(SSLSocketImpl.java:1461) ~[na:na]
	at java.base/sun.security.ssl.SSLSocketImpl$AppInputStream.read(SSLSocketImpl.java:1066) ~[na:na]
	at com.mongodb.internal.connection.SocketStream.read(SocketStream.java:175) ~[mongodb-driver-core-4.11.2.jar:na]
	at com.mongodb.internal.connection.SocketStream.read(SocketStream.java:200) ~[mongodb-driver-core-4.11.2.jar:na]
	at com.mongodb.internal.connection.InternalStreamConnection.receiveResponseBuffers(InternalStreamConnection.java:739) ~[mongodb-driver-core-4.11.2.jar:na]
	at com.mongodb.internal.connection.InternalStreamConnection.receiveMessageWithAdditionalTimeout(InternalStreamConnection.java:603) ~[mongodb-driver-core-4.11.2.jar:na]
	... 5 common frames omitted

2026-03-25T17:57:35.525+05:30  INFO 99702 --- [academic-service] [ngodb.net:27017] org.mongodb.driver.cluster               : Monitor thread successfully connected to server with description ServerDescription{address=ac-3mufzp1-shard-00-02.4nosy2u.mongodb.net:27017, type=REPLICA_SET_SECONDARY, state=CONNECTED, ok=true, minWireVersion=0, maxWireVersion=25, maxDocumentSize=16777216, logicalSessionTimeoutMinutes=30, roundTripTimeNanos=46021959, setName='atlas-hy5sqn-shard-0', canonicalAddress=ac-3mufzp1-shard-00-02.4nosy2u.mongodb.net:27017, hosts=[ac-3mufzp1-shard-00-00.4nosy2u.mongodb.net:27017, ac-3mufzp1-shard-00-02.4nosy2u.mongodb.net:27017, ac-3mufzp1-shard-00-01.4nosy2u.mongodb.net:27017], passives=[], arbiters=[], primary='ac-3mufzp1-shard-00-01.4nosy2u.mongodb.net:27017', tagSet=TagSet{[Tag{name='availabilityZone', value='aps1-az2'}, Tag{name='diskState', value='READY'}, Tag{name='nodeType', value='ELECTABLE'}, Tag{name='provider', value='AWS'}, Tag{name='region', value='AP_SOUTH_1'}, Tag{name='workloadType', value='OPERATIONAL'}]}, electionId=null, setVersion=46, topologyVersion=TopologyVersion{processId=69b31436cf980eb974c6b7c1, counter=3}, lastWriteDate=Wed Mar 25 17:57:35 IST 2026, lastUpdateTimeNanos=133087337638125}
2026-03-25T17:59:13.519+05:30  INFO 99702 --- [academic-service] [tbeatExecutor-0] com.netflix.discovery.DiscoveryClient    : DiscoveryClient_ACADEMIC-SERVICE/192.168.0.207:academic-service:8089 - Re-registering apps/ACADEMIC-SERVICE
2026-03-25T17:59:13.521+05:30  INFO 99702 --- [academic-service] [tbeatExecutor-0] com.netflix.discovery.DiscoveryClient    : DiscoveryClient_ACADEMIC-SERVICE/192.168.0.207:academic-service:8089: registering service...
2026-03-25T17:59:13.531+05:30  INFO 99702 --- [academic-service] [tbeatExecutor-0] com.netflix.discovery.DiscoveryClient    : DiscoveryClient_ACADEMIC-SERVICE/192.168.0.207:academic-service:8089 - registration status: 204
2026-03-25T17:59:16.539+05:30  INFO 99702 --- [academic-service] [ngodb.net:27017] org.mongodb.driver.cluster               : Exception in monitor thread while connecting to server ac-3mufzp1-shard-00-01.4nosy2u.mongodb.net:27017

com.mongodb.MongoSocketReadTimeoutException: Timeout while receiving message
	at com.mongodb.internal.connection.InternalStreamConnection.translateReadException(InternalStreamConnection.java:728) ~[mongodb-driver-core-4.11.2.jar:na]
	at com.mongodb.internal.connection.InternalStreamConnection.receiveMessageWithAdditionalTimeout(InternalStreamConnection.java:606) ~[mongodb-driver-core-4.11.2.jar:na]
	at com.mongodb.internal.connection.InternalStreamConnection.receiveCommandMessageResponse(InternalStreamConnection.java:451) ~[mongodb-driver-core-4.11.2.jar:na]
	at com.mongodb.internal.connection.InternalStreamConnection.receive(InternalStreamConnection.java:404) ~[mongodb-driver-core-4.11.2.jar:na]
	at com.mongodb.internal.connection.DefaultServerMonitor$ServerMonitorRunnable.lookupServerDescription(DefaultServerMonitor.java:221) ~[mongodb-driver-core-4.11.2.jar:na]
	at com.mongodb.internal.connection.DefaultServerMonitor$ServerMonitorRunnable.run(DefaultServerMonitor.java:153) ~[mongodb-driver-core-4.11.2.jar:na]
	at java.base/java.lang.Thread.run(Thread.java:1583) ~[na:na]
Caused by: java.net.SocketTimeoutException: Read timed out
	at java.base/sun.nio.ch.NioSocketImpl.timedRead(NioSocketImpl.java:278) ~[na:na]
	at java.base/sun.nio.ch.NioSocketImpl.implRead(NioSocketImpl.java:304) ~[na:na]
	at java.base/sun.nio.ch.NioSocketImpl.read(NioSocketImpl.java:346) ~[na:na]
	at java.base/sun.nio.ch.NioSocketImpl$1.read(NioSocketImpl.java:796) ~[na:na]
	at java.base/java.net.Socket$SocketInputStream.read(Socket.java:1099) ~[na:na]
	at java.base/sun.security.ssl.SSLSocketInputRecord.read(SSLSocketInputRecord.java:489) ~[na:na]
	at java.base/sun.security.ssl.SSLSocketInputRecord.readHeader(SSLSocketInputRecord.java:483) ~[na:na]
	at java.base/sun.security.ssl.SSLSocketInputRecord.bytesInCompletePacket(SSLSocketInputRecord.java:70) ~[na:na]
	at java.base/sun.security.ssl.SSLSocketImpl.readApplicationRecord(SSLSocketImpl.java:1461) ~[na:na]
	at java.base/sun.security.ssl.SSLSocketImpl$AppInputStream.read(SSLSocketImpl.java:1066) ~[na:na]
	at com.mongodb.internal.connection.SocketStream.read(SocketStream.java:175) ~[mongodb-driver-core-4.11.2.jar:na]
	at com.mongodb.internal.connection.SocketStream.read(SocketStream.java:200) ~[mongodb-driver-core-4.11.2.jar:na]
	at com.mongodb.internal.connection.InternalStreamConnection.receiveResponseBuffers(InternalStreamConnection.java:739) ~[mongodb-driver-core-4.11.2.jar:na]
	at com.mongodb.internal.connection.InternalStreamConnection.receiveMessageWithAdditionalTimeout(InternalStreamConnection.java:603) ~[mongodb-driver-core-4.11.2.jar:na]
	... 5 common frames omitted

2026-03-25T17:59:16.553+05:30  INFO 99702 --- [academic-service] [ngodb.net:27017] org.mongodb.driver.cluster               : Exception in monitor thread while connecting to server ac-3mufzp1-shard-00-01.4nosy2u.mongodb.net:27017

com.mongodb.MongoSocketException: ac-3mufzp1-shard-00-01.4nosy2u.mongodb.net: nodename nor servname provided, or not known
	at com.mongodb.ServerAddress.getSocketAddresses(ServerAddress.java:221) ~[mongodb-driver-core-4.11.2.jar:na]
	at com.mongodb.internal.connection.ServerAddressWithResolver.getSocketAddresses(ServerAddressWithResolver.java:68) ~[mongodb-driver-core-4.11.2.jar:na]
	at com.mongodb.internal.connection.SocketStream.initializeSocket(SocketStream.java:100) ~[mongodb-driver-core-4.11.2.jar:na]
	at com.mongodb.internal.connection.SocketStream.open(SocketStream.java:78) ~[mongodb-driver-core-4.11.2.jar:na]
	at com.mongodb.internal.connection.InternalStreamConnection.open(InternalStreamConnection.java:211) ~[mongodb-driver-core-4.11.2.jar:na]
	at com.mongodb.internal.connection.DefaultServerMonitor$ServerMonitorRunnable.lookupServerDescription(DefaultServerMonitor.java:193) ~[mongodb-driver-core-4.11.2.jar:na]
	at com.mongodb.internal.connection.DefaultServerMonitor$ServerMonitorRunnable.run(DefaultServerMonitor.java:153) ~[mongodb-driver-core-4.11.2.jar:na]
	at java.base/java.lang.Thread.run(Thread.java:1583) ~[na:na]
Caused by: java.net.UnknownHostException: ac-3mufzp1-shard-00-01.4nosy2u.mongodb.net: nodename nor servname provided, or not known
	at java.base/java.net.Inet6AddressImpl.lookupAllHostAddr(Native Method) ~[na:na]
	at java.base/java.net.Inet6AddressImpl.lookupAllHostAddr(Inet6AddressImpl.java:52) ~[na:na]
	at java.base/java.net.InetAddress$PlatformResolver.lookupByName(InetAddress.java:1211) ~[na:na]
	at java.base/java.net.InetAddress.getAddressesFromNameService(InetAddress.java:1828) ~[na:na]
	at java.base/java.net.InetAddress$NameServiceAddresses.get(InetAddress.java:1139) ~[na:na]
	at java.base/java.net.InetAddress.getAllByName0(InetAddress.java:1818) ~[na:na]
	at java.base/java.net.InetAddress.getAllByName(InetAddress.java:1688) ~[na:na]
	at com.mongodb.ServerAddress.getSocketAddresses(ServerAddress.java:213) ~[mongodb-driver-core-4.11.2.jar:na]
	... 7 common frames omitted

2026-03-25T18:16:05.404+05:30  INFO 99702 --- [academic-service] [ngodb.net:27017] org.mongodb.driver.cluster               : Exception in monitor thread while connecting to server ac-3mufzp1-shard-00-02.4nosy2u.mongodb.net:27017

com.mongodb.MongoSocketReadTimeoutException: Timeout while receiving message
	at com.mongodb.internal.connection.InternalStreamConnection.translateReadException(InternalStreamConnection.java:728) ~[mongodb-driver-core-4.11.2.jar:na]
	at com.mongodb.internal.connection.InternalStreamConnection.receiveMessageWithAdditionalTimeout(InternalStreamConnection.java:606) ~[mongodb-driver-core-4.11.2.jar:na]
	at com.mongodb.internal.connection.InternalStreamConnection.receiveCommandMessageResponse(InternalStreamConnection.java:451) ~[mongodb-driver-core-4.11.2.jar:na]
	at com.mongodb.internal.connection.InternalStreamConnection.receive(InternalStreamConnection.java:404) ~[mongodb-driver-core-4.11.2.jar:na]
	at com.mongodb.internal.connection.DefaultServerMonitor$ServerMonitorRunnable.lookupServerDescription(DefaultServerMonitor.java:221) ~[mongodb-driver-core-4.11.2.jar:na]
	at com.mongodb.internal.connection.DefaultServerMonitor$ServerMonitorRunnable.run(DefaultServerMonitor.java:153) ~[mongodb-driver-core-4.11.2.jar:na]
	at java.base/java.lang.Thread.run(Thread.java:1583) ~[na:na]
Caused by: java.net.SocketTimeoutException: Read timed out
	at java.base/sun.nio.ch.NioSocketImpl.timedRead(NioSocketImpl.java:278) ~[na:na]
	at java.base/sun.nio.ch.NioSocketImpl.implRead(NioSocketImpl.java:304) ~[na:na]
	at java.base/sun.nio.ch.NioSocketImpl.read(NioSocketImpl.java:346) ~[na:na]
	at java.base/sun.nio.ch.NioSocketImpl$1.read(NioSocketImpl.java:796) ~[na:na]
	at java.base/java.net.Socket$SocketInputStream.read(Socket.java:1099) ~[na:na]
	at java.base/sun.security.ssl.SSLSocketInputRecord.read(SSLSocketInputRecord.java:489) ~[na:na]
	at java.base/sun.security.ssl.SSLSocketInputRecord.readHeader(SSLSocketInputRecord.java:483) ~[na:na]
	at java.base/sun.security.ssl.SSLSocketInputRecord.bytesInCompletePacket(SSLSocketInputRecord.java:70) ~[na:na]
	at java.base/sun.security.ssl.SSLSocketImpl.readApplicationRecord(SSLSocketImpl.java:1461) ~[na:na]
	at java.base/sun.security.ssl.SSLSocketImpl$AppInputStream.read(SSLSocketImpl.java:1066) ~[na:na]
	at com.mongodb.internal.connection.SocketStream.read(SocketStream.java:175) ~[mongodb-driver-core-4.11.2.jar:na]
	at com.mongodb.internal.connection.SocketStream.read(SocketStream.java:200) ~[mongodb-driver-core-4.11.2.jar:na]
	at com.mongodb.internal.connection.InternalStreamConnection.receiveResponseBuffers(InternalStreamConnection.java:739) ~[mongodb-driver-core-4.11.2.jar:na]
	at com.mongodb.internal.connection.InternalStreamConnection.receiveMessageWithAdditionalTimeout(InternalStreamConnection.java:603) ~[mongodb-driver-core-4.11.2.jar:na]
	... 5 common frames omitted

2026-03-25T18:16:05.425+05:30  INFO 99702 --- [academic-service] [ngodb.net:27017] org.mongodb.driver.cluster               : Exception in monitor thread while connecting to server ac-3mufzp1-shard-00-02.4nosy2u.mongodb.net:27017

com.mongodb.MongoSocketOpenException: Exception opening socket
	at com.mongodb.internal.connection.SocketStream.lambda$open$0(SocketStream.java:84) ~[mongodb-driver-core-4.11.2.jar:na]
	at java.base/java.util.Optional.orElseThrow(Optional.java:403) ~[na:na]
	at com.mongodb.internal.connection.SocketStream.open(SocketStream.java:84) ~[mongodb-driver-core-4.11.2.jar:na]
	at com.mongodb.internal.connection.InternalStreamConnection.open(InternalStreamConnection.java:211) ~[mongodb-driver-core-4.11.2.jar:na]
	at com.mongodb.internal.connection.DefaultServerMonitor$ServerMonitorRunnable.lookupServerDescription(DefaultServerMonitor.java:193) ~[mongodb-driver-core-4.11.2.jar:na]
	at com.mongodb.internal.connection.DefaultServerMonitor$ServerMonitorRunnable.run(DefaultServerMonitor.java:153) ~[mongodb-driver-core-4.11.2.jar:na]
	at java.base/java.lang.Thread.run(Thread.java:1583) ~[na:na]
Caused by: java.net.SocketException: Network is unreachable
	at java.base/sun.nio.ch.Net.connect0(Native Method) ~[na:na]
	at java.base/sun.nio.ch.Net.connect(Net.java:589) ~[na:na]
	at java.base/sun.nio.ch.Net.connect(Net.java:578) ~[na:na]
	at java.base/sun.nio.ch.NioSocketImpl.connect(NioSocketImpl.java:583) ~[na:na]
	at java.base/java.net.SocksSocketImpl.connect(SocksSocketImpl.java:327) ~[na:na]
	at java.base/java.net.Socket.connect(Socket.java:751) ~[na:na]
	at java.base/sun.security.ssl.SSLSocketImpl.connect(SSLSocketImpl.java:304) ~[na:na]
	at com.mongodb.internal.connection.SocketStreamHelper.initialize(SocketStreamHelper.java:76) ~[mongodb-driver-core-4.11.2.jar:na]
	at com.mongodb.internal.connection.SocketStream.initializeSocket(SocketStream.java:104) ~[mongodb-driver-core-4.11.2.jar:na]
	at com.mongodb.internal.connection.SocketStream.open(SocketStream.java:78) ~[mongodb-driver-core-4.11.2.jar:na]
	... 4 common frames omitted

2026-03-25T18:22:51.479+05:30  INFO 99702 --- [academic-service] [ngodb.net:27017] org.mongodb.driver.cluster               : Exception in monitor thread while connecting to server ac-3mufzp1-shard-00-00.4nosy2u.mongodb.net:27017

com.mongodb.MongoSocketReadTimeoutException: Timeout while receiving message
	at com.mongodb.internal.connection.InternalStreamConnection.translateReadException(InternalStreamConnection.java:728) ~[mongodb-driver-core-4.11.2.jar:na]
	at com.mongodb.internal.connection.InternalStreamConnection.receiveMessageWithAdditionalTimeout(InternalStreamConnection.java:606) ~[mongodb-driver-core-4.11.2.jar:na]
	at com.mongodb.internal.connection.InternalStreamConnection.receiveCommandMessageResponse(InternalStreamConnection.java:451) ~[mongodb-driver-core-4.11.2.jar:na]
	at com.mongodb.internal.connection.InternalStreamConnection.receive(InternalStreamConnection.java:404) ~[mongodb-driver-core-4.11.2.jar:na]
	at com.mongodb.internal.connection.DefaultServerMonitor$ServerMonitorRunnable.lookupServerDescription(DefaultServerMonitor.java:221) ~[mongodb-driver-core-4.11.2.jar:na]
	at com.mongodb.internal.connection.DefaultServerMonitor$ServerMonitorRunnable.run(DefaultServerMonitor.java:153) ~[mongodb-driver-core-4.11.2.jar:na]
	at java.base/java.lang.Thread.run(Thread.java:1583) ~[na:na]
Caused by: java.net.SocketTimeoutException: Read timed out
	at java.base/sun.nio.ch.NioSocketImpl.timedRead(NioSocketImpl.java:278) ~[na:na]
	at java.base/sun.nio.ch.NioSocketImpl.implRead(NioSocketImpl.java:304) ~[na:na]
	at java.base/sun.nio.ch.NioSocketImpl.read(NioSocketImpl.java:346) ~[na:na]
	at java.base/sun.nio.ch.NioSocketImpl$1.read(NioSocketImpl.java:796) ~[na:na]
	at java.base/java.net.Socket$SocketInputStream.read(Socket.java:1099) ~[na:na]
	at java.base/sun.security.ssl.SSLSocketInputRecord.read(SSLSocketInputRecord.java:489) ~[na:na]
	at java.base/sun.security.ssl.SSLSocketInputRecord.readHeader(SSLSocketInputRecord.java:483) ~[na:na]
	at java.base/sun.security.ssl.SSLSocketInputRecord.bytesInCompletePacket(SSLSocketInputRecord.java:70) ~[na:na]
	at java.base/sun.security.ssl.SSLSocketImpl.readApplicationRecord(SSLSocketImpl.java:1461) ~[na:na]
	at java.base/sun.security.ssl.SSLSocketImpl$AppInputStream.read(SSLSocketImpl.java:1066) ~[na:na]
	at com.mongodb.internal.connection.SocketStream.read(SocketStream.java:175) ~[mongodb-driver-core-4.11.2.jar:na]
	at com.mongodb.internal.connection.SocketStream.read(SocketStream.java:200) ~[mongodb-driver-core-4.11.2.jar:na]
	at com.mongodb.internal.connection.InternalStreamConnection.receiveResponseBuffers(InternalStreamConnection.java:739) ~[mongodb-driver-core-4.11.2.jar:na]
	at com.mongodb.internal.connection.InternalStreamConnection.receiveMessageWithAdditionalTimeout(InternalStreamConnection.java:603) ~[mongodb-driver-core-4.11.2.jar:na]
	... 5 common frames omitted

2026-03-25T18:22:51.864+05:30  INFO 99702 --- [academic-service] [ngodb.net:27017] org.mongodb.driver.cluster               : Exception in monitor thread while connecting to server ac-3mufzp1-shard-00-00.4nosy2u.mongodb.net:27017

com.mongodb.MongoSocketWriteException: Exception sending message
	at com.mongodb.internal.connection.InternalStreamConnection.translateWriteException(InternalStreamConnection.java:714) ~[mongodb-driver-core-4.11.2.jar:na]
	at com.mongodb.internal.connection.InternalStreamConnection.sendMessage(InternalStreamConnection.java:587) ~[mongodb-driver-core-4.11.2.jar:na]
	at com.mongodb.internal.connection.InternalStreamConnection.sendCommandMessage(InternalStreamConnection.java:419) ~[mongodb-driver-core-4.11.2.jar:na]
	at com.mongodb.internal.connection.InternalStreamConnection.sendAndReceive(InternalStreamConnection.java:364) ~[mongodb-driver-core-4.11.2.jar:na]
	at com.mongodb.internal.connection.CommandHelper.sendAndReceive(CommandHelper.java:92) ~[mongodb-driver-core-4.11.2.jar:na]
	at com.mongodb.internal.connection.CommandHelper.executeCommand(CommandHelper.java:48) ~[mongodb-driver-core-4.11.2.jar:na]
	at com.mongodb.internal.connection.InternalStreamConnectionInitializer.initializeConnectionDescription(InternalStreamConnectionInitializer.java:130) ~[mongodb-driver-core-4.11.2.jar:na]
	at com.mongodb.internal.connection.InternalStreamConnectionInitializer.startHandshake(InternalStreamConnectionInitializer.java:78) ~[mongodb-driver-core-4.11.2.jar:na]
	at com.mongodb.internal.connection.InternalStreamConnection.open(InternalStreamConnection.java:213) ~[mongodb-driver-core-4.11.2.jar:na]
	at com.mongodb.internal.connection.DefaultServerMonitor$ServerMonitorRunnable.lookupServerDescription(DefaultServerMonitor.java:193) ~[mongodb-driver-core-4.11.2.jar:na]
	at com.mongodb.internal.connection.DefaultServerMonitor$ServerMonitorRunnable.run(DefaultServerMonitor.java:153) ~[mongodb-driver-core-4.11.2.jar:na]
	at java.base/java.lang.Thread.run(Thread.java:1583) ~[na:na]
Caused by: javax.net.ssl.SSLException: Received fatal alert: internal_error
	at java.base/sun.security.ssl.Alert.createSSLException(Alert.java:132) ~[na:na]
	at java.base/sun.security.ssl.Alert.createSSLException(Alert.java:117) ~[na:na]
	at java.base/sun.security.ssl.TransportContext.fatal(TransportContext.java:370) ~[na:na]
	at java.base/sun.security.ssl.Alert$AlertConsumer.consume(Alert.java:287) ~[na:na]
	at java.base/sun.security.ssl.TransportContext.dispatch(TransportContext.java:209) ~[na:na]
	at java.base/sun.security.ssl.SSLTransport.decode(SSLTransport.java:172) ~[na:na]
	at java.base/sun.security.ssl.SSLSocketImpl.decode(SSLSocketImpl.java:1506) ~[na:na]
	at java.base/sun.security.ssl.SSLSocketImpl.readHandshakeRecord(SSLSocketImpl.java:1421) ~[na:na]
	at java.base/sun.security.ssl.SSLSocketImpl.startHandshake(SSLSocketImpl.java:455) ~[na:na]
	at java.base/sun.security.ssl.SSLSocketImpl.ensureNegotiated(SSLSocketImpl.java:922) ~[na:na]
	at java.base/sun.security.ssl.SSLSocketImpl$AppOutputStream.write(SSLSocketImpl.java:1291) ~[na:na]
	at com.mongodb.internal.connection.SocketStream.write(SocketStream.java:164) ~[mongodb-driver-core-4.11.2.jar:na]
	at com.mongodb.internal.connection.InternalStreamConnection.sendMessage(InternalStreamConnection.java:584) ~[mongodb-driver-core-4.11.2.jar:na]
	... 10 common frames omitted

2026-03-25T18:22:51.864+05:30  INFO 99702 --- [academic-service] [ngodb.net:27017] org.mongodb.driver.cluster               : Exception in monitor thread while connecting to server ac-3mufzp1-shard-00-02.4nosy2u.mongodb.net:27017

com.mongodb.MongoSocketWriteException: Exception sending message
	at com.mongodb.internal.connection.InternalStreamConnection.translateWriteException(InternalStreamConnection.java:714) ~[mongodb-driver-core-4.11.2.jar:na]
	at com.mongodb.internal.connection.InternalStreamConnection.sendMessage(InternalStreamConnection.java:587) ~[mongodb-driver-core-4.11.2.jar:na]
	at com.mongodb.internal.connection.InternalStreamConnection.sendCommandMessage(InternalStreamConnection.java:419) ~[mongodb-driver-core-4.11.2.jar:na]
	at com.mongodb.internal.connection.InternalStreamConnection.sendAndReceive(InternalStreamConnection.java:364) ~[mongodb-driver-core-4.11.2.jar:na]
	at com.mongodb.internal.connection.CommandHelper.sendAndReceive(CommandHelper.java:92) ~[mongodb-driver-core-4.11.2.jar:na]
	at com.mongodb.internal.connection.CommandHelper.executeCommand(CommandHelper.java:48) ~[mongodb-driver-core-4.11.2.jar:na]
	at com.mongodb.internal.connection.InternalStreamConnectionInitializer.initializeConnectionDescription(InternalStreamConnectionInitializer.java:130) ~[mongodb-driver-core-4.11.2.jar:na]
	at com.mongodb.internal.connection.InternalStreamConnectionInitializer.startHandshake(InternalStreamConnectionInitializer.java:78) ~[mongodb-driver-core-4.11.2.jar:na]
	at com.mongodb.internal.connection.InternalStreamConnection.open(InternalStreamConnection.java:213) ~[mongodb-driver-core-4.11.2.jar:na]
	at com.mongodb.internal.connection.DefaultServerMonitor$ServerMonitorRunnable.lookupServerDescription(DefaultServerMonitor.java:193) ~[mongodb-driver-core-4.11.2.jar:na]
	at com.mongodb.internal.connection.DefaultServerMonitor$ServerMonitorRunnable.run(DefaultServerMonitor.java:153) ~[mongodb-driver-core-4.11.2.jar:na]
	at java.base/java.lang.Thread.run(Thread.java:1583) ~[na:na]
Caused by: javax.net.ssl.SSLException: Received fatal alert: internal_error
	at java.base/sun.security.ssl.Alert.createSSLException(Alert.java:132) ~[na:na]
	at java.base/sun.security.ssl.Alert.createSSLException(Alert.java:117) ~[na:na]
	at java.base/sun.security.ssl.TransportContext.fatal(TransportContext.java:370) ~[na:na]
	at java.base/sun.security.ssl.Alert$AlertConsumer.consume(Alert.java:287) ~[na:na]
	at java.base/sun.security.ssl.TransportContext.dispatch(TransportContext.java:209) ~[na:na]
	at java.base/sun.security.ssl.SSLTransport.decode(SSLTransport.java:172) ~[na:na]
	at java.base/sun.security.ssl.SSLSocketImpl.decode(SSLSocketImpl.java:1506) ~[na:na]
	at java.base/sun.security.ssl.SSLSocketImpl.readHandshakeRecord(SSLSocketImpl.java:1421) ~[na:na]
	at java.base/sun.security.ssl.SSLSocketImpl.startHandshake(SSLSocketImpl.java:455) ~[na:na]
	at java.base/sun.security.ssl.SSLSocketImpl.ensureNegotiated(SSLSocketImpl.java:922) ~[na:na]
	at java.base/sun.security.ssl.SSLSocketImpl$AppOutputStream.write(SSLSocketImpl.java:1291) ~[na:na]
	at com.mongodb.internal.connection.SocketStream.write(SocketStream.java:164) ~[mongodb-driver-core-4.11.2.jar:na]
	at com.mongodb.internal.connection.InternalStreamConnection.sendMessage(InternalStreamConnection.java:584) ~[mongodb-driver-core-4.11.2.jar:na]
	... 10 common frames omitted

2026-03-25T18:22:57.040+05:30  INFO 99702 --- [academic-service] [trap-executor-0] c.n.d.s.r.aws.ConfigClusterResolver      : Resolving eureka endpoints via configuration
2026-03-25T18:22:57.628+05:30  INFO 99702 --- [academic-service] [ngodb.net:27017] org.mongodb.driver.cluster               : Exception in monitor thread while connecting to server ac-3mufzp1-shard-00-01.4nosy2u.mongodb.net:27017

com.mongodb.MongoSocketWriteException: Exception sending message
	at com.mongodb.internal.connection.InternalStreamConnection.translateWriteException(InternalStreamConnection.java:714) ~[mongodb-driver-core-4.11.2.jar:na]
	at com.mongodb.internal.connection.InternalStreamConnection.sendMessage(InternalStreamConnection.java:587) ~[mongodb-driver-core-4.11.2.jar:na]
	at com.mongodb.internal.connection.InternalStreamConnection.sendCommandMessage(InternalStreamConnection.java:419) ~[mongodb-driver-core-4.11.2.jar:na]
	at com.mongodb.internal.connection.InternalStreamConnection.sendAndReceive(InternalStreamConnection.java:364) ~[mongodb-driver-core-4.11.2.jar:na]
	at com.mongodb.internal.connection.CommandHelper.sendAndReceive(CommandHelper.java:92) ~[mongodb-driver-core-4.11.2.jar:na]
	at com.mongodb.internal.connection.CommandHelper.executeCommand(CommandHelper.java:48) ~[mongodb-driver-core-4.11.2.jar:na]
	at com.mongodb.internal.connection.InternalStreamConnectionInitializer.initializeConnectionDescription(InternalStreamConnectionInitializer.java:130) ~[mongodb-driver-core-4.11.2.jar:na]
	at com.mongodb.internal.connection.InternalStreamConnectionInitializer.startHandshake(InternalStreamConnectionInitializer.java:78) ~[mongodb-driver-core-4.11.2.jar:na]
	at com.mongodb.internal.connection.InternalStreamConnection.open(InternalStreamConnection.java:213) ~[mongodb-driver-core-4.11.2.jar:na]
	at com.mongodb.internal.connection.DefaultServerMonitor$ServerMonitorRunnable.lookupServerDescription(DefaultServerMonitor.java:193) ~[mongodb-driver-core-4.11.2.jar:na]
	at com.mongodb.internal.connection.DefaultServerMonitor$ServerMonitorRunnable.run(DefaultServerMonitor.java:153) ~[mongodb-driver-core-4.11.2.jar:na]
	at java.base/java.lang.Thread.run(Thread.java:1583) ~[na:na]
Caused by: javax.net.ssl.SSLException: Received fatal alert: internal_error
	at java.base/sun.security.ssl.Alert.createSSLException(Alert.java:132) ~[na:na]
	at java.base/sun.security.ssl.Alert.createSSLException(Alert.java:117) ~[na:na]
	at java.base/sun.security.ssl.TransportContext.fatal(TransportContext.java:370) ~[na:na]
	at java.base/sun.security.ssl.Alert$AlertConsumer.consume(Alert.java:287) ~[na:na]
	at java.base/sun.security.ssl.TransportContext.dispatch(TransportContext.java:209) ~[na:na]
	at java.base/sun.security.ssl.SSLTransport.decode(SSLTransport.java:172) ~[na:na]
	at java.base/sun.security.ssl.SSLSocketImpl.decode(SSLSocketImpl.java:1506) ~[na:na]
	at java.base/sun.security.ssl.SSLSocketImpl.readHandshakeRecord(SSLSocketImpl.java:1421) ~[na:na]
	at java.base/sun.security.ssl.SSLSocketImpl.startHandshake(SSLSocketImpl.java:455) ~[na:na]
	at java.base/sun.security.ssl.SSLSocketImpl.ensureNegotiated(SSLSocketImpl.java:922) ~[na:na]
	at java.base/sun.security.ssl.SSLSocketImpl$AppOutputStream.write(SSLSocketImpl.java:1291) ~[na:na]
	at com.mongodb.internal.connection.SocketStream.write(SocketStream.java:164) ~[mongodb-driver-core-4.11.2.jar:na]
	at com.mongodb.internal.connection.InternalStreamConnection.sendMessage(InternalStreamConnection.java:584) ~[mongodb-driver-core-4.11.2.jar:na]
	... 10 common frames omitted

2026-03-25T19:02:41.658+05:30  INFO 99702 --- [academic-service] [tbeatExecutor-0] com.netflix.discovery.DiscoveryClient    : DiscoveryClient_ACADEMIC-SERVICE/192.168.0.207:academic-service:8089 - Re-registering apps/ACADEMIC-SERVICE
2026-03-25T19:02:41.659+05:30  INFO 99702 --- [academic-service] [tbeatExecutor-0] com.netflix.discovery.DiscoveryClient    : DiscoveryClient_ACADEMIC-SERVICE/192.168.0.207:academic-service:8089: registering service...
2026-03-25T19:02:41.680+05:30  INFO 99702 --- [academic-service] [tbeatExecutor-0] com.netflix.discovery.DiscoveryClient    : DiscoveryClient_ACADEMIC-SERVICE/192.168.0.207:academic-service:8089 - registration status: 204
2026-03-25T19:38:12.082+05:30  INFO 99702 --- [academic-service] [ngodb.net:27017] org.mongodb.driver.cluster               : Exception in monitor thread while connecting to server ac-3mufzp1-shard-00-02.4nosy2u.mongodb.net:27017

com.mongodb.MongoSocketException: ac-3mufzp1-shard-00-02.4nosy2u.mongodb.net
	at com.mongodb.ServerAddress.getSocketAddresses(ServerAddress.java:221) ~[mongodb-driver-core-4.11.2.jar:na]
	at com.mongodb.internal.connection.ServerAddressWithResolver.getSocketAddresses(ServerAddressWithResolver.java:68) ~[mongodb-driver-core-4.11.2.jar:na]
	at com.mongodb.internal.connection.SocketStream.initializeSocket(SocketStream.java:100) ~[mongodb-driver-core-4.11.2.jar:na]
	at com.mongodb.internal.connection.SocketStream.open(SocketStream.java:78) ~[mongodb-driver-core-4.11.2.jar:na]
	at com.mongodb.internal.connection.InternalStreamConnection.open(InternalStreamConnection.java:211) ~[mongodb-driver-core-4.11.2.jar:na]
	at com.mongodb.internal.connection.DefaultServerMonitor$ServerMonitorRunnable.lookupServerDescription(DefaultServerMonitor.java:193) ~[mongodb-driver-core-4.11.2.jar:na]
	at com.mongodb.internal.connection.DefaultServerMonitor$ServerMonitorRunnable.run(DefaultServerMonitor.java:153) ~[mongodb-driver-core-4.11.2.jar:na]
	at java.base/java.lang.Thread.run(Thread.java:1583) ~[na:na]
Caused by: java.net.UnknownHostException: ac-3mufzp1-shard-00-02.4nosy2u.mongodb.net
	at java.base/java.net.InetAddress$CachedLookup.get(InetAddress.java:988) ~[na:na]
	at java.base/java.net.InetAddress.getAllByName0(InetAddress.java:1818) ~[na:na]
	at java.base/java.net.InetAddress.getAllByName(InetAddress.java:1688) ~[na:na]
	at com.mongodb.ServerAddress.getSocketAddresses(ServerAddress.java:213) ~[mongodb-driver-core-4.11.2.jar:na]
	... 7 common frames omitted

2026-03-25T19:38:12.085+05:30  INFO 99702 --- [academic-service] [ngodb.net:27017] org.mongodb.driver.cluster               : Exception in monitor thread while connecting to server ac-3mufzp1-shard-00-00.4nosy2u.mongodb.net:27017

com.mongodb.MongoSocketException: ac-3mufzp1-shard-00-00.4nosy2u.mongodb.net: nodename nor servname provided, or not known
	at com.mongodb.ServerAddress.getSocketAddresses(ServerAddress.java:221) ~[mongodb-driver-core-4.11.2.jar:na]
	at com.mongodb.internal.connection.ServerAddressWithResolver.getSocketAddresses(ServerAddressWithResolver.java:68) ~[mongodb-driver-core-4.11.2.jar:na]
	at com.mongodb.internal.connection.SocketStream.initializeSocket(SocketStream.java:100) ~[mongodb-driver-core-4.11.2.jar:na]
	at com.mongodb.internal.connection.SocketStream.open(SocketStream.java:78) ~[mongodb-driver-core-4.11.2.jar:na]
	at com.mongodb.internal.connection.InternalStreamConnection.open(InternalStreamConnection.java:211) ~[mongodb-driver-core-4.11.2.jar:na]
	at com.mongodb.internal.connection.DefaultServerMonitor$ServerMonitorRunnable.lookupServerDescription(DefaultServerMonitor.java:193) ~[mongodb-driver-core-4.11.2.jar:na]
	at com.mongodb.internal.connection.DefaultServerMonitor$ServerMonitorRunnable.run(DefaultServerMonitor.java:153) ~[mongodb-driver-core-4.11.2.jar:na]
	at java.base/java.lang.Thread.run(Thread.java:1583) ~[na:na]
Caused by: java.net.UnknownHostException: ac-3mufzp1-shard-00-00.4nosy2u.mongodb.net: nodename nor servname provided, or not known
	at java.base/java.net.Inet6AddressImpl.lookupAllHostAddr(Native Method) ~[na:na]
	at java.base/java.net.Inet6AddressImpl.lookupAllHostAddr(Inet6AddressImpl.java:52) ~[na:na]
	at java.base/java.net.InetAddress$PlatformResolver.lookupByName(InetAddress.java:1211) ~[na:na]
	at java.base/java.net.InetAddress.getAddressesFromNameService(InetAddress.java:1828) ~[na:na]
	at java.base/java.net.InetAddress$NameServiceAddresses.get(InetAddress.java:1139) ~[na:na]
	at java.base/java.net.InetAddress.getAllByName0(InetAddress.java:1818) ~[na:na]
	at java.base/java.net.InetAddress.getAllByName(InetAddress.java:1688) ~[na:na]
	at com.mongodb.ServerAddress.getSocketAddresses(ServerAddress.java:213) ~[mongodb-driver-core-4.11.2.jar:na]
	... 7 common frames omitted

2026-03-25T19:38:18.114+05:30  INFO 99702 --- [academic-service] [ngodb.net:27017] org.mongodb.driver.cluster               : Exception in monitor thread while connecting to server ac-3mufzp1-shard-00-01.4nosy2u.mongodb.net:27017

com.mongodb.MongoSocketOpenException: Exception opening socket
	at com.mongodb.internal.connection.SocketStream.lambda$open$0(SocketStream.java:84) ~[mongodb-driver-core-4.11.2.jar:na]
	at java.base/java.util.Optional.orElseThrow(Optional.java:403) ~[na:na]
	at com.mongodb.internal.connection.SocketStream.open(SocketStream.java:84) ~[mongodb-driver-core-4.11.2.jar:na]
	at com.mongodb.internal.connection.InternalStreamConnection.open(InternalStreamConnection.java:211) ~[mongodb-driver-core-4.11.2.jar:na]
	at com.mongodb.internal.connection.DefaultServerMonitor$ServerMonitorRunnable.lookupServerDescription(DefaultServerMonitor.java:193) ~[mongodb-driver-core-4.11.2.jar:na]
	at com.mongodb.internal.connection.DefaultServerMonitor$ServerMonitorRunnable.run(DefaultServerMonitor.java:153) ~[mongodb-driver-core-4.11.2.jar:na]
	at java.base/java.lang.Thread.run(Thread.java:1583) ~[na:na]
Caused by: java.net.SocketTimeoutException: Connect timed out
	at java.base/sun.nio.ch.NioSocketImpl.timedFinishConnect(NioSocketImpl.java:546) ~[na:na]
	at java.base/sun.nio.ch.NioSocketImpl.connect(NioSocketImpl.java:592) ~[na:na]
	at java.base/java.net.SocksSocketImpl.connect(SocksSocketImpl.java:327) ~[na:na]
	at java.base/java.net.Socket.connect(Socket.java:751) ~[na:na]
	at java.base/sun.security.ssl.SSLSocketImpl.connect(SSLSocketImpl.java:304) ~[na:na]
	at com.mongodb.internal.connection.SocketStreamHelper.initialize(SocketStreamHelper.java:76) ~[mongodb-driver-core-4.11.2.jar:na]
	at com.mongodb.internal.connection.SocketStream.initializeSocket(SocketStream.java:104) ~[mongodb-driver-core-4.11.2.jar:na]
	at com.mongodb.internal.connection.SocketStream.open(SocketStream.java:78) ~[mongodb-driver-core-4.11.2.jar:na]
	... 4 common frames omitted

2026-03-25T19:40:40.866+05:30  INFO 99702 --- [academic-service] [ngodb.net:27017] org.mongodb.driver.cluster               : Exception in monitor thread while connecting to server ac-3mufzp1-shard-00-01.4nosy2u.mongodb.net:27017

com.mongodb.MongoSocketException: ac-3mufzp1-shard-00-01.4nosy2u.mongodb.net
	at com.mongodb.ServerAddress.getSocketAddresses(ServerAddress.java:221) ~[mongodb-driver-core-4.11.2.jar:na]
	at com.mongodb.internal.connection.ServerAddressWithResolver.getSocketAddresses(ServerAddressWithResolver.java:68) ~[mongodb-driver-core-4.11.2.jar:na]
	at com.mongodb.internal.connection.SocketStream.initializeSocket(SocketStream.java:100) ~[mongodb-driver-core-4.11.2.jar:na]
	at com.mongodb.internal.connection.SocketStream.open(SocketStream.java:78) ~[mongodb-driver-core-4.11.2.jar:na]
	at com.mongodb.internal.connection.InternalStreamConnection.open(InternalStreamConnection.java:211) ~[mongodb-driver-core-4.11.2.jar:na]
	at com.mongodb.internal.connection.DefaultServerMonitor$ServerMonitorRunnable.lookupServerDescription(DefaultServerMonitor.java:193) ~[mongodb-driver-core-4.11.2.jar:na]
	at com.mongodb.internal.connection.DefaultServerMonitor$ServerMonitorRunnable.run(DefaultServerMonitor.java:153) ~[mongodb-driver-core-4.11.2.jar:na]
	at java.base/java.lang.Thread.run(Thread.java:1583) ~[na:na]
Caused by: java.net.UnknownHostException: ac-3mufzp1-shard-00-01.4nosy2u.mongodb.net
	at java.base/java.net.InetAddress$CachedLookup.get(InetAddress.java:988) ~[na:na]
	at java.base/java.net.InetAddress.getAllByName0(InetAddress.java:1818) ~[na:na]
	at java.base/java.net.InetAddress.getAllByName(InetAddress.java:1688) ~[na:na]
	at com.mongodb.ServerAddress.getSocketAddresses(ServerAddress.java:213) ~[mongodb-driver-core-4.11.2.jar:na]
	... 7 common frames omitted

2026-03-25T19:40:51.053+05:30  INFO 99702 --- [academic-service] [ngodb.net:27017] org.mongodb.driver.cluster               : Exception in monitor thread while connecting to server ac-3mufzp1-shard-00-00.4nosy2u.mongodb.net:27017

com.mongodb.MongoSocketException: ac-3mufzp1-shard-00-00.4nosy2u.mongodb.net
	at com.mongodb.ServerAddress.getSocketAddresses(ServerAddress.java:221) ~[mongodb-driver-core-4.11.2.jar:na]
	at com.mongodb.internal.connection.ServerAddressWithResolver.getSocketAddresses(ServerAddressWithResolver.java:68) ~[mongodb-driver-core-4.11.2.jar:na]
	at com.mongodb.internal.connection.SocketStream.initializeSocket(SocketStream.java:100) ~[mongodb-driver-core-4.11.2.jar:na]
	at com.mongodb.internal.connection.SocketStream.open(SocketStream.java:78) ~[mongodb-driver-core-4.11.2.jar:na]
	at com.mongodb.internal.connection.InternalStreamConnection.open(InternalStreamConnection.java:211) ~[mongodb-driver-core-4.11.2.jar:na]
	at com.mongodb.internal.connection.DefaultServerMonitor$ServerMonitorRunnable.lookupServerDescription(DefaultServerMonitor.java:193) ~[mongodb-driver-core-4.11.2.jar:na]
	at com.mongodb.internal.connection.DefaultServerMonitor$ServerMonitorRunnable.run(DefaultServerMonitor.java:153) ~[mongodb-driver-core-4.11.2.jar:na]
	at java.base/java.lang.Thread.run(Thread.java:1583) ~[na:na]
Caused by: java.net.UnknownHostException: ac-3mufzp1-shard-00-00.4nosy2u.mongodb.net
	at java.base/java.net.InetAddress$CachedLookup.get(InetAddress.java:988) ~[na:na]
	at java.base/java.net.InetAddress$NameServiceAddresses.get(InetAddress.java:1191) ~[na:na]
	at java.base/java.net.InetAddress.getAllByName0(InetAddress.java:1818) ~[na:na]
	at java.base/java.net.InetAddress.getAllByName(InetAddress.java:1688) ~[na:na]
	at com.mongodb.ServerAddress.getSocketAddresses(ServerAddress.java:213) ~[mongodb-driver-core-4.11.2.jar:na]
	... 7 common frames omitted

2026-03-25T19:42:18.064+05:30  INFO 99702 --- [academic-service] [tbeatExecutor-0] com.netflix.discovery.DiscoveryClient    : DiscoveryClient_ACADEMIC-SERVICE/192.168.0.207:academic-service:8089 - Re-registering apps/ACADEMIC-SERVICE
2026-03-25T19:42:18.065+05:30  INFO 99702 --- [academic-service] [tbeatExecutor-0] com.netflix.discovery.DiscoveryClient    : DiscoveryClient_ACADEMIC-SERVICE/192.168.0.207:academic-service:8089: registering service...
2026-03-25T19:42:18.081+05:30  INFO 99702 --- [academic-service] [tbeatExecutor-0] com.netflix.discovery.DiscoveryClient    : DiscoveryClient_ACADEMIC-SERVICE/192.168.0.207:academic-service:8089 - registration status: 204
2026-03-25T19:44:13.352+05:30  INFO 99702 --- [academic-service] [ngodb.net:27017] org.mongodb.driver.cluster               : Exception in monitor thread while connecting to server ac-3mufzp1-shard-00-00.4nosy2u.mongodb.net:27017

com.mongodb.MongoSocketException: ac-3mufzp1-shard-00-00.4nosy2u.mongodb.net: nodename nor servname provided, or not known
	at com.mongodb.ServerAddress.getSocketAddresses(ServerAddress.java:221) ~[mongodb-driver-core-4.11.2.jar:na]
	at com.mongodb.internal.connection.ServerAddressWithResolver.getSocketAddresses(ServerAddressWithResolver.java:68) ~[mongodb-driver-core-4.11.2.jar:na]
	at com.mongodb.internal.connection.SocketStream.initializeSocket(SocketStream.java:100) ~[mongodb-driver-core-4.11.2.jar:na]
	at com.mongodb.internal.connection.SocketStream.open(SocketStream.java:78) ~[mongodb-driver-core-4.11.2.jar:na]
	at com.mongodb.internal.connection.InternalStreamConnection.open(InternalStreamConnection.java:211) ~[mongodb-driver-core-4.11.2.jar:na]
	at com.mongodb.internal.connection.DefaultServerMonitor$ServerMonitorRunnable.lookupServerDescription(DefaultServerMonitor.java:193) ~[mongodb-driver-core-4.11.2.jar:na]
	at com.mongodb.internal.connection.DefaultServerMonitor$ServerMonitorRunnable.run(DefaultServerMonitor.java:153) ~[mongodb-driver-core-4.11.2.jar:na]
	at java.base/java.lang.Thread.run(Thread.java:1583) ~[na:na]
Caused by: java.net.UnknownHostException: ac-3mufzp1-shard-00-00.4nosy2u.mongodb.net: nodename nor servname provided, or not known
	at java.base/java.net.Inet6AddressImpl.lookupAllHostAddr(Native Method) ~[na:na]
	at java.base/java.net.Inet6AddressImpl.lookupAllHostAddr(Inet6AddressImpl.java:52) ~[na:na]
	at java.base/java.net.InetAddress$PlatformResolver.lookupByName(InetAddress.java:1211) ~[na:na]
	at java.base/java.net.InetAddress.getAddressesFromNameService(InetAddress.java:1828) ~[na:na]
	at java.base/java.net.InetAddress$NameServiceAddresses.get(InetAddress.java:1139) ~[na:na]
	at java.base/java.net.InetAddress.getAllByName0(InetAddress.java:1818) ~[na:na]
	at java.base/java.net.InetAddress.getAllByName(InetAddress.java:1688) ~[na:na]
	at com.mongodb.ServerAddress.getSocketAddresses(ServerAddress.java:213) ~[mongodb-driver-core-4.11.2.jar:na]
	... 7 common frames omitted

2026-03-25T19:44:13.352+05:30  INFO 99702 --- [academic-service] [ngodb.net:27017] org.mongodb.driver.cluster               : Exception in monitor thread while connecting to server ac-3mufzp1-shard-00-02.4nosy2u.mongodb.net:27017

com.mongodb.MongoSocketException: ac-3mufzp1-shard-00-02.4nosy2u.mongodb.net: nodename nor servname provided, or not known
	at com.mongodb.ServerAddress.getSocketAddresses(ServerAddress.java:221) ~[mongodb-driver-core-4.11.2.jar:na]
	at com.mongodb.internal.connection.ServerAddressWithResolver.getSocketAddresses(ServerAddressWithResolver.java:68) ~[mongodb-driver-core-4.11.2.jar:na]
	at com.mongodb.internal.connection.SocketStream.initializeSocket(SocketStream.java:100) ~[mongodb-driver-core-4.11.2.jar:na]
	at com.mongodb.internal.connection.SocketStream.open(SocketStream.java:78) ~[mongodb-driver-core-4.11.2.jar:na]
	at com.mongodb.internal.connection.InternalStreamConnection.open(InternalStreamConnection.java:211) ~[mongodb-driver-core-4.11.2.jar:na]
	at com.mongodb.internal.connection.DefaultServerMonitor$ServerMonitorRunnable.lookupServerDescription(DefaultServerMonitor.java:193) ~[mongodb-driver-core-4.11.2.jar:na]
	at com.mongodb.internal.connection.DefaultServerMonitor$ServerMonitorRunnable.run(DefaultServerMonitor.java:153) ~[mongodb-driver-core-4.11.2.jar:na]
	at java.base/java.lang.Thread.run(Thread.java:1583) ~[na:na]
Caused by: java.net.UnknownHostException: ac-3mufzp1-shard-00-02.4nosy2u.mongodb.net: nodename nor servname provided, or not known
	at java.base/java.net.Inet6AddressImpl.lookupAllHostAddr(Native Method) ~[na:na]
	at java.base/java.net.Inet6AddressImpl.lookupAllHostAddr(Inet6AddressImpl.java:52) ~[na:na]
	at java.base/java.net.InetAddress$PlatformResolver.lookupByName(InetAddress.java:1211) ~[na:na]
	at java.base/java.net.InetAddress.getAddressesFromNameService(InetAddress.java:1828) ~[na:na]
	at java.base/java.net.InetAddress$NameServiceAddresses.get(InetAddress.java:1139) ~[na:na]
	at java.base/java.net.InetAddress.getAllByName0(InetAddress.java:1818) ~[na:na]
	at java.base/java.net.InetAddress.getAllByName(InetAddress.java:1688) ~[na:na]
	at com.mongodb.ServerAddress.getSocketAddresses(ServerAddress.java:213) ~[mongodb-driver-core-4.11.2.jar:na]
	... 7 common frames omitted

2026-03-25T19:45:18.778+05:30  INFO 99702 --- [academic-service] [ngodb.net:27017] org.mongodb.driver.cluster               : Exception in monitor thread while connecting to server ac-3mufzp1-shard-00-00.4nosy2u.mongodb.net:27017

com.mongodb.MongoSocketException: ac-3mufzp1-shard-00-00.4nosy2u.mongodb.net
	at com.mongodb.ServerAddress.getSocketAddresses(ServerAddress.java:221) ~[mongodb-driver-core-4.11.2.jar:na]
	at com.mongodb.internal.connection.ServerAddressWithResolver.getSocketAddresses(ServerAddressWithResolver.java:68) ~[mongodb-driver-core-4.11.2.jar:na]
	at com.mongodb.internal.connection.SocketStream.initializeSocket(SocketStream.java:100) ~[mongodb-driver-core-4.11.2.jar:na]
	at com.mongodb.internal.connection.SocketStream.open(SocketStream.java:78) ~[mongodb-driver-core-4.11.2.jar:na]
	at com.mongodb.internal.connection.InternalStreamConnection.open(InternalStreamConnection.java:211) ~[mongodb-driver-core-4.11.2.jar:na]
	at com.mongodb.internal.connection.DefaultServerMonitor$ServerMonitorRunnable.lookupServerDescription(DefaultServerMonitor.java:193) ~[mongodb-driver-core-4.11.2.jar:na]
	at com.mongodb.internal.connection.DefaultServerMonitor$ServerMonitorRunnable.run(DefaultServerMonitor.java:153) ~[mongodb-driver-core-4.11.2.jar:na]
	at java.base/java.lang.Thread.run(Thread.java:1583) ~[na:na]
Caused by: java.net.UnknownHostException: ac-3mufzp1-shard-00-00.4nosy2u.mongodb.net
	at java.base/java.net.InetAddress$CachedLookup.get(InetAddress.java:988) ~[na:na]
	at java.base/java.net.InetAddress.getAllByName0(InetAddress.java:1818) ~[na:na]
	at java.base/java.net.InetAddress.getAllByName(InetAddress.java:1688) ~[na:na]
	at com.mongodb.ServerAddress.getSocketAddresses(ServerAddress.java:213) ~[mongodb-driver-core-4.11.2.jar:na]
	... 7 common frames omitted

2026-03-25T19:45:18.778+05:30  INFO 99702 --- [academic-service] [ngodb.net:27017] org.mongodb.driver.cluster               : Exception in monitor thread while connecting to server ac-3mufzp1-shard-00-02.4nosy2u.mongodb.net:27017

com.mongodb.MongoSocketException: ac-3mufzp1-shard-00-02.4nosy2u.mongodb.net
	at com.mongodb.ServerAddress.getSocketAddresses(ServerAddress.java:221) ~[mongodb-driver-core-4.11.2.jar:na]
	at com.mongodb.internal.connection.ServerAddressWithResolver.getSocketAddresses(ServerAddressWithResolver.java:68) ~[mongodb-driver-core-4.11.2.jar:na]
	at com.mongodb.internal.connection.SocketStream.initializeSocket(SocketStream.java:100) ~[mongodb-driver-core-4.11.2.jar:na]
	at com.mongodb.internal.connection.SocketStream.open(SocketStream.java:78) ~[mongodb-driver-core-4.11.2.jar:na]
	at com.mongodb.internal.connection.InternalStreamConnection.open(InternalStreamConnection.java:211) ~[mongodb-driver-core-4.11.2.jar:na]
	at com.mongodb.internal.connection.DefaultServerMonitor$ServerMonitorRunnable.lookupServerDescription(DefaultServerMonitor.java:193) ~[mongodb-driver-core-4.11.2.jar:na]
	at com.mongodb.internal.connection.DefaultServerMonitor$ServerMonitorRunnable.run(DefaultServerMonitor.java:153) ~[mongodb-driver-core-4.11.2.jar:na]
	at java.base/java.lang.Thread.run(Thread.java:1583) ~[na:na]
Caused by: java.net.UnknownHostException: ac-3mufzp1-shard-00-02.4nosy2u.mongodb.net
	at java.base/java.net.InetAddress$CachedLookup.get(InetAddress.java:988) ~[na:na]
	at java.base/java.net.InetAddress.getAllByName0(InetAddress.java:1818) ~[na:na]
	at java.base/java.net.InetAddress.getAllByName(InetAddress.java:1688) ~[na:na]
	at com.mongodb.ServerAddress.getSocketAddresses(ServerAddress.java:213) ~[mongodb-driver-core-4.11.2.jar:na]
	... 7 common frames omitted

2026-03-25T19:47:18.314+05:30  INFO 99702 --- [academic-service] [ngodb.net:27017] org.mongodb.driver.cluster               : Exception in monitor thread while connecting to server ac-3mufzp1-shard-00-02.4nosy2u.mongodb.net:27017

com.mongodb.MongoSocketException: ac-3mufzp1-shard-00-02.4nosy2u.mongodb.net: nodename nor servname provided, or not known
	at com.mongodb.ServerAddress.getSocketAddresses(ServerAddress.java:221) ~[mongodb-driver-core-4.11.2.jar:na]
	at com.mongodb.internal.connection.ServerAddressWithResolver.getSocketAddresses(ServerAddressWithResolver.java:68) ~[mongodb-driver-core-4.11.2.jar:na]
	at com.mongodb.internal.connection.SocketStream.initializeSocket(SocketStream.java:100) ~[mongodb-driver-core-4.11.2.jar:na]
	at com.mongodb.internal.connection.SocketStream.open(SocketStream.java:78) ~[mongodb-driver-core-4.11.2.jar:na]
	at com.mongodb.internal.connection.InternalStreamConnection.open(InternalStreamConnection.java:211) ~[mongodb-driver-core-4.11.2.jar:na]
	at com.mongodb.internal.connection.DefaultServerMonitor$ServerMonitorRunnable.lookupServerDescription(DefaultServerMonitor.java:193) ~[mongodb-driver-core-4.11.2.jar:na]
	at com.mongodb.internal.connection.DefaultServerMonitor$ServerMonitorRunnable.run(DefaultServerMonitor.java:153) ~[mongodb-driver-core-4.11.2.jar:na]
	at java.base/java.lang.Thread.run(Thread.java:1583) ~[na:na]
Caused by: java.net.UnknownHostException: ac-3mufzp1-shard-00-02.4nosy2u.mongodb.net: nodename nor servname provided, or not known
	at java.base/java.net.Inet6AddressImpl.lookupAllHostAddr(Native Method) ~[na:na]
	at java.base/java.net.Inet6AddressImpl.lookupAllHostAddr(Inet6AddressImpl.java:52) ~[na:na]
	at java.base/java.net.InetAddress$PlatformResolver.lookupByName(InetAddress.java:1211) ~[na:na]
	at java.base/java.net.InetAddress.getAddressesFromNameService(InetAddress.java:1828) ~[na:na]
	at java.base/java.net.InetAddress$NameServiceAddresses.get(InetAddress.java:1139) ~[na:na]
	at java.base/java.net.InetAddress.getAllByName0(InetAddress.java:1818) ~[na:na]
	at java.base/java.net.InetAddress.getAllByName(InetAddress.java:1688) ~[na:na]
	at com.mongodb.ServerAddress.getSocketAddresses(ServerAddress.java:213) ~[mongodb-driver-core-4.11.2.jar:na]
	... 7 common frames omitted

2026-03-25T19:47:28.324+05:30  INFO 99702 --- [academic-service] [ngodb.net:27017] org.mongodb.driver.cluster               : Exception in monitor thread while connecting to server ac-3mufzp1-shard-00-02.4nosy2u.mongodb.net:27017

com.mongodb.MongoSocketException: ac-3mufzp1-shard-00-02.4nosy2u.mongodb.net
	at com.mongodb.ServerAddress.getSocketAddresses(ServerAddress.java:221) ~[mongodb-driver-core-4.11.2.jar:na]
	at com.mongodb.internal.connection.ServerAddressWithResolver.getSocketAddresses(ServerAddressWithResolver.java:68) ~[mongodb-driver-core-4.11.2.jar:na]
	at com.mongodb.internal.connection.SocketStream.initializeSocket(SocketStream.java:100) ~[mongodb-driver-core-4.11.2.jar:na]
	at com.mongodb.internal.connection.SocketStream.open(SocketStream.java:78) ~[mongodb-driver-core-4.11.2.jar:na]
	at com.mongodb.internal.connection.InternalStreamConnection.open(InternalStreamConnection.java:211) ~[mongodb-driver-core-4.11.2.jar:na]
	at com.mongodb.internal.connection.DefaultServerMonitor$ServerMonitorRunnable.lookupServerDescription(DefaultServerMonitor.java:193) ~[mongodb-driver-core-4.11.2.jar:na]
	at com.mongodb.internal.connection.DefaultServerMonitor$ServerMonitorRunnable.run(DefaultServerMonitor.java:153) ~[mongodb-driver-core-4.11.2.jar:na]
	at java.base/java.lang.Thread.run(Thread.java:1583) ~[na:na]
Caused by: java.net.UnknownHostException: ac-3mufzp1-shard-00-02.4nosy2u.mongodb.net
	at java.base/java.net.InetAddress$CachedLookup.get(InetAddress.java:988) ~[na:na]
	at java.base/java.net.InetAddress$NameServiceAddresses.get(InetAddress.java:1191) ~[na:na]
	at java.base/java.net.InetAddress.getAllByName0(InetAddress.java:1818) ~[na:na]
	at java.base/java.net.InetAddress.getAllByName(InetAddress.java:1688) ~[na:na]
	at com.mongodb.ServerAddress.getSocketAddresses(ServerAddress.java:213) ~[mongodb-driver-core-4.11.2.jar:na]
	... 7 common frames omitted

2026-03-25T19:48:12.120+05:30  INFO 99702 --- [academic-service] [trap-executor-0] c.n.d.s.r.aws.ConfigClusterResolver      : Resolving eureka endpoints via configuration
2026-03-25T19:49:18.658+05:30  INFO 99702 --- [academic-service] [ngodb.net:27017] org.mongodb.driver.cluster               : Exception in monitor thread while connecting to server ac-3mufzp1-shard-00-00.4nosy2u.mongodb.net:27017

com.mongodb.MongoSocketException: ac-3mufzp1-shard-00-00.4nosy2u.mongodb.net: nodename nor servname provided, or not known
	at com.mongodb.ServerAddress.getSocketAddresses(ServerAddress.java:221) ~[mongodb-driver-core-4.11.2.jar:na]
	at com.mongodb.internal.connection.ServerAddressWithResolver.getSocketAddresses(ServerAddressWithResolver.java:68) ~[mongodb-driver-core-4.11.2.jar:na]
	at com.mongodb.internal.connection.SocketStream.initializeSocket(SocketStream.java:100) ~[mongodb-driver-core-4.11.2.jar:na]
	at com.mongodb.internal.connection.SocketStream.open(SocketStream.java:78) ~[mongodb-driver-core-4.11.2.jar:na]
	at com.mongodb.internal.connection.InternalStreamConnection.open(InternalStreamConnection.java:211) ~[mongodb-driver-core-4.11.2.jar:na]
	at com.mongodb.internal.connection.DefaultServerMonitor$ServerMonitorRunnable.lookupServerDescription(DefaultServerMonitor.java:193) ~[mongodb-driver-core-4.11.2.jar:na]
	at com.mongodb.internal.connection.DefaultServerMonitor$ServerMonitorRunnable.run(DefaultServerMonitor.java:153) ~[mongodb-driver-core-4.11.2.jar:na]
	at java.base/java.lang.Thread.run(Thread.java:1583) ~[na:na]
Caused by: java.net.UnknownHostException: ac-3mufzp1-shard-00-00.4nosy2u.mongodb.net: nodename nor servname provided, or not known
	at java.base/java.net.Inet6AddressImpl.lookupAllHostAddr(Native Method) ~[na:na]
	at java.base/java.net.Inet6AddressImpl.lookupAllHostAddr(Inet6AddressImpl.java:52) ~[na:na]
	at java.base/java.net.InetAddress$PlatformResolver.lookupByName(InetAddress.java:1211) ~[na:na]
	at java.base/java.net.InetAddress.getAddressesFromNameService(InetAddress.java:1828) ~[na:na]
	at java.base/java.net.InetAddress$NameServiceAddresses.get(InetAddress.java:1139) ~[na:na]
	at java.base/java.net.InetAddress.getAllByName0(InetAddress.java:1818) ~[na:na]
	at java.base/java.net.InetAddress.getAllByName(InetAddress.java:1688) ~[na:na]
	at com.mongodb.ServerAddress.getSocketAddresses(ServerAddress.java:213) ~[mongodb-driver-core-4.11.2.jar:na]
	... 7 common frames omitted

2026-03-25T20:23:53.027+05:30  INFO 99702 --- [academic-service] [ngodb.net:27017] org.mongodb.driver.cluster               : Exception in monitor thread while connecting to server ac-3mufzp1-shard-00-02.4nosy2u.mongodb.net:27017

com.mongodb.MongoSocketException: ac-3mufzp1-shard-00-02.4nosy2u.mongodb.net: nodename nor servname provided, or not known
	at com.mongodb.ServerAddress.getSocketAddresses(ServerAddress.java:221) ~[mongodb-driver-core-4.11.2.jar:na]
	at com.mongodb.internal.connection.ServerAddressWithResolver.getSocketAddresses(ServerAddressWithResolver.java:68) ~[mongodb-driver-core-4.11.2.jar:na]
	at com.mongodb.internal.connection.SocketStream.initializeSocket(SocketStream.java:100) ~[mongodb-driver-core-4.11.2.jar:na]
	at com.mongodb.internal.connection.SocketStream.open(SocketStream.java:78) ~[mongodb-driver-core-4.11.2.jar:na]
	at com.mongodb.internal.connection.InternalStreamConnection.open(InternalStreamConnection.java:211) ~[mongodb-driver-core-4.11.2.jar:na]
	at com.mongodb.internal.connection.DefaultServerMonitor$ServerMonitorRunnable.lookupServerDescription(DefaultServerMonitor.java:193) ~[mongodb-driver-core-4.11.2.jar:na]
	at com.mongodb.internal.connection.DefaultServerMonitor$ServerMonitorRunnable.run(DefaultServerMonitor.java:153) ~[mongodb-driver-core-4.11.2.jar:na]
	at java.base/java.lang.Thread.run(Thread.java:1583) ~[na:na]
Caused by: java.net.UnknownHostException: ac-3mufzp1-shard-00-02.4nosy2u.mongodb.net: nodename nor servname provided, or not known
	at java.base/java.net.Inet6AddressImpl.lookupAllHostAddr(Native Method) ~[na:na]
	at java.base/java.net.Inet6AddressImpl.lookupAllHostAddr(Inet6AddressImpl.java:52) ~[na:na]
	at java.base/java.net.InetAddress$PlatformResolver.lookupByName(InetAddress.java:1211) ~[na:na]
	at java.base/java.net.InetAddress.getAddressesFromNameService(InetAddress.java:1828) ~[na:na]
	at java.base/java.net.InetAddress$NameServiceAddresses.get(InetAddress.java:1139) ~[na:na]
	at java.base/java.net.InetAddress.getAllByName0(InetAddress.java:1818) ~[na:na]
	at java.base/java.net.InetAddress.getAllByName(InetAddress.java:1688) ~[na:na]
	at com.mongodb.ServerAddress.getSocketAddresses(ServerAddress.java:213) ~[mongodb-driver-core-4.11.2.jar:na]
	... 7 common frames omitted

2026-03-25T20:23:53.028+05:30  INFO 99702 --- [academic-service] [ngodb.net:27017] org.mongodb.driver.cluster               : Exception in monitor thread while connecting to server ac-3mufzp1-shard-00-00.4nosy2u.mongodb.net:27017

com.mongodb.MongoSocketException: ac-3mufzp1-shard-00-00.4nosy2u.mongodb.net
	at com.mongodb.ServerAddress.getSocketAddresses(ServerAddress.java:221) ~[mongodb-driver-core-4.11.2.jar:na]
	at com.mongodb.internal.connection.ServerAddressWithResolver.getSocketAddresses(ServerAddressWithResolver.java:68) ~[mongodb-driver-core-4.11.2.jar:na]
	at com.mongodb.internal.connection.SocketStream.initializeSocket(SocketStream.java:100) ~[mongodb-driver-core-4.11.2.jar:na]
	at com.mongodb.internal.connection.SocketStream.open(SocketStream.java:78) ~[mongodb-driver-core-4.11.2.jar:na]
	at com.mongodb.internal.connection.InternalStreamConnection.open(InternalStreamConnection.java:211) ~[mongodb-driver-core-4.11.2.jar:na]
	at com.mongodb.internal.connection.DefaultServerMonitor$ServerMonitorRunnable.lookupServerDescription(DefaultServerMonitor.java:193) ~[mongodb-driver-core-4.11.2.jar:na]
	at com.mongodb.internal.connection.DefaultServerMonitor$ServerMonitorRunnable.run(DefaultServerMonitor.java:153) ~[mongodb-driver-core-4.11.2.jar:na]
	at java.base/java.lang.Thread.run(Thread.java:1583) ~[na:na]
Caused by: java.net.UnknownHostException: ac-3mufzp1-shard-00-00.4nosy2u.mongodb.net
	at java.base/java.net.InetAddress$CachedLookup.get(InetAddress.java:988) ~[na:na]
	at java.base/java.net.InetAddress.getAllByName0(InetAddress.java:1818) ~[na:na]
	at java.base/java.net.InetAddress.getAllByName(InetAddress.java:1688) ~[na:na]
	at com.mongodb.ServerAddress.getSocketAddresses(ServerAddress.java:213) ~[mongodb-driver-core-4.11.2.jar:na]
	... 7 common frames omitted

2026-03-25T21:03:14.644+05:30  INFO 99702 --- [academic-service] [ngodb.net:27017] org.mongodb.driver.cluster               : Exception in monitor thread while connecting to server ac-3mufzp1-shard-00-02.4nosy2u.mongodb.net:27017

com.mongodb.MongoSocketException: ac-3mufzp1-shard-00-02.4nosy2u.mongodb.net
	at com.mongodb.ServerAddress.getSocketAddresses(ServerAddress.java:221) ~[mongodb-driver-core-4.11.2.jar:na]
	at com.mongodb.internal.connection.ServerAddressWithResolver.getSocketAddresses(ServerAddressWithResolver.java:68) ~[mongodb-driver-core-4.11.2.jar:na]
	at com.mongodb.internal.connection.SocketStream.initializeSocket(SocketStream.java:100) ~[mongodb-driver-core-4.11.2.jar:na]
	at com.mongodb.internal.connection.SocketStream.open(SocketStream.java:78) ~[mongodb-driver-core-4.11.2.jar:na]
	at com.mongodb.internal.connection.InternalStreamConnection.open(InternalStreamConnection.java:211) ~[mongodb-driver-core-4.11.2.jar:na]
	at com.mongodb.internal.connection.DefaultServerMonitor$ServerMonitorRunnable.lookupServerDescription(DefaultServerMonitor.java:193) ~[mongodb-driver-core-4.11.2.jar:na]
	at com.mongodb.internal.connection.DefaultServerMonitor$ServerMonitorRunnable.run(DefaultServerMonitor.java:153) ~[mongodb-driver-core-4.11.2.jar:na]
	at java.base/java.lang.Thread.run(Thread.java:1583) ~[na:na]
Caused by: java.net.UnknownHostException: ac-3mufzp1-shard-00-02.4nosy2u.mongodb.net
	at java.base/java.net.InetAddress$CachedLookup.get(InetAddress.java:988) ~[na:na]
	at java.base/java.net.InetAddress$NameServiceAddresses.get(InetAddress.java:1191) ~[na:na]
	at java.base/java.net.InetAddress.getAllByName0(InetAddress.java:1818) ~[na:na]
	at java.base/java.net.InetAddress.getAllByName(InetAddress.java:1688) ~[na:na]
	at com.mongodb.ServerAddress.getSocketAddresses(ServerAddress.java:213) ~[mongodb-driver-core-4.11.2.jar:na]
	... 7 common frames omitted

2026-03-25T21:04:04.576+05:30  INFO 99702 --- [academic-service] [ngodb.net:27017] org.mongodb.driver.cluster               : Exception in monitor thread while connecting to server ac-3mufzp1-shard-00-02.4nosy2u.mongodb.net:27017

com.mongodb.MongoSocketException: ac-3mufzp1-shard-00-02.4nosy2u.mongodb.net: nodename nor servname provided, or not known
	at com.mongodb.ServerAddress.getSocketAddresses(ServerAddress.java:221) ~[mongodb-driver-core-4.11.2.jar:na]
	at com.mongodb.internal.connection.ServerAddressWithResolver.getSocketAddresses(ServerAddressWithResolver.java:68) ~[mongodb-driver-core-4.11.2.jar:na]
	at com.mongodb.internal.connection.SocketStream.initializeSocket(SocketStream.java:100) ~[mongodb-driver-core-4.11.2.jar:na]
	at com.mongodb.internal.connection.SocketStream.open(SocketStream.java:78) ~[mongodb-driver-core-4.11.2.jar:na]
	at com.mongodb.internal.connection.InternalStreamConnection.open(InternalStreamConnection.java:211) ~[mongodb-driver-core-4.11.2.jar:na]
	at com.mongodb.internal.connection.DefaultServerMonitor$ServerMonitorRunnable.lookupServerDescription(DefaultServerMonitor.java:193) ~[mongodb-driver-core-4.11.2.jar:na]
	at com.mongodb.internal.connection.DefaultServerMonitor$ServerMonitorRunnable.run(DefaultServerMonitor.java:153) ~[mongodb-driver-core-4.11.2.jar:na]
	at java.base/java.lang.Thread.run(Thread.java:1583) ~[na:na]
Caused by: java.net.UnknownHostException: ac-3mufzp1-shard-00-02.4nosy2u.mongodb.net: nodename nor servname provided, or not known
	at java.base/java.net.Inet6AddressImpl.lookupAllHostAddr(Native Method) ~[na:na]
	at java.base/java.net.Inet6AddressImpl.lookupAllHostAddr(Inet6AddressImpl.java:52) ~[na:na]
	at java.base/java.net.InetAddress$PlatformResolver.lookupByName(InetAddress.java:1211) ~[na:na]
	at java.base/java.net.InetAddress.getAddressesFromNameService(InetAddress.java:1828) ~[na:na]
	at java.base/java.net.InetAddress$NameServiceAddresses.get(InetAddress.java:1139) ~[na:na]
	at java.base/java.net.InetAddress.getAllByName0(InetAddress.java:1818) ~[na:na]
	at java.base/java.net.InetAddress.getAllByName(InetAddress.java:1688) ~[na:na]
	at com.mongodb.ServerAddress.getSocketAddresses(ServerAddress.java:213) ~[mongodb-driver-core-4.11.2.jar:na]
	... 7 common frames omitted

2026-03-25T21:04:04.576+05:30  INFO 99702 --- [academic-service] [ngodb.net:27017] org.mongodb.driver.cluster               : Exception in monitor thread while connecting to server ac-3mufzp1-shard-00-00.4nosy2u.mongodb.net:27017

com.mongodb.MongoSocketException: ac-3mufzp1-shard-00-00.4nosy2u.mongodb.net: nodename nor servname provided, or not known
	at com.mongodb.ServerAddress.getSocketAddresses(ServerAddress.java:221) ~[mongodb-driver-core-4.11.2.jar:na]
	at com.mongodb.internal.connection.ServerAddressWithResolver.getSocketAddresses(ServerAddressWithResolver.java:68) ~[mongodb-driver-core-4.11.2.jar:na]
	at com.mongodb.internal.connection.SocketStream.initializeSocket(SocketStream.java:100) ~[mongodb-driver-core-4.11.2.jar:na]
	at com.mongodb.internal.connection.SocketStream.open(SocketStream.java:78) ~[mongodb-driver-core-4.11.2.jar:na]
	at com.mongodb.internal.connection.InternalStreamConnection.open(InternalStreamConnection.java:211) ~[mongodb-driver-core-4.11.2.jar:na]
	at com.mongodb.internal.connection.DefaultServerMonitor$ServerMonitorRunnable.lookupServerDescription(DefaultServerMonitor.java:193) ~[mongodb-driver-core-4.11.2.jar:na]
	at com.mongodb.internal.connection.DefaultServerMonitor$ServerMonitorRunnable.run(DefaultServerMonitor.java:153) ~[mongodb-driver-core-4.11.2.jar:na]
	at java.base/java.lang.Thread.run(Thread.java:1583) ~[na:na]
Caused by: java.net.UnknownHostException: ac-3mufzp1-shard-00-00.4nosy2u.mongodb.net: nodename nor servname provided, or not known
	at java.base/java.net.Inet6AddressImpl.lookupAllHostAddr(Native Method) ~[na:na]
	at java.base/java.net.Inet6AddressImpl.lookupAllHostAddr(Inet6AddressImpl.java:52) ~[na:na]
	at java.base/java.net.InetAddress$PlatformResolver.lookupByName(InetAddress.java:1211) ~[na:na]
	at java.base/java.net.InetAddress.getAddressesFromNameService(InetAddress.java:1828) ~[na:na]
	at java.base/java.net.InetAddress$NameServiceAddresses.get(InetAddress.java:1139) ~[na:na]
	at java.base/java.net.InetAddress.getAllByName0(InetAddress.java:1818) ~[na:na]
	at java.base/java.net.InetAddress.getAllByName(InetAddress.java:1688) ~[na:na]
	at com.mongodb.ServerAddress.getSocketAddresses(ServerAddress.java:213) ~[mongodb-driver-core-4.11.2.jar:na]
	... 7 common frames omitted

2026-03-25T21:04:54.950+05:30  INFO 99702 --- [academic-service] [ngodb.net:27017] org.mongodb.driver.cluster               : Exception in monitor thread while connecting to server ac-3mufzp1-shard-00-00.4nosy2u.mongodb.net:27017

com.mongodb.MongoSocketException: ac-3mufzp1-shard-00-00.4nosy2u.mongodb.net
	at com.mongodb.ServerAddress.getSocketAddresses(ServerAddress.java:221) ~[mongodb-driver-core-4.11.2.jar:na]
	at com.mongodb.internal.connection.ServerAddressWithResolver.getSocketAddresses(ServerAddressWithResolver.java:68) ~[mongodb-driver-core-4.11.2.jar:na]
	at com.mongodb.internal.connection.SocketStream.initializeSocket(SocketStream.java:100) ~[mongodb-driver-core-4.11.2.jar:na]
	at com.mongodb.internal.connection.SocketStream.open(SocketStream.java:78) ~[mongodb-driver-core-4.11.2.jar:na]
	at com.mongodb.internal.connection.InternalStreamConnection.open(InternalStreamConnection.java:211) ~[mongodb-driver-core-4.11.2.jar:na]
	at com.mongodb.internal.connection.DefaultServerMonitor$ServerMonitorRunnable.lookupServerDescription(DefaultServerMonitor.java:193) ~[mongodb-driver-core-4.11.2.jar:na]
	at com.mongodb.internal.connection.DefaultServerMonitor$ServerMonitorRunnable.run(DefaultServerMonitor.java:153) ~[mongodb-driver-core-4.11.2.jar:na]
	at java.base/java.lang.Thread.run(Thread.java:1583) ~[na:na]
Caused by: java.net.UnknownHostException: ac-3mufzp1-shard-00-00.4nosy2u.mongodb.net
	at java.base/java.net.InetAddress$CachedLookup.get(InetAddress.java:988) ~[na:na]
	at java.base/java.net.InetAddress.getAllByName0(InetAddress.java:1818) ~[na:na]
	at java.base/java.net.InetAddress.getAllByName(InetAddress.java:1688) ~[na:na]
	at com.mongodb.ServerAddress.getSocketAddresses(ServerAddress.java:213) ~[mongodb-driver-core-4.11.2.jar:na]
	... 7 common frames omitted

2026-03-25T21:04:54.950+05:30  INFO 99702 --- [academic-service] [ngodb.net:27017] org.mongodb.driver.cluster               : Exception in monitor thread while connecting to server ac-3mufzp1-shard-00-02.4nosy2u.mongodb.net:27017

com.mongodb.MongoSocketException: ac-3mufzp1-shard-00-02.4nosy2u.mongodb.net
	at com.mongodb.ServerAddress.getSocketAddresses(ServerAddress.java:221) ~[mongodb-driver-core-4.11.2.jar:na]
	at com.mongodb.internal.connection.ServerAddressWithResolver.getSocketAddresses(ServerAddressWithResolver.java:68) ~[mongodb-driver-core-4.11.2.jar:na]
	at com.mongodb.internal.connection.SocketStream.initializeSocket(SocketStream.java:100) ~[mongodb-driver-core-4.11.2.jar:na]
	at com.mongodb.internal.connection.SocketStream.open(SocketStream.java:78) ~[mongodb-driver-core-4.11.2.jar:na]
	at com.mongodb.internal.connection.InternalStreamConnection.open(InternalStreamConnection.java:211) ~[mongodb-driver-core-4.11.2.jar:na]
	at com.mongodb.internal.connection.DefaultServerMonitor$ServerMonitorRunnable.lookupServerDescription(DefaultServerMonitor.java:193) ~[mongodb-driver-core-4.11.2.jar:na]
	at com.mongodb.internal.connection.DefaultServerMonitor$ServerMonitorRunnable.run(DefaultServerMonitor.java:153) ~[mongodb-driver-core-4.11.2.jar:na]
	at java.base/java.lang.Thread.run(Thread.java:1583) ~[na:na]
Caused by: java.net.UnknownHostException: ac-3mufzp1-shard-00-02.4nosy2u.mongodb.net
	at java.base/java.net.InetAddress$CachedLookup.get(InetAddress.java:988) ~[na:na]
	at java.base/java.net.InetAddress.getAllByName0(InetAddress.java:1818) ~[na:na]
	at java.base/java.net.InetAddress.getAllByName(InetAddress.java:1688) ~[na:na]
	at com.mongodb.ServerAddress.getSocketAddresses(ServerAddress.java:213) ~[mongodb-driver-core-4.11.2.jar:na]
	... 7 common frames omitted

2026-03-25T22:01:36.644+05:30  INFO 99702 --- [academic-service] [ngodb.net:27017] org.mongodb.driver.cluster               : Exception in monitor thread while connecting to server ac-3mufzp1-shard-00-00.4nosy2u.mongodb.net:27017

com.mongodb.MongoSocketWriteException: Exception sending message
	at com.mongodb.internal.connection.InternalStreamConnection.translateWriteException(InternalStreamConnection.java:714) ~[mongodb-driver-core-4.11.2.jar:na]
	at com.mongodb.internal.connection.InternalStreamConnection.sendMessage(InternalStreamConnection.java:587) ~[mongodb-driver-core-4.11.2.jar:na]
	at com.mongodb.internal.connection.InternalStreamConnection.sendCommandMessage(InternalStreamConnection.java:419) ~[mongodb-driver-core-4.11.2.jar:na]
	at com.mongodb.internal.connection.InternalStreamConnection.sendAndReceive(InternalStreamConnection.java:364) ~[mongodb-driver-core-4.11.2.jar:na]
	at com.mongodb.internal.connection.CommandHelper.sendAndReceive(CommandHelper.java:92) ~[mongodb-driver-core-4.11.2.jar:na]
	at com.mongodb.internal.connection.CommandHelper.executeCommand(CommandHelper.java:48) ~[mongodb-driver-core-4.11.2.jar:na]
	at com.mongodb.internal.connection.InternalStreamConnectionInitializer.initializeConnectionDescription(InternalStreamConnectionInitializer.java:130) ~[mongodb-driver-core-4.11.2.jar:na]
	at com.mongodb.internal.connection.InternalStreamConnectionInitializer.startHandshake(InternalStreamConnectionInitializer.java:78) ~[mongodb-driver-core-4.11.2.jar:na]
	at com.mongodb.internal.connection.InternalStreamConnection.open(InternalStreamConnection.java:213) ~[mongodb-driver-core-4.11.2.jar:na]
	at com.mongodb.internal.connection.DefaultServerMonitor$ServerMonitorRunnable.lookupServerDescription(DefaultServerMonitor.java:193) ~[mongodb-driver-core-4.11.2.jar:na]
	at com.mongodb.internal.connection.DefaultServerMonitor$ServerMonitorRunnable.run(DefaultServerMonitor.java:153) ~[mongodb-driver-core-4.11.2.jar:na]
	at java.base/java.lang.Thread.run(Thread.java:1583) ~[na:na]
Caused by: javax.net.ssl.SSLException: Received fatal alert: internal_error
	at java.base/sun.security.ssl.Alert.createSSLException(Alert.java:132) ~[na:na]
	at java.base/sun.security.ssl.Alert.createSSLException(Alert.java:117) ~[na:na]
	at java.base/sun.security.ssl.TransportContext.fatal(TransportContext.java:370) ~[na:na]
	at java.base/sun.security.ssl.Alert$AlertConsumer.consume(Alert.java:287) ~[na:na]
	at java.base/sun.security.ssl.TransportContext.dispatch(TransportContext.java:209) ~[na:na]
	at java.base/sun.security.ssl.SSLTransport.decode(SSLTransport.java:172) ~[na:na]
	at java.base/sun.security.ssl.SSLSocketImpl.decode(SSLSocketImpl.java:1506) ~[na:na]
	at java.base/sun.security.ssl.SSLSocketImpl.readHandshakeRecord(SSLSocketImpl.java:1421) ~[na:na]
	at java.base/sun.security.ssl.SSLSocketImpl.startHandshake(SSLSocketImpl.java:455) ~[na:na]
	at java.base/sun.security.ssl.SSLSocketImpl.ensureNegotiated(SSLSocketImpl.java:922) ~[na:na]
	at java.base/sun.security.ssl.SSLSocketImpl$AppOutputStream.write(SSLSocketImpl.java:1291) ~[na:na]
	at com.mongodb.internal.connection.SocketStream.write(SocketStream.java:164) ~[mongodb-driver-core-4.11.2.jar:na]
	at com.mongodb.internal.connection.InternalStreamConnection.sendMessage(InternalStreamConnection.java:584) ~[mongodb-driver-core-4.11.2.jar:na]
	... 10 common frames omitted

2026-03-25T22:01:36.648+05:30  INFO 99702 --- [academic-service] [ngodb.net:27017] org.mongodb.driver.cluster               : Exception in monitor thread while connecting to server ac-3mufzp1-shard-00-02.4nosy2u.mongodb.net:27017

com.mongodb.MongoSocketWriteException: Exception sending message
	at com.mongodb.internal.connection.InternalStreamConnection.translateWriteException(InternalStreamConnection.java:714) ~[mongodb-driver-core-4.11.2.jar:na]
	at com.mongodb.internal.connection.InternalStreamConnection.sendMessage(InternalStreamConnection.java:587) ~[mongodb-driver-core-4.11.2.jar:na]
	at com.mongodb.internal.connection.InternalStreamConnection.sendCommandMessage(InternalStreamConnection.java:419) ~[mongodb-driver-core-4.11.2.jar:na]
	at com.mongodb.internal.connection.InternalStreamConnection.sendAndReceive(InternalStreamConnection.java:364) ~[mongodb-driver-core-4.11.2.jar:na]
	at com.mongodb.internal.connection.CommandHelper.sendAndReceive(CommandHelper.java:92) ~[mongodb-driver-core-4.11.2.jar:na]
	at com.mongodb.internal.connection.CommandHelper.executeCommand(CommandHelper.java:48) ~[mongodb-driver-core-4.11.2.jar:na]
	at com.mongodb.internal.connection.InternalStreamConnectionInitializer.initializeConnectionDescription(InternalStreamConnectionInitializer.java:130) ~[mongodb-driver-core-4.11.2.jar:na]
	at com.mongodb.internal.connection.InternalStreamConnectionInitializer.startHandshake(InternalStreamConnectionInitializer.java:78) ~[mongodb-driver-core-4.11.2.jar:na]
	at com.mongodb.internal.connection.InternalStreamConnection.open(InternalStreamConnection.java:213) ~[mongodb-driver-core-4.11.2.jar:na]
	at com.mongodb.internal.connection.DefaultServerMonitor$ServerMonitorRunnable.lookupServerDescription(DefaultServerMonitor.java:193) ~[mongodb-driver-core-4.11.2.jar:na]
	at com.mongodb.internal.connection.DefaultServerMonitor$ServerMonitorRunnable.run(DefaultServerMonitor.java:153) ~[mongodb-driver-core-4.11.2.jar:na]
	at java.base/java.lang.Thread.run(Thread.java:1583) ~[na:na]
Caused by: javax.net.ssl.SSLException: Received fatal alert: internal_error
	at java.base/sun.security.ssl.Alert.createSSLException(Alert.java:132) ~[na:na]
	at java.base/sun.security.ssl.Alert.createSSLException(Alert.java:117) ~[na:na]
	at java.base/sun.security.ssl.TransportContext.fatal(TransportContext.java:370) ~[na:na]
	at java.base/sun.security.ssl.Alert$AlertConsumer.consume(Alert.java:287) ~[na:na]
	at java.base/sun.security.ssl.TransportContext.dispatch(TransportContext.java:209) ~[na:na]
	at java.base/sun.security.ssl.SSLTransport.decode(SSLTransport.java:172) ~[na:na]
	at java.base/sun.security.ssl.SSLSocketImpl.decode(SSLSocketImpl.java:1506) ~[na:na]
	at java.base/sun.security.ssl.SSLSocketImpl.readHandshakeRecord(SSLSocketImpl.java:1421) ~[na:na]
	at java.base/sun.security.ssl.SSLSocketImpl.startHandshake(SSLSocketImpl.java:455) ~[na:na]
	at java.base/sun.security.ssl.SSLSocketImpl.ensureNegotiated(SSLSocketImpl.java:922) ~[na:na]
	at java.base/sun.security.ssl.SSLSocketImpl$AppOutputStream.write(SSLSocketImpl.java:1291) ~[na:na]
	at com.mongodb.internal.connection.SocketStream.write(SocketStream.java:164) ~[mongodb-driver-core-4.11.2.jar:na]
	at com.mongodb.internal.connection.InternalStreamConnection.sendMessage(InternalStreamConnection.java:584) ~[mongodb-driver-core-4.11.2.jar:na]
	... 10 common frames omitted

2026-03-25T22:03:28.448+05:30  INFO 99702 --- [academic-service] [ngodb.net:27017] org.mongodb.driver.cluster               : Exception in monitor thread while connecting to server ac-3mufzp1-shard-00-01.4nosy2u.mongodb.net:27017

com.mongodb.MongoSocketWriteException: Exception sending message
	at com.mongodb.internal.connection.InternalStreamConnection.translateWriteException(InternalStreamConnection.java:714) ~[mongodb-driver-core-4.11.2.jar:na]
	at com.mongodb.internal.connection.InternalStreamConnection.sendMessage(InternalStreamConnection.java:587) ~[mongodb-driver-core-4.11.2.jar:na]
	at com.mongodb.internal.connection.InternalStreamConnection.sendCommandMessage(InternalStreamConnection.java:419) ~[mongodb-driver-core-4.11.2.jar:na]
	at com.mongodb.internal.connection.InternalStreamConnection.sendAndReceive(InternalStreamConnection.java:364) ~[mongodb-driver-core-4.11.2.jar:na]
	at com.mongodb.internal.connection.CommandHelper.sendAndReceive(CommandHelper.java:92) ~[mongodb-driver-core-4.11.2.jar:na]
	at com.mongodb.internal.connection.CommandHelper.executeCommand(CommandHelper.java:48) ~[mongodb-driver-core-4.11.2.jar:na]
	at com.mongodb.internal.connection.InternalStreamConnectionInitializer.initializeConnectionDescription(InternalStreamConnectionInitializer.java:130) ~[mongodb-driver-core-4.11.2.jar:na]
	at com.mongodb.internal.connection.InternalStreamConnectionInitializer.startHandshake(InternalStreamConnectionInitializer.java:78) ~[mongodb-driver-core-4.11.2.jar:na]
	at com.mongodb.internal.connection.InternalStreamConnection.open(InternalStreamConnection.java:213) ~[mongodb-driver-core-4.11.2.jar:na]
	at com.mongodb.internal.connection.DefaultServerMonitor$ServerMonitorRunnable.lookupServerDescription(DefaultServerMonitor.java:193) ~[mongodb-driver-core-4.11.2.jar:na]
	at com.mongodb.internal.connection.DefaultServerMonitor$ServerMonitorRunnable.run(DefaultServerMonitor.java:153) ~[mongodb-driver-core-4.11.2.jar:na]
	at java.base/java.lang.Thread.run(Thread.java:1583) ~[na:na]
Caused by: javax.net.ssl.SSLException: Received fatal alert: internal_error
	at java.base/sun.security.ssl.Alert.createSSLException(Alert.java:132) ~[na:na]
	at java.base/sun.security.ssl.Alert.createSSLException(Alert.java:117) ~[na:na]
	at java.base/sun.security.ssl.TransportContext.fatal(TransportContext.java:370) ~[na:na]
	at java.base/sun.security.ssl.Alert$AlertConsumer.consume(Alert.java:287) ~[na:na]
	at java.base/sun.security.ssl.TransportContext.dispatch(TransportContext.java:209) ~[na:na]
	at java.base/sun.security.ssl.SSLTransport.decode(SSLTransport.java:172) ~[na:na]
	at java.base/sun.security.ssl.SSLSocketImpl.decode(SSLSocketImpl.java:1506) ~[na:na]
	at java.base/sun.security.ssl.SSLSocketImpl.readHandshakeRecord(SSLSocketImpl.java:1421) ~[na:na]
	at java.base/sun.security.ssl.SSLSocketImpl.startHandshake(SSLSocketImpl.java:455) ~[na:na]
	at java.base/sun.security.ssl.SSLSocketImpl.ensureNegotiated(SSLSocketImpl.java:922) ~[na:na]
	at java.base/sun.security.ssl.SSLSocketImpl$AppOutputStream.write(SSLSocketImpl.java:1291) ~[na:na]
	at com.mongodb.internal.connection.SocketStream.write(SocketStream.java:164) ~[mongodb-driver-core-4.11.2.jar:na]
	at com.mongodb.internal.connection.InternalStreamConnection.sendMessage(InternalStreamConnection.java:584) ~[mongodb-driver-core-4.11.2.jar:na]
	... 10 common frames omitted

2026-03-25T22:07:24.835+05:30  INFO 99702 --- [academic-service] [tbeatExecutor-0] com.netflix.discovery.DiscoveryClient    : DiscoveryClient_ACADEMIC-SERVICE/192.168.0.207:academic-service:8089 - Re-registering apps/ACADEMIC-SERVICE
2026-03-25T22:07:24.836+05:30  INFO 99702 --- [academic-service] [tbeatExecutor-0] com.netflix.discovery.DiscoveryClient    : DiscoveryClient_ACADEMIC-SERVICE/192.168.0.207:academic-service:8089: registering service...
2026-03-25T22:07:24.844+05:30  INFO 99702 --- [academic-service] [tbeatExecutor-0] com.netflix.discovery.DiscoveryClient    : DiscoveryClient_ACADEMIC-SERVICE/192.168.0.207:academic-service:8089 - registration status: 204
2026-03-25T22:46:14.643+05:30  INFO 99702 --- [academic-service] [trap-executor-0] c.n.d.s.r.aws.ConfigClusterResolver      : Resolving eureka endpoints via configuration
2026-03-25T23:09:58.345+05:30  INFO 99702 --- [academic-service] [tbeatExecutor-0] com.netflix.discovery.DiscoveryClient    : DiscoveryClient_ACADEMIC-SERVICE/192.168.0.207:academic-service:8089 - Re-registering apps/ACADEMIC-SERVICE
2026-03-25T23:09:58.346+05:30  INFO 99702 --- [academic-service] [tbeatExecutor-0] com.netflix.discovery.DiscoveryClient    : DiscoveryClient_ACADEMIC-SERVICE/192.168.0.207:academic-service:8089: registering service...
2026-03-25T23:09:58.356+05:30  INFO 99702 --- [academic-service] [tbeatExecutor-0] com.netflix.discovery.DiscoveryClient    : DiscoveryClient_ACADEMIC-SERVICE/192.168.0.207:academic-service:8089 - registration status: 204
2026-03-25T23:40:57.588+05:30  INFO 99702 --- [academic-service] [tbeatExecutor-0] com.netflix.discovery.DiscoveryClient    : DiscoveryClient_ACADEMIC-SERVICE/192.168.0.207:academic-service:8089 - Re-registering apps/ACADEMIC-SERVICE
2026-03-25T23:40:57.590+05:30  INFO 99702 --- [academic-service] [tbeatExecutor-0] com.netflix.discovery.DiscoveryClient    : DiscoveryClient_ACADEMIC-SERVICE/192.168.0.207:academic-service:8089: registering service...
2026-03-25T23:40:57.605+05:30  INFO 99702 --- [academic-service] [tbeatExecutor-0] com.netflix.discovery.DiscoveryClient    : DiscoveryClient_ACADEMIC-SERVICE/192.168.0.207:academic-service:8089 - registration status: 204
2026-03-26T00:50:08.751+05:30  INFO 99702 --- [academic-service] [tbeatExecutor-0] com.netflix.discovery.DiscoveryClient    : DiscoveryClient_ACADEMIC-SERVICE/192.168.0.207:academic-service:8089 - Re-registering apps/ACADEMIC-SERVICE
2026-03-26T00:50:08.752+05:30  INFO 99702 --- [academic-service] [tbeatExecutor-0] com.netflix.discovery.DiscoveryClient    : DiscoveryClient_ACADEMIC-SERVICE/192.168.0.207:academic-service:8089: registering service...
2026-03-26T00:50:08.761+05:30  INFO 99702 --- [academic-service] [tbeatExecutor-0] com.netflix.discovery.DiscoveryClient    : DiscoveryClient_ACADEMIC-SERVICE/192.168.0.207:academic-service:8089 - registration status: 204
2026-03-26T00:58:44.261+05:30  INFO 99702 --- [academic-service] [ngodb.net:27017] org.mongodb.driver.cluster               : Exception in monitor thread while connecting to server ac-3mufzp1-shard-00-02.4nosy2u.mongodb.net:27017

com.mongodb.MongoSocketOpenException: Exception opening socket
	at com.mongodb.internal.connection.SocketStream.lambda$open$0(SocketStream.java:84) ~[mongodb-driver-core-4.11.2.jar:na]
	at java.base/java.util.Optional.orElseThrow(Optional.java:403) ~[na:na]
	at com.mongodb.internal.connection.SocketStream.open(SocketStream.java:84) ~[mongodb-driver-core-4.11.2.jar:na]
	at com.mongodb.internal.connection.InternalStreamConnection.open(InternalStreamConnection.java:211) ~[mongodb-driver-core-4.11.2.jar:na]
	at com.mongodb.internal.connection.DefaultServerMonitor$ServerMonitorRunnable.lookupServerDescription(DefaultServerMonitor.java:193) ~[mongodb-driver-core-4.11.2.jar:na]
	at com.mongodb.internal.connection.DefaultServerMonitor$ServerMonitorRunnable.run(DefaultServerMonitor.java:153) ~[mongodb-driver-core-4.11.2.jar:na]
	at java.base/java.lang.Thread.run(Thread.java:1583) ~[na:na]
Caused by: java.net.SocketTimeoutException: Connect timed out
	at java.base/sun.nio.ch.NioSocketImpl.timedFinishConnect(NioSocketImpl.java:546) ~[na:na]
	at java.base/sun.nio.ch.NioSocketImpl.connect(NioSocketImpl.java:592) ~[na:na]
	at java.base/java.net.SocksSocketImpl.connect(SocksSocketImpl.java:327) ~[na:na]
	at java.base/java.net.Socket.connect(Socket.java:751) ~[na:na]
	at java.base/sun.security.ssl.SSLSocketImpl.connect(SSLSocketImpl.java:304) ~[na:na]
	at com.mongodb.internal.connection.SocketStreamHelper.initialize(SocketStreamHelper.java:76) ~[mongodb-driver-core-4.11.2.jar:na]
	at com.mongodb.internal.connection.SocketStream.initializeSocket(SocketStream.java:104) ~[mongodb-driver-core-4.11.2.jar:na]
	at com.mongodb.internal.connection.SocketStream.open(SocketStream.java:78) ~[mongodb-driver-core-4.11.2.jar:na]
	... 4 common frames omitted

2026-03-26T00:58:45.493+05:30  INFO 99702 --- [academic-service] [trap-executor-0] c.n.d.s.r.aws.ConfigClusterResolver      : Resolving eureka endpoints via configuration
2026-03-26T00:58:48.059+05:30  INFO 99702 --- [academic-service] [ngodb.net:27017] org.mongodb.driver.cluster               : Exception in monitor thread while connecting to server ac-3mufzp1-shard-00-01.4nosy2u.mongodb.net:27017

com.mongodb.MongoSocketOpenException: Exception opening socket
	at com.mongodb.internal.connection.SocketStream.lambda$open$0(SocketStream.java:84) ~[mongodb-driver-core-4.11.2.jar:na]
	at java.base/java.util.Optional.orElseThrow(Optional.java:403) ~[na:na]
	at com.mongodb.internal.connection.SocketStream.open(SocketStream.java:84) ~[mongodb-driver-core-4.11.2.jar:na]
	at com.mongodb.internal.connection.InternalStreamConnection.open(InternalStreamConnection.java:211) ~[mongodb-driver-core-4.11.2.jar:na]
	at com.mongodb.internal.connection.DefaultServerMonitor$ServerMonitorRunnable.lookupServerDescription(DefaultServerMonitor.java:193) ~[mongodb-driver-core-4.11.2.jar:na]
	at com.mongodb.internal.connection.DefaultServerMonitor$ServerMonitorRunnable.run(DefaultServerMonitor.java:153) ~[mongodb-driver-core-4.11.2.jar:na]
	at java.base/java.lang.Thread.run(Thread.java:1583) ~[na:na]
Caused by: java.net.SocketTimeoutException: Connect timed out
	at java.base/sun.nio.ch.NioSocketImpl.timedFinishConnect(NioSocketImpl.java:546) ~[na:na]
	at java.base/sun.nio.ch.NioSocketImpl.connect(NioSocketImpl.java:592) ~[na:na]
	at java.base/java.net.SocksSocketImpl.connect(SocksSocketImpl.java:327) ~[na:na]
	at java.base/java.net.Socket.connect(Socket.java:751) ~[na:na]
	at java.base/sun.security.ssl.SSLSocketImpl.connect(SSLSocketImpl.java:304) ~[na:na]
	at com.mongodb.internal.connection.SocketStreamHelper.initialize(SocketStreamHelper.java:76) ~[mongodb-driver-core-4.11.2.jar:na]
	at com.mongodb.internal.connection.SocketStream.initializeSocket(SocketStream.java:104) ~[mongodb-driver-core-4.11.2.jar:na]
	at com.mongodb.internal.connection.SocketStream.open(SocketStream.java:78) ~[mongodb-driver-core-4.11.2.jar:na]
	... 4 common frames omitted

2026-03-26T00:58:48.393+05:30  INFO 99702 --- [academic-service] [ngodb.net:27017] org.mongodb.driver.cluster               : Exception in monitor thread while connecting to server ac-3mufzp1-shard-00-00.4nosy2u.mongodb.net:27017

com.mongodb.MongoSocketOpenException: Exception opening socket
	at com.mongodb.internal.connection.SocketStream.lambda$open$0(SocketStream.java:84) ~[mongodb-driver-core-4.11.2.jar:na]
	at java.base/java.util.Optional.orElseThrow(Optional.java:403) ~[na:na]
	at com.mongodb.internal.connection.SocketStream.open(SocketStream.java:84) ~[mongodb-driver-core-4.11.2.jar:na]
	at com.mongodb.internal.connection.InternalStreamConnection.open(InternalStreamConnection.java:211) ~[mongodb-driver-core-4.11.2.jar:na]
	at com.mongodb.internal.connection.DefaultServerMonitor$ServerMonitorRunnable.lookupServerDescription(DefaultServerMonitor.java:193) ~[mongodb-driver-core-4.11.2.jar:na]
	at com.mongodb.internal.connection.DefaultServerMonitor$ServerMonitorRunnable.run(DefaultServerMonitor.java:153) ~[mongodb-driver-core-4.11.2.jar:na]
	at java.base/java.lang.Thread.run(Thread.java:1583) ~[na:na]
Caused by: java.net.SocketTimeoutException: Connect timed out
	at java.base/sun.nio.ch.NioSocketImpl.timedFinishConnect(NioSocketImpl.java:546) ~[na:na]
	at java.base/sun.nio.ch.NioSocketImpl.connect(NioSocketImpl.java:592) ~[na:na]
	at java.base/java.net.SocksSocketImpl.connect(SocksSocketImpl.java:327) ~[na:na]
	at java.base/java.net.Socket.connect(Socket.java:751) ~[na:na]
	at java.base/sun.security.ssl.SSLSocketImpl.connect(SSLSocketImpl.java:304) ~[na:na]
	at com.mongodb.internal.connection.SocketStreamHelper.initialize(SocketStreamHelper.java:76) ~[mongodb-driver-core-4.11.2.jar:na]
	at com.mongodb.internal.connection.SocketStream.initializeSocket(SocketStream.java:104) ~[mongodb-driver-core-4.11.2.jar:na]
	at com.mongodb.internal.connection.SocketStream.open(SocketStream.java:78) ~[mongodb-driver-core-4.11.2.jar:na]
	... 4 common frames omitted

2026-03-26T00:58:54.273+05:30  INFO 99702 --- [academic-service] [ngodb.net:27017] org.mongodb.driver.cluster               : Exception in monitor thread while connecting to server ac-3mufzp1-shard-00-02.4nosy2u.mongodb.net:27017

com.mongodb.MongoSocketException: ac-3mufzp1-shard-00-02.4nosy2u.mongodb.net: nodename nor servname provided, or not known
	at com.mongodb.ServerAddress.getSocketAddresses(ServerAddress.java:221) ~[mongodb-driver-core-4.11.2.jar:na]
	at com.mongodb.internal.connection.ServerAddressWithResolver.getSocketAddresses(ServerAddressWithResolver.java:68) ~[mongodb-driver-core-4.11.2.jar:na]
	at com.mongodb.internal.connection.SocketStream.initializeSocket(SocketStream.java:100) ~[mongodb-driver-core-4.11.2.jar:na]
	at com.mongodb.internal.connection.SocketStream.open(SocketStream.java:78) ~[mongodb-driver-core-4.11.2.jar:na]
	at com.mongodb.internal.connection.InternalStreamConnection.open(InternalStreamConnection.java:211) ~[mongodb-driver-core-4.11.2.jar:na]
	at com.mongodb.internal.connection.DefaultServerMonitor$ServerMonitorRunnable.lookupServerDescription(DefaultServerMonitor.java:193) ~[mongodb-driver-core-4.11.2.jar:na]
	at com.mongodb.internal.connection.DefaultServerMonitor$ServerMonitorRunnable.run(DefaultServerMonitor.java:153) ~[mongodb-driver-core-4.11.2.jar:na]
	at java.base/java.lang.Thread.run(Thread.java:1583) ~[na:na]
Caused by: java.net.UnknownHostException: ac-3mufzp1-shard-00-02.4nosy2u.mongodb.net: nodename nor servname provided, or not known
	at java.base/java.net.Inet6AddressImpl.lookupAllHostAddr(Native Method) ~[na:na]
	at java.base/java.net.Inet6AddressImpl.lookupAllHostAddr(Inet6AddressImpl.java:52) ~[na:na]
	at java.base/java.net.InetAddress$PlatformResolver.lookupByName(InetAddress.java:1211) ~[na:na]
	at java.base/java.net.InetAddress.getAddressesFromNameService(InetAddress.java:1828) ~[na:na]
	at java.base/java.net.InetAddress$NameServiceAddresses.get(InetAddress.java:1139) ~[na:na]
	at java.base/java.net.InetAddress.getAllByName0(InetAddress.java:1818) ~[na:na]
	at java.base/java.net.InetAddress.getAllByName(InetAddress.java:1688) ~[na:na]
	at com.mongodb.ServerAddress.getSocketAddresses(ServerAddress.java:213) ~[mongodb-driver-core-4.11.2.jar:na]
	... 7 common frames omitted

2026-03-26T01:07:53.428+05:30  INFO 99702 --- [academic-service] [ngodb.net:27017] org.mongodb.driver.cluster               : Exception in monitor thread while connecting to server ac-3mufzp1-shard-00-00.4nosy2u.mongodb.net:27017

com.mongodb.MongoSocketException: ac-3mufzp1-shard-00-00.4nosy2u.mongodb.net: nodename nor servname provided, or not known
	at com.mongodb.ServerAddress.getSocketAddresses(ServerAddress.java:221) ~[mongodb-driver-core-4.11.2.jar:na]
	at com.mongodb.internal.connection.ServerAddressWithResolver.getSocketAddresses(ServerAddressWithResolver.java:68) ~[mongodb-driver-core-4.11.2.jar:na]
	at com.mongodb.internal.connection.SocketStream.initializeSocket(SocketStream.java:100) ~[mongodb-driver-core-4.11.2.jar:na]
	at com.mongodb.internal.connection.SocketStream.open(SocketStream.java:78) ~[mongodb-driver-core-4.11.2.jar:na]
	at com.mongodb.internal.connection.InternalStreamConnection.open(InternalStreamConnection.java:211) ~[mongodb-driver-core-4.11.2.jar:na]
	at com.mongodb.internal.connection.DefaultServerMonitor$ServerMonitorRunnable.lookupServerDescription(DefaultServerMonitor.java:193) ~[mongodb-driver-core-4.11.2.jar:na]
	at com.mongodb.internal.connection.DefaultServerMonitor$ServerMonitorRunnable.run(DefaultServerMonitor.java:153) ~[mongodb-driver-core-4.11.2.jar:na]
	at java.base/java.lang.Thread.run(Thread.java:1583) ~[na:na]
Caused by: java.net.UnknownHostException: ac-3mufzp1-shard-00-00.4nosy2u.mongodb.net: nodename nor servname provided, or not known
	at java.base/java.net.Inet6AddressImpl.lookupAllHostAddr(Native Method) ~[na:na]
	at java.base/java.net.Inet6AddressImpl.lookupAllHostAddr(Inet6AddressImpl.java:52) ~[na:na]
	at java.base/java.net.InetAddress$PlatformResolver.lookupByName(InetAddress.java:1211) ~[na:na]
	at java.base/java.net.InetAddress.getAddressesFromNameService(InetAddress.java:1828) ~[na:na]
	at java.base/java.net.InetAddress$NameServiceAddresses.get(InetAddress.java:1139) ~[na:na]
	at java.base/java.net.InetAddress.getAllByName0(InetAddress.java:1818) ~[na:na]
	at java.base/java.net.InetAddress.getAllByName(InetAddress.java:1688) ~[na:na]
	at com.mongodb.ServerAddress.getSocketAddresses(ServerAddress.java:213) ~[mongodb-driver-core-4.11.2.jar:na]
	... 7 common frames omitted

2026-03-26T01:07:53.429+05:30  INFO 99702 --- [academic-service] [ngodb.net:27017] org.mongodb.driver.cluster               : Exception in monitor thread while connecting to server ac-3mufzp1-shard-00-01.4nosy2u.mongodb.net:27017

com.mongodb.MongoSocketException: ac-3mufzp1-shard-00-01.4nosy2u.mongodb.net: nodename nor servname provided, or not known
	at com.mongodb.ServerAddress.getSocketAddresses(ServerAddress.java:221) ~[mongodb-driver-core-4.11.2.jar:na]
	at com.mongodb.internal.connection.ServerAddressWithResolver.getSocketAddresses(ServerAddressWithResolver.java:68) ~[mongodb-driver-core-4.11.2.jar:na]
	at com.mongodb.internal.connection.SocketStream.initializeSocket(SocketStream.java:100) ~[mongodb-driver-core-4.11.2.jar:na]
	at com.mongodb.internal.connection.SocketStream.open(SocketStream.java:78) ~[mongodb-driver-core-4.11.2.jar:na]
	at com.mongodb.internal.connection.InternalStreamConnection.open(InternalStreamConnection.java:211) ~[mongodb-driver-core-4.11.2.jar:na]
	at com.mongodb.internal.connection.DefaultServerMonitor$ServerMonitorRunnable.lookupServerDescription(DefaultServerMonitor.java:193) ~[mongodb-driver-core-4.11.2.jar:na]
	at com.mongodb.internal.connection.DefaultServerMonitor$ServerMonitorRunnable.run(DefaultServerMonitor.java:153) ~[mongodb-driver-core-4.11.2.jar:na]
	at java.base/java.lang.Thread.run(Thread.java:1583) ~[na:na]
Caused by: java.net.UnknownHostException: ac-3mufzp1-shard-00-01.4nosy2u.mongodb.net: nodename nor servname provided, or not known
	at java.base/java.net.Inet6AddressImpl.lookupAllHostAddr(Native Method) ~[na:na]
	at java.base/java.net.Inet6AddressImpl.lookupAllHostAddr(Inet6AddressImpl.java:52) ~[na:na]
	at java.base/java.net.InetAddress$PlatformResolver.lookupByName(InetAddress.java:1211) ~[na:na]
	at java.base/java.net.InetAddress.getAddressesFromNameService(InetAddress.java:1828) ~[na:na]
	at java.base/java.net.InetAddress$NameServiceAddresses.get(InetAddress.java:1139) ~[na:na]
	at java.base/java.net.InetAddress.getAllByName0(InetAddress.java:1818) ~[na:na]
	at java.base/java.net.InetAddress.getAllByName(InetAddress.java:1688) ~[na:na]
	at com.mongodb.ServerAddress.getSocketAddresses(ServerAddress.java:213) ~[mongodb-driver-core-4.11.2.jar:na]
	... 7 common frames omitted

2026-03-26T01:08:03.454+05:30  INFO 99702 --- [academic-service] [ngodb.net:27017] org.mongodb.driver.cluster               : Exception in monitor thread while connecting to server ac-3mufzp1-shard-00-00.4nosy2u.mongodb.net:27017

com.mongodb.MongoSocketException: ac-3mufzp1-shard-00-00.4nosy2u.mongodb.net
	at com.mongodb.ServerAddress.getSocketAddresses(ServerAddress.java:221) ~[mongodb-driver-core-4.11.2.jar:na]
	at com.mongodb.internal.connection.ServerAddressWithResolver.getSocketAddresses(ServerAddressWithResolver.java:68) ~[mongodb-driver-core-4.11.2.jar:na]
	at com.mongodb.internal.connection.SocketStream.initializeSocket(SocketStream.java:100) ~[mongodb-driver-core-4.11.2.jar:na]
	at com.mongodb.internal.connection.SocketStream.open(SocketStream.java:78) ~[mongodb-driver-core-4.11.2.jar:na]
	at com.mongodb.internal.connection.InternalStreamConnection.open(InternalStreamConnection.java:211) ~[mongodb-driver-core-4.11.2.jar:na]
	at com.mongodb.internal.connection.DefaultServerMonitor$ServerMonitorRunnable.lookupServerDescription(DefaultServerMonitor.java:193) ~[mongodb-driver-core-4.11.2.jar:na]
	at com.mongodb.internal.connection.DefaultServerMonitor$ServerMonitorRunnable.run(DefaultServerMonitor.java:153) ~[mongodb-driver-core-4.11.2.jar:na]
	at java.base/java.lang.Thread.run(Thread.java:1583) ~[na:na]
Caused by: java.net.UnknownHostException: ac-3mufzp1-shard-00-00.4nosy2u.mongodb.net
	at java.base/java.net.InetAddress$CachedLookup.get(InetAddress.java:988) ~[na:na]
	at java.base/java.net.InetAddress.getAllByName0(InetAddress.java:1818) ~[na:na]
	at java.base/java.net.InetAddress.getAllByName(InetAddress.java:1688) ~[na:na]
	at com.mongodb.ServerAddress.getSocketAddresses(ServerAddress.java:213) ~[mongodb-driver-core-4.11.2.jar:na]
	... 7 common frames omitted

2026-03-26T01:08:57.780+05:30  INFO 99702 --- [academic-service] [tbeatExecutor-0] com.netflix.discovery.DiscoveryClient    : DiscoveryClient_ACADEMIC-SERVICE/192.168.0.207:academic-service:8089 - Re-registering apps/ACADEMIC-SERVICE
2026-03-26T01:08:57.781+05:30  INFO 99702 --- [academic-service] [tbeatExecutor-0] com.netflix.discovery.DiscoveryClient    : DiscoveryClient_ACADEMIC-SERVICE/192.168.0.207:academic-service:8089: registering service...
2026-03-26T01:08:57.786+05:30  INFO 99702 --- [academic-service] [tbeatExecutor-0] com.netflix.discovery.DiscoveryClient    : DiscoveryClient_ACADEMIC-SERVICE/192.168.0.207:academic-service:8089 - registration status: 204
2026-03-26T01:44:32.779+05:30  INFO 99702 --- [academic-service] [ngodb.net:27017] org.mongodb.driver.cluster               : Exception in monitor thread while connecting to server ac-3mufzp1-shard-00-01.4nosy2u.mongodb.net:27017

com.mongodb.MongoSocketWriteException: Exception sending message
	at com.mongodb.internal.connection.InternalStreamConnection.translateWriteException(InternalStreamConnection.java:714) ~[mongodb-driver-core-4.11.2.jar:na]
	at com.mongodb.internal.connection.InternalStreamConnection.sendMessage(InternalStreamConnection.java:587) ~[mongodb-driver-core-4.11.2.jar:na]
	at com.mongodb.internal.connection.InternalStreamConnection.sendCommandMessage(InternalStreamConnection.java:419) ~[mongodb-driver-core-4.11.2.jar:na]
	at com.mongodb.internal.connection.InternalStreamConnection.sendAndReceive(InternalStreamConnection.java:364) ~[mongodb-driver-core-4.11.2.jar:na]
	at com.mongodb.internal.connection.CommandHelper.sendAndReceive(CommandHelper.java:92) ~[mongodb-driver-core-4.11.2.jar:na]
	at com.mongodb.internal.connection.CommandHelper.executeCommand(CommandHelper.java:48) ~[mongodb-driver-core-4.11.2.jar:na]
	at com.mongodb.internal.connection.InternalStreamConnectionInitializer.initializeConnectionDescription(InternalStreamConnectionInitializer.java:130) ~[mongodb-driver-core-4.11.2.jar:na]
	at com.mongodb.internal.connection.InternalStreamConnectionInitializer.startHandshake(InternalStreamConnectionInitializer.java:78) ~[mongodb-driver-core-4.11.2.jar:na]
	at com.mongodb.internal.connection.InternalStreamConnection.open(InternalStreamConnection.java:213) ~[mongodb-driver-core-4.11.2.jar:na]
	at com.mongodb.internal.connection.DefaultServerMonitor$ServerMonitorRunnable.lookupServerDescription(DefaultServerMonitor.java:193) ~[mongodb-driver-core-4.11.2.jar:na]
	at com.mongodb.internal.connection.DefaultServerMonitor$ServerMonitorRunnable.run(DefaultServerMonitor.java:153) ~[mongodb-driver-core-4.11.2.jar:na]
	at java.base/java.lang.Thread.run(Thread.java:1583) ~[na:na]
Caused by: javax.net.ssl.SSLException: Received fatal alert: internal_error
	at java.base/sun.security.ssl.Alert.createSSLException(Alert.java:132) ~[na:na]
	at java.base/sun.security.ssl.Alert.createSSLException(Alert.java:117) ~[na:na]
	at java.base/sun.security.ssl.TransportContext.fatal(TransportContext.java:370) ~[na:na]
	at java.base/sun.security.ssl.Alert$AlertConsumer.consume(Alert.java:287) ~[na:na]
	at java.base/sun.security.ssl.TransportContext.dispatch(TransportContext.java:209) ~[na:na]
	at java.base/sun.security.ssl.SSLTransport.decode(SSLTransport.java:172) ~[na:na]
	at java.base/sun.security.ssl.SSLSocketImpl.decode(SSLSocketImpl.java:1506) ~[na:na]
	at java.base/sun.security.ssl.SSLSocketImpl.readHandshakeRecord(SSLSocketImpl.java:1421) ~[na:na]
	at java.base/sun.security.ssl.SSLSocketImpl.startHandshake(SSLSocketImpl.java:455) ~[na:na]
	at java.base/sun.security.ssl.SSLSocketImpl.ensureNegotiated(SSLSocketImpl.java:922) ~[na:na]
	at java.base/sun.security.ssl.SSLSocketImpl$AppOutputStream.write(SSLSocketImpl.java:1291) ~[na:na]
	at com.mongodb.internal.connection.SocketStream.write(SocketStream.java:164) ~[mongodb-driver-core-4.11.2.jar:na]
	at com.mongodb.internal.connection.InternalStreamConnection.sendMessage(InternalStreamConnection.java:584) ~[mongodb-driver-core-4.11.2.jar:na]
	... 10 common frames omitted

2026-03-26T01:44:32.788+05:30  INFO 99702 --- [academic-service] [ngodb.net:27017] org.mongodb.driver.cluster               : Exception in monitor thread while connecting to server ac-3mufzp1-shard-00-02.4nosy2u.mongodb.net:27017

com.mongodb.MongoSocketWriteException: Exception sending message
	at com.mongodb.internal.connection.InternalStreamConnection.translateWriteException(InternalStreamConnection.java:714) ~[mongodb-driver-core-4.11.2.jar:na]
	at com.mongodb.internal.connection.InternalStreamConnection.sendMessage(InternalStreamConnection.java:587) ~[mongodb-driver-core-4.11.2.jar:na]
	at com.mongodb.internal.connection.InternalStreamConnection.sendCommandMessage(InternalStreamConnection.java:419) ~[mongodb-driver-core-4.11.2.jar:na]
	at com.mongodb.internal.connection.InternalStreamConnection.sendAndReceive(InternalStreamConnection.java:364) ~[mongodb-driver-core-4.11.2.jar:na]
	at com.mongodb.internal.connection.CommandHelper.sendAndReceive(CommandHelper.java:92) ~[mongodb-driver-core-4.11.2.jar:na]
	at com.mongodb.internal.connection.CommandHelper.executeCommand(CommandHelper.java:48) ~[mongodb-driver-core-4.11.2.jar:na]
	at com.mongodb.internal.connection.InternalStreamConnectionInitializer.initializeConnectionDescription(InternalStreamConnectionInitializer.java:130) ~[mongodb-driver-core-4.11.2.jar:na]
	at com.mongodb.internal.connection.InternalStreamConnectionInitializer.startHandshake(InternalStreamConnectionInitializer.java:78) ~[mongodb-driver-core-4.11.2.jar:na]
	at com.mongodb.internal.connection.InternalStreamConnection.open(InternalStreamConnection.java:213) ~[mongodb-driver-core-4.11.2.jar:na]
	at com.mongodb.internal.connection.DefaultServerMonitor$ServerMonitorRunnable.lookupServerDescription(DefaultServerMonitor.java:193) ~[mongodb-driver-core-4.11.2.jar:na]
	at com.mongodb.internal.connection.DefaultServerMonitor$ServerMonitorRunnable.run(DefaultServerMonitor.java:153) ~[mongodb-driver-core-4.11.2.jar:na]
	at java.base/java.lang.Thread.run(Thread.java:1583) ~[na:na]
Caused by: javax.net.ssl.SSLException: Received fatal alert: internal_error
	at java.base/sun.security.ssl.Alert.createSSLException(Alert.java:132) ~[na:na]
	at java.base/sun.security.ssl.Alert.createSSLException(Alert.java:117) ~[na:na]
	at java.base/sun.security.ssl.TransportContext.fatal(TransportContext.java:370) ~[na:na]
	at java.base/sun.security.ssl.Alert$AlertConsumer.consume(Alert.java:287) ~[na:na]
	at java.base/sun.security.ssl.TransportContext.dispatch(TransportContext.java:209) ~[na:na]
	at java.base/sun.security.ssl.SSLTransport.decode(SSLTransport.java:172) ~[na:na]
	at java.base/sun.security.ssl.SSLSocketImpl.decode(SSLSocketImpl.java:1506) ~[na:na]
	at java.base/sun.security.ssl.SSLSocketImpl.readHandshakeRecord(SSLSocketImpl.java:1421) ~[na:na]
	at java.base/sun.security.ssl.SSLSocketImpl.startHandshake(SSLSocketImpl.java:455) ~[na:na]
	at java.base/sun.security.ssl.SSLSocketImpl.ensureNegotiated(SSLSocketImpl.java:922) ~[na:na]
	at java.base/sun.security.ssl.SSLSocketImpl$AppOutputStream.write(SSLSocketImpl.java:1291) ~[na:na]
	at com.mongodb.internal.connection.SocketStream.write(SocketStream.java:164) ~[mongodb-driver-core-4.11.2.jar:na]
	at com.mongodb.internal.connection.InternalStreamConnection.sendMessage(InternalStreamConnection.java:584) ~[mongodb-driver-core-4.11.2.jar:na]
	... 10 common frames omitted

2026-03-26T01:44:32.843+05:30  INFO 99702 --- [academic-service] [ngodb.net:27017] org.mongodb.driver.cluster               : Exception in monitor thread while connecting to server ac-3mufzp1-shard-00-00.4nosy2u.mongodb.net:27017

com.mongodb.MongoSocketWriteException: Exception sending message
	at com.mongodb.internal.connection.InternalStreamConnection.translateWriteException(InternalStreamConnection.java:714) ~[mongodb-driver-core-4.11.2.jar:na]
	at com.mongodb.internal.connection.InternalStreamConnection.sendMessage(InternalStreamConnection.java:587) ~[mongodb-driver-core-4.11.2.jar:na]
	at com.mongodb.internal.connection.InternalStreamConnection.sendCommandMessage(InternalStreamConnection.java:419) ~[mongodb-driver-core-4.11.2.jar:na]
	at com.mongodb.internal.connection.InternalStreamConnection.sendAndReceive(InternalStreamConnection.java:364) ~[mongodb-driver-core-4.11.2.jar:na]
	at com.mongodb.internal.connection.CommandHelper.sendAndReceive(CommandHelper.java:92) ~[mongodb-driver-core-4.11.2.jar:na]
	at com.mongodb.internal.connection.CommandHelper.executeCommand(CommandHelper.java:48) ~[mongodb-driver-core-4.11.2.jar:na]
	at com.mongodb.internal.connection.InternalStreamConnectionInitializer.initializeConnectionDescription(InternalStreamConnectionInitializer.java:130) ~[mongodb-driver-core-4.11.2.jar:na]
	at com.mongodb.internal.connection.InternalStreamConnectionInitializer.startHandshake(InternalStreamConnectionInitializer.java:78) ~[mongodb-driver-core-4.11.2.jar:na]
	at com.mongodb.internal.connection.InternalStreamConnection.open(InternalStreamConnection.java:213) ~[mongodb-driver-core-4.11.2.jar:na]
	at com.mongodb.internal.connection.DefaultServerMonitor$ServerMonitorRunnable.lookupServerDescription(DefaultServerMonitor.java:193) ~[mongodb-driver-core-4.11.2.jar:na]
	at com.mongodb.internal.connection.DefaultServerMonitor$ServerMonitorRunnable.run(DefaultServerMonitor.java:153) ~[mongodb-driver-core-4.11.2.jar:na]
	at java.base/java.lang.Thread.run(Thread.java:1583) ~[na:na]
Caused by: javax.net.ssl.SSLException: Received fatal alert: internal_error
	at java.base/sun.security.ssl.Alert.createSSLException(Alert.java:132) ~[na:na]
	at java.base/sun.security.ssl.Alert.createSSLException(Alert.java:117) ~[na:na]
	at java.base/sun.security.ssl.TransportContext.fatal(TransportContext.java:370) ~[na:na]
	at java.base/sun.security.ssl.Alert$AlertConsumer.consume(Alert.java:287) ~[na:na]
	at java.base/sun.security.ssl.TransportContext.dispatch(TransportContext.java:209) ~[na:na]
	at java.base/sun.security.ssl.SSLTransport.decode(SSLTransport.java:172) ~[na:na]
	at java.base/sun.security.ssl.SSLSocketImpl.decode(SSLSocketImpl.java:1506) ~[na:na]
	at java.base/sun.security.ssl.SSLSocketImpl.readHandshakeRecord(SSLSocketImpl.java:1421) ~[na:na]
	at java.base/sun.security.ssl.SSLSocketImpl.startHandshake(SSLSocketImpl.java:455) ~[na:na]
	at java.base/sun.security.ssl.SSLSocketImpl.ensureNegotiated(SSLSocketImpl.java:922) ~[na:na]
	at java.base/sun.security.ssl.SSLSocketImpl$AppOutputStream.write(SSLSocketImpl.java:1291) ~[na:na]
	at com.mongodb.internal.connection.SocketStream.write(SocketStream.java:164) ~[mongodb-driver-core-4.11.2.jar:na]
	at com.mongodb.internal.connection.InternalStreamConnection.sendMessage(InternalStreamConnection.java:584) ~[mongodb-driver-core-4.11.2.jar:na]
	... 10 common frames omitted

2026-03-26T02:07:20.333+05:30  INFO 99702 --- [academic-service] [tbeatExecutor-0] com.netflix.discovery.DiscoveryClient    : DiscoveryClient_ACADEMIC-SERVICE/192.168.0.207:academic-service:8089 - Re-registering apps/ACADEMIC-SERVICE
2026-03-26T02:07:20.333+05:30  INFO 99702 --- [academic-service] [tbeatExecutor-0] com.netflix.discovery.DiscoveryClient    : DiscoveryClient_ACADEMIC-SERVICE/192.168.0.207:academic-service:8089: registering service...
2026-03-26T02:07:20.342+05:30  INFO 99702 --- [academic-service] [tbeatExecutor-0] com.netflix.discovery.DiscoveryClient    : DiscoveryClient_ACADEMIC-SERVICE/192.168.0.207:academic-service:8089 - registration status: 204
2026-03-26T02:10:24.389+05:30  INFO 99702 --- [academic-service] [trap-executor-0] c.n.d.s.r.aws.ConfigClusterResolver      : Resolving eureka endpoints via configuration
2026-03-26T02:36:56.199+05:30  INFO 99702 --- [academic-service] [tbeatExecutor-0] com.netflix.discovery.DiscoveryClient    : DiscoveryClient_ACADEMIC-SERVICE/192.168.0.207:academic-service:8089 - Re-registering apps/ACADEMIC-SERVICE
2026-03-26T02:36:56.200+05:30  INFO 99702 --- [academic-service] [tbeatExecutor-0] com.netflix.discovery.DiscoveryClient    : DiscoveryClient_ACADEMIC-SERVICE/192.168.0.207:academic-service:8089: registering service...
2026-03-26T02:36:56.205+05:30  INFO 99702 --- [academic-service] [tbeatExecutor-0] com.netflix.discovery.DiscoveryClient    : DiscoveryClient_ACADEMIC-SERVICE/192.168.0.207:academic-service:8089 - registration status: 204
2026-03-26T04:09:17.945+05:30  INFO 99702 --- [academic-service] [trap-executor-0] c.n.d.s.r.aws.ConfigClusterResolver      : Resolving eureka endpoints via configuration
2026-03-26T06:16:42.143+05:30  INFO 99702 --- [academic-service] [tbeatExecutor-0] com.netflix.discovery.DiscoveryClient    : DiscoveryClient_ACADEMIC-SERVICE/192.168.0.207:academic-service:8089 - Re-registering apps/ACADEMIC-SERVICE
2026-03-26T06:16:42.145+05:30  INFO 99702 --- [academic-service] [tbeatExecutor-0] com.netflix.discovery.DiscoveryClient    : DiscoveryClient_ACADEMIC-SERVICE/192.168.0.207:academic-service:8089: registering service...
2026-03-26T06:16:42.155+05:30  INFO 99702 --- [academic-service] [tbeatExecutor-0] com.netflix.discovery.DiscoveryClient    : DiscoveryClient_ACADEMIC-SERVICE/192.168.0.207:academic-service:8089 - registration status: 204
2026-03-26T06:17:02.731+05:30  INFO 99702 --- [academic-service] [trap-executor-0] c.n.d.s.r.aws.ConfigClusterResolver      : Resolving eureka endpoints via configuration
2026-03-26T06:36:09.737+05:30  INFO 99702 --- [academic-service] [tbeatExecutor-0] com.netflix.discovery.DiscoveryClient    : DiscoveryClient_ACADEMIC-SERVICE/192.168.0.207:academic-service:8089 - Re-registering apps/ACADEMIC-SERVICE
2026-03-26T06:36:09.739+05:30  INFO 99702 --- [academic-service] [tbeatExecutor-0] com.netflix.discovery.DiscoveryClient    : DiscoveryClient_ACADEMIC-SERVICE/192.168.0.207:academic-service:8089: registering service...
2026-03-26T06:36:09.749+05:30  INFO 99702 --- [academic-service] [tbeatExecutor-0] com.netflix.discovery.DiscoveryClient    : DiscoveryClient_ACADEMIC-SERVICE/192.168.0.207:academic-service:8089 - registration status: 204
2026-03-26T07:54:10.559+05:30  INFO 99702 --- [academic-service] [tbeatExecutor-0] com.netflix.discovery.DiscoveryClient    : DiscoveryClient_ACADEMIC-SERVICE/192.168.0.207:academic-service:8089 - Re-registering apps/ACADEMIC-SERVICE
2026-03-26T07:54:10.560+05:30  INFO 99702 --- [academic-service] [tbeatExecutor-0] com.netflix.discovery.DiscoveryClient    : DiscoveryClient_ACADEMIC-SERVICE/192.168.0.207:academic-service:8089: registering service...
2026-03-26T07:54:10.570+05:30  INFO 99702 --- [academic-service] [tbeatExecutor-0] com.netflix.discovery.DiscoveryClient    : DiscoveryClient_ACADEMIC-SERVICE/192.168.0.207:academic-service:8089 - registration status: 204
2026-03-26T08:43:05.590+05:30  INFO 99702 --- [academic-service] [trap-executor-0] c.n.d.s.r.aws.ConfigClusterResolver      : Resolving eureka endpoints via configuration
2026-03-26T09:11:32.823+05:30  INFO 99702 --- [academic-service] [tbeatExecutor-0] com.netflix.discovery.DiscoveryClient    : DiscoveryClient_ACADEMIC-SERVICE/192.168.0.207:academic-service:8089 - Re-registering apps/ACADEMIC-SERVICE
2026-03-26T09:11:32.824+05:30  INFO 99702 --- [academic-service] [tbeatExecutor-0] com.netflix.discovery.DiscoveryClient    : DiscoveryClient_ACADEMIC-SERVICE/192.168.0.207:academic-service:8089: registering service...
2026-03-26T09:11:32.838+05:30  INFO 99702 --- [academic-service] [tbeatExecutor-0] com.netflix.discovery.DiscoveryClient    : DiscoveryClient_ACADEMIC-SERVICE/192.168.0.207:academic-service:8089 - registration status: 204
2026-03-26T09:15:25.529+05:30  INFO 99702 --- [academic-service] [ngodb.net:27017] org.mongodb.driver.cluster               : Exception in monitor thread while connecting to server ac-3mufzp1-shard-00-02.4nosy2u.mongodb.net:27017

com.mongodb.MongoSocketException: ac-3mufzp1-shard-00-02.4nosy2u.mongodb.net
	at com.mongodb.ServerAddress.getSocketAddresses(ServerAddress.java:221) ~[mongodb-driver-core-4.11.2.jar:na]
	at com.mongodb.internal.connection.ServerAddressWithResolver.getSocketAddresses(ServerAddressWithResolver.java:68) ~[mongodb-driver-core-4.11.2.jar:na]
	at com.mongodb.internal.connection.SocketStream.initializeSocket(SocketStream.java:100) ~[mongodb-driver-core-4.11.2.jar:na]
	at com.mongodb.internal.connection.SocketStream.open(SocketStream.java:78) ~[mongodb-driver-core-4.11.2.jar:na]
	at com.mongodb.internal.connection.InternalStreamConnection.open(InternalStreamConnection.java:211) ~[mongodb-driver-core-4.11.2.jar:na]
	at com.mongodb.internal.connection.DefaultServerMonitor$ServerMonitorRunnable.lookupServerDescription(DefaultServerMonitor.java:193) ~[mongodb-driver-core-4.11.2.jar:na]
	at com.mongodb.internal.connection.DefaultServerMonitor$ServerMonitorRunnable.run(DefaultServerMonitor.java:153) ~[mongodb-driver-core-4.11.2.jar:na]
	at java.base/java.lang.Thread.run(Thread.java:1583) ~[na:na]
Caused by: java.net.UnknownHostException: ac-3mufzp1-shard-00-02.4nosy2u.mongodb.net
	at java.base/java.net.InetAddress$CachedLookup.get(InetAddress.java:988) ~[na:na]
	at java.base/java.net.InetAddress$NameServiceAddresses.get(InetAddress.java:1191) ~[na:na]
	at java.base/java.net.InetAddress.getAllByName0(InetAddress.java:1818) ~[na:na]
	at java.base/java.net.InetAddress.getAllByName(InetAddress.java:1688) ~[na:na]
	at com.mongodb.ServerAddress.getSocketAddresses(ServerAddress.java:213) ~[mongodb-driver-core-4.11.2.jar:na]
	... 7 common frames omitted

2026-03-26T09:17:12.873+05:30  INFO 99702 --- [academic-service] [ngodb.net:27017] org.mongodb.driver.cluster               : Exception in monitor thread while connecting to server ac-3mufzp1-shard-00-02.4nosy2u.mongodb.net:27017

com.mongodb.MongoSocketWriteException: Exception sending message
	at com.mongodb.internal.connection.InternalStreamConnection.translateWriteException(InternalStreamConnection.java:714) ~[mongodb-driver-core-4.11.2.jar:na]
	at com.mongodb.internal.connection.InternalStreamConnection.sendMessage(InternalStreamConnection.java:587) ~[mongodb-driver-core-4.11.2.jar:na]
	at com.mongodb.internal.connection.InternalStreamConnection.sendCommandMessage(InternalStreamConnection.java:419) ~[mongodb-driver-core-4.11.2.jar:na]
	at com.mongodb.internal.connection.InternalStreamConnection.sendAndReceive(InternalStreamConnection.java:364) ~[mongodb-driver-core-4.11.2.jar:na]
	at com.mongodb.internal.connection.CommandHelper.sendAndReceive(CommandHelper.java:92) ~[mongodb-driver-core-4.11.2.jar:na]
	at com.mongodb.internal.connection.CommandHelper.executeCommand(CommandHelper.java:48) ~[mongodb-driver-core-4.11.2.jar:na]
	at com.mongodb.internal.connection.InternalStreamConnectionInitializer.initializeConnectionDescription(InternalStreamConnectionInitializer.java:130) ~[mongodb-driver-core-4.11.2.jar:na]
	at com.mongodb.internal.connection.InternalStreamConnectionInitializer.startHandshake(InternalStreamConnectionInitializer.java:78) ~[mongodb-driver-core-4.11.2.jar:na]
	at com.mongodb.internal.connection.InternalStreamConnection.open(InternalStreamConnection.java:213) ~[mongodb-driver-core-4.11.2.jar:na]
	at com.mongodb.internal.connection.DefaultServerMonitor$ServerMonitorRunnable.lookupServerDescription(DefaultServerMonitor.java:193) ~[mongodb-driver-core-4.11.2.jar:na]
	at com.mongodb.internal.connection.DefaultServerMonitor$ServerMonitorRunnable.run(DefaultServerMonitor.java:153) ~[mongodb-driver-core-4.11.2.jar:na]
	at java.base/java.lang.Thread.run(Thread.java:1583) ~[na:na]
Caused by: javax.net.ssl.SSLException: Received fatal alert: internal_error
	at java.base/sun.security.ssl.Alert.createSSLException(Alert.java:132) ~[na:na]
	at java.base/sun.security.ssl.Alert.createSSLException(Alert.java:117) ~[na:na]
	at java.base/sun.security.ssl.TransportContext.fatal(TransportContext.java:370) ~[na:na]
	at java.base/sun.security.ssl.Alert$AlertConsumer.consume(Alert.java:287) ~[na:na]
	at java.base/sun.security.ssl.TransportContext.dispatch(TransportContext.java:209) ~[na:na]
	at java.base/sun.security.ssl.SSLTransport.decode(SSLTransport.java:172) ~[na:na]
	at java.base/sun.security.ssl.SSLSocketImpl.decode(SSLSocketImpl.java:1506) ~[na:na]
	at java.base/sun.security.ssl.SSLSocketImpl.readHandshakeRecord(SSLSocketImpl.java:1421) ~[na:na]
	at java.base/sun.security.ssl.SSLSocketImpl.startHandshake(SSLSocketImpl.java:455) ~[na:na]
	at java.base/sun.security.ssl.SSLSocketImpl.ensureNegotiated(SSLSocketImpl.java:922) ~[na:na]
	at java.base/sun.security.ssl.SSLSocketImpl$AppOutputStream.write(SSLSocketImpl.java:1291) ~[na:na]
	at com.mongodb.internal.connection.SocketStream.write(SocketStream.java:164) ~[mongodb-driver-core-4.11.2.jar:na]
	at com.mongodb.internal.connection.InternalStreamConnection.sendMessage(InternalStreamConnection.java:584) ~[mongodb-driver-core-4.11.2.jar:na]
	... 10 common frames omitted

2026-03-26T09:39:56.508+05:30  INFO 99702 --- [academic-service] [ngodb.net:27017] org.mongodb.driver.cluster               : Exception in monitor thread while connecting to server ac-3mufzp1-shard-00-02.4nosy2u.mongodb.net:27017

com.mongodb.MongoSocketException: ac-3mufzp1-shard-00-02.4nosy2u.mongodb.net: nodename nor servname provided, or not known
	at com.mongodb.ServerAddress.getSocketAddresses(ServerAddress.java:221) ~[mongodb-driver-core-4.11.2.jar:na]
	at com.mongodb.internal.connection.ServerAddressWithResolver.getSocketAddresses(ServerAddressWithResolver.java:68) ~[mongodb-driver-core-4.11.2.jar:na]
	at com.mongodb.internal.connection.SocketStream.initializeSocket(SocketStream.java:100) ~[mongodb-driver-core-4.11.2.jar:na]
	at com.mongodb.internal.connection.SocketStream.open(SocketStream.java:78) ~[mongodb-driver-core-4.11.2.jar:na]
	at com.mongodb.internal.connection.InternalStreamConnection.open(InternalStreamConnection.java:211) ~[mongodb-driver-core-4.11.2.jar:na]
	at com.mongodb.internal.connection.DefaultServerMonitor$ServerMonitorRunnable.lookupServerDescription(DefaultServerMonitor.java:193) ~[mongodb-driver-core-4.11.2.jar:na]
	at com.mongodb.internal.connection.DefaultServerMonitor$ServerMonitorRunnable.run(DefaultServerMonitor.java:153) ~[mongodb-driver-core-4.11.2.jar:na]
	at java.base/java.lang.Thread.run(Thread.java:1583) ~[na:na]
Caused by: java.net.UnknownHostException: ac-3mufzp1-shard-00-02.4nosy2u.mongodb.net: nodename nor servname provided, or not known
	at java.base/java.net.Inet6AddressImpl.lookupAllHostAddr(Native Method) ~[na:na]
	at java.base/java.net.Inet6AddressImpl.lookupAllHostAddr(Inet6AddressImpl.java:52) ~[na:na]
	at java.base/java.net.InetAddress$PlatformResolver.lookupByName(InetAddress.java:1211) ~[na:na]
	at java.base/java.net.InetAddress.getAddressesFromNameService(InetAddress.java:1828) ~[na:na]
	at java.base/java.net.InetAddress$NameServiceAddresses.get(InetAddress.java:1139) ~[na:na]
	at java.base/java.net.InetAddress.getAllByName0(InetAddress.java:1818) ~[na:na]
	at java.base/java.net.InetAddress.getAllByName(InetAddress.java:1688) ~[na:na]
	at com.mongodb.ServerAddress.getSocketAddresses(ServerAddress.java:213) ~[mongodb-driver-core-4.11.2.jar:na]
	... 7 common frames omitted

2026-03-26T09:39:56.508+05:30  INFO 99702 --- [academic-service] [ngodb.net:27017] org.mongodb.driver.cluster               : Exception in monitor thread while connecting to server ac-3mufzp1-shard-00-01.4nosy2u.mongodb.net:27017

com.mongodb.MongoSocketException: ac-3mufzp1-shard-00-01.4nosy2u.mongodb.net: nodename nor servname provided, or not known
	at com.mongodb.ServerAddress.getSocketAddresses(ServerAddress.java:221) ~[mongodb-driver-core-4.11.2.jar:na]
	at com.mongodb.internal.connection.ServerAddressWithResolver.getSocketAddresses(ServerAddressWithResolver.java:68) ~[mongodb-driver-core-4.11.2.jar:na]
	at com.mongodb.internal.connection.SocketStream.initializeSocket(SocketStream.java:100) ~[mongodb-driver-core-4.11.2.jar:na]
	at com.mongodb.internal.connection.SocketStream.open(SocketStream.java:78) ~[mongodb-driver-core-4.11.2.jar:na]
	at com.mongodb.internal.connection.InternalStreamConnection.open(InternalStreamConnection.java:211) ~[mongodb-driver-core-4.11.2.jar:na]
	at com.mongodb.internal.connection.DefaultServerMonitor$ServerMonitorRunnable.lookupServerDescription(DefaultServerMonitor.java:193) ~[mongodb-driver-core-4.11.2.jar:na]
	at com.mongodb.internal.connection.DefaultServerMonitor$ServerMonitorRunnable.run(DefaultServerMonitor.java:153) ~[mongodb-driver-core-4.11.2.jar:na]
	at java.base/java.lang.Thread.run(Thread.java:1583) ~[na:na]
Caused by: java.net.UnknownHostException: ac-3mufzp1-shard-00-01.4nosy2u.mongodb.net: nodename nor servname provided, or not known
	at java.base/java.net.Inet6AddressImpl.lookupAllHostAddr(Native Method) ~[na:na]
	at java.base/java.net.Inet6AddressImpl.lookupAllHostAddr(Inet6AddressImpl.java:52) ~[na:na]
	at java.base/java.net.InetAddress$PlatformResolver.lookupByName(InetAddress.java:1211) ~[na:na]
	at java.base/java.net.InetAddress.getAddressesFromNameService(InetAddress.java:1828) ~[na:na]
	at java.base/java.net.InetAddress$NameServiceAddresses.get(InetAddress.java:1139) ~[na:na]
	at java.base/java.net.InetAddress.getAllByName0(InetAddress.java:1818) ~[na:na]
	at java.base/java.net.InetAddress.getAllByName(InetAddress.java:1688) ~[na:na]
	at com.mongodb.ServerAddress.getSocketAddresses(ServerAddress.java:213) ~[mongodb-driver-core-4.11.2.jar:na]
	... 7 common frames omitted

2026-03-26T09:39:57.270+05:30  INFO 99702 --- [academic-service] [ngodb.net:27017] org.mongodb.driver.cluster               : Exception in monitor thread while connecting to server ac-3mufzp1-shard-00-00.4nosy2u.mongodb.net:27017

com.mongodb.MongoSocketException: ac-3mufzp1-shard-00-00.4nosy2u.mongodb.net
	at com.mongodb.ServerAddress.getSocketAddresses(ServerAddress.java:221) ~[mongodb-driver-core-4.11.2.jar:na]
	at com.mongodb.internal.connection.ServerAddressWithResolver.getSocketAddresses(ServerAddressWithResolver.java:68) ~[mongodb-driver-core-4.11.2.jar:na]
	at com.mongodb.internal.connection.SocketStream.initializeSocket(SocketStream.java:100) ~[mongodb-driver-core-4.11.2.jar:na]
	at com.mongodb.internal.connection.SocketStream.open(SocketStream.java:78) ~[mongodb-driver-core-4.11.2.jar:na]
	at com.mongodb.internal.connection.InternalStreamConnection.open(InternalStreamConnection.java:211) ~[mongodb-driver-core-4.11.2.jar:na]
	at com.mongodb.internal.connection.DefaultServerMonitor$ServerMonitorRunnable.lookupServerDescription(DefaultServerMonitor.java:193) ~[mongodb-driver-core-4.11.2.jar:na]
	at com.mongodb.internal.connection.DefaultServerMonitor$ServerMonitorRunnable.run(DefaultServerMonitor.java:153) ~[mongodb-driver-core-4.11.2.jar:na]
	at java.base/java.lang.Thread.run(Thread.java:1583) ~[na:na]
Caused by: java.net.UnknownHostException: ac-3mufzp1-shard-00-00.4nosy2u.mongodb.net
	at java.base/java.net.InetAddress$CachedLookup.get(InetAddress.java:988) ~[na:na]
	at java.base/java.net.InetAddress$NameServiceAddresses.get(InetAddress.java:1191) ~[na:na]
	at java.base/java.net.InetAddress.getAllByName0(InetAddress.java:1818) ~[na:na]
	at java.base/java.net.InetAddress.getAllByName(InetAddress.java:1688) ~[na:na]
	at com.mongodb.ServerAddress.getSocketAddresses(ServerAddress.java:213) ~[mongodb-driver-core-4.11.2.jar:na]
	... 7 common frames omitted

2026-03-26T09:39:57.899+05:30  INFO 99702 --- [academic-service] [tbeatExecutor-0] com.netflix.discovery.DiscoveryClient    : DiscoveryClient_ACADEMIC-SERVICE/192.168.0.207:academic-service:8089 - Re-registering apps/ACADEMIC-SERVICE
2026-03-26T09:39:57.899+05:30  INFO 99702 --- [academic-service] [tbeatExecutor-0] com.netflix.discovery.DiscoveryClient    : DiscoveryClient_ACADEMIC-SERVICE/192.168.0.207:academic-service:8089: registering service...
2026-03-26T09:39:57.904+05:30  INFO 99702 --- [academic-service] [tbeatExecutor-0] com.netflix.discovery.DiscoveryClient    : DiscoveryClient_ACADEMIC-SERVICE/192.168.0.207:academic-service:8089 - registration status: 204
2026-03-26T09:40:06.522+05:30  INFO 99702 --- [academic-service] [ngodb.net:27017] org.mongodb.driver.cluster               : Exception in monitor thread while connecting to server ac-3mufzp1-shard-00-02.4nosy2u.mongodb.net:27017

com.mongodb.MongoSocketException: ac-3mufzp1-shard-00-02.4nosy2u.mongodb.net
	at com.mongodb.ServerAddress.getSocketAddresses(ServerAddress.java:221) ~[mongodb-driver-core-4.11.2.jar:na]
	at com.mongodb.internal.connection.ServerAddressWithResolver.getSocketAddresses(ServerAddressWithResolver.java:68) ~[mongodb-driver-core-4.11.2.jar:na]
	at com.mongodb.internal.connection.SocketStream.initializeSocket(SocketStream.java:100) ~[mongodb-driver-core-4.11.2.jar:na]
	at com.mongodb.internal.connection.SocketStream.open(SocketStream.java:78) ~[mongodb-driver-core-4.11.2.jar:na]
	at com.mongodb.internal.connection.InternalStreamConnection.open(InternalStreamConnection.java:211) ~[mongodb-driver-core-4.11.2.jar:na]
	at com.mongodb.internal.connection.DefaultServerMonitor$ServerMonitorRunnable.lookupServerDescription(DefaultServerMonitor.java:193) ~[mongodb-driver-core-4.11.2.jar:na]
	at com.mongodb.internal.connection.DefaultServerMonitor$ServerMonitorRunnable.run(DefaultServerMonitor.java:153) ~[mongodb-driver-core-4.11.2.jar:na]
	at java.base/java.lang.Thread.run(Thread.java:1583) ~[na:na]
Caused by: java.net.UnknownHostException: ac-3mufzp1-shard-00-02.4nosy2u.mongodb.net
	at java.base/java.net.InetAddress$CachedLookup.get(InetAddress.java:988) ~[na:na]
	at java.base/java.net.InetAddress.getAllByName0(InetAddress.java:1818) ~[na:na]
	at java.base/java.net.InetAddress.getAllByName(InetAddress.java:1688) ~[na:na]
	at com.mongodb.ServerAddress.getSocketAddresses(ServerAddress.java:213) ~[mongodb-driver-core-4.11.2.jar:na]
	... 7 common frames omitted

2026-03-26T09:57:19.772+05:30  INFO 99702 --- [academic-service] [ngodb.net:27017] org.mongodb.driver.cluster               : Exception in monitor thread while connecting to server ac-3mufzp1-shard-00-00.4nosy2u.mongodb.net:27017

com.mongodb.MongoSocketException: ac-3mufzp1-shard-00-00.4nosy2u.mongodb.net: nodename nor servname provided, or not known
	at com.mongodb.ServerAddress.getSocketAddresses(ServerAddress.java:221) ~[mongodb-driver-core-4.11.2.jar:na]
	at com.mongodb.internal.connection.ServerAddressWithResolver.getSocketAddresses(ServerAddressWithResolver.java:68) ~[mongodb-driver-core-4.11.2.jar:na]
	at com.mongodb.internal.connection.SocketStream.initializeSocket(SocketStream.java:100) ~[mongodb-driver-core-4.11.2.jar:na]
	at com.mongodb.internal.connection.SocketStream.open(SocketStream.java:78) ~[mongodb-driver-core-4.11.2.jar:na]
	at com.mongodb.internal.connection.InternalStreamConnection.open(InternalStreamConnection.java:211) ~[mongodb-driver-core-4.11.2.jar:na]
	at com.mongodb.internal.connection.DefaultServerMonitor$ServerMonitorRunnable.lookupServerDescription(DefaultServerMonitor.java:193) ~[mongodb-driver-core-4.11.2.jar:na]
	at com.mongodb.internal.connection.DefaultServerMonitor$ServerMonitorRunnable.run(DefaultServerMonitor.java:153) ~[mongodb-driver-core-4.11.2.jar:na]
	at java.base/java.lang.Thread.run(Thread.java:1583) ~[na:na]
Caused by: java.net.UnknownHostException: ac-3mufzp1-shard-00-00.4nosy2u.mongodb.net: nodename nor servname provided, or not known
	at java.base/java.net.Inet6AddressImpl.lookupAllHostAddr(Native Method) ~[na:na]
	at java.base/java.net.Inet6AddressImpl.lookupAllHostAddr(Inet6AddressImpl.java:52) ~[na:na]
	at java.base/java.net.InetAddress$PlatformResolver.lookupByName(InetAddress.java:1211) ~[na:na]
	at java.base/java.net.InetAddress.getAddressesFromNameService(InetAddress.java:1828) ~[na:na]
	at java.base/java.net.InetAddress$NameServiceAddresses.get(InetAddress.java:1139) ~[na:na]
	at java.base/java.net.InetAddress.getAllByName0(InetAddress.java:1818) ~[na:na]
	at java.base/java.net.InetAddress.getAllByName(InetAddress.java:1688) ~[na:na]
	at com.mongodb.ServerAddress.getSocketAddresses(ServerAddress.java:213) ~[mongodb-driver-core-4.11.2.jar:na]
	... 7 common frames omitted

2026-03-26T09:59:30.225+05:30  INFO 99702 --- [academic-service] [ngodb.net:27017] org.mongodb.driver.cluster               : Exception in monitor thread while connecting to server ac-3mufzp1-shard-00-01.4nosy2u.mongodb.net:27017

com.mongodb.MongoSocketException: ac-3mufzp1-shard-00-01.4nosy2u.mongodb.net
	at com.mongodb.ServerAddress.getSocketAddresses(ServerAddress.java:221) ~[mongodb-driver-core-4.11.2.jar:na]
	at com.mongodb.internal.connection.ServerAddressWithResolver.getSocketAddresses(ServerAddressWithResolver.java:68) ~[mongodb-driver-core-4.11.2.jar:na]
	at com.mongodb.internal.connection.SocketStream.initializeSocket(SocketStream.java:100) ~[mongodb-driver-core-4.11.2.jar:na]
	at com.mongodb.internal.connection.SocketStream.open(SocketStream.java:78) ~[mongodb-driver-core-4.11.2.jar:na]
	at com.mongodb.internal.connection.InternalStreamConnection.open(InternalStreamConnection.java:211) ~[mongodb-driver-core-4.11.2.jar:na]
	at com.mongodb.internal.connection.DefaultServerMonitor$ServerMonitorRunnable.lookupServerDescription(DefaultServerMonitor.java:193) ~[mongodb-driver-core-4.11.2.jar:na]
	at com.mongodb.internal.connection.DefaultServerMonitor$ServerMonitorRunnable.run(DefaultServerMonitor.java:153) ~[mongodb-driver-core-4.11.2.jar:na]
	at java.base/java.lang.Thread.run(Thread.java:1583) ~[na:na]
Caused by: java.net.UnknownHostException: ac-3mufzp1-shard-00-01.4nosy2u.mongodb.net
	at java.base/java.net.InetAddress$CachedLookup.get(InetAddress.java:988) ~[na:na]
	at java.base/java.net.InetAddress.getAllByName0(InetAddress.java:1818) ~[na:na]
	at java.base/java.net.InetAddress.getAllByName(InetAddress.java:1688) ~[na:na]
	at com.mongodb.ServerAddress.getSocketAddresses(ServerAddress.java:213) ~[mongodb-driver-core-4.11.2.jar:na]
	... 7 common frames omitted

2026-03-26T09:59:30.979+05:30  INFO 99702 --- [academic-service] [ngodb.net:27017] org.mongodb.driver.cluster               : Exception in monitor thread while connecting to server ac-3mufzp1-shard-00-00.4nosy2u.mongodb.net:27017

com.mongodb.MongoSocketException: ac-3mufzp1-shard-00-00.4nosy2u.mongodb.net
	at com.mongodb.ServerAddress.getSocketAddresses(ServerAddress.java:221) ~[mongodb-driver-core-4.11.2.jar:na]
	at com.mongodb.internal.connection.ServerAddressWithResolver.getSocketAddresses(ServerAddressWithResolver.java:68) ~[mongodb-driver-core-4.11.2.jar:na]
	at com.mongodb.internal.connection.SocketStream.initializeSocket(SocketStream.java:100) ~[mongodb-driver-core-4.11.2.jar:na]
	at com.mongodb.internal.connection.SocketStream.open(SocketStream.java:78) ~[mongodb-driver-core-4.11.2.jar:na]
	at com.mongodb.internal.connection.InternalStreamConnection.open(InternalStreamConnection.java:211) ~[mongodb-driver-core-4.11.2.jar:na]
	at com.mongodb.internal.connection.DefaultServerMonitor$ServerMonitorRunnable.lookupServerDescription(DefaultServerMonitor.java:193) ~[mongodb-driver-core-4.11.2.jar:na]
	at com.mongodb.internal.connection.DefaultServerMonitor$ServerMonitorRunnable.run(DefaultServerMonitor.java:153) ~[mongodb-driver-core-4.11.2.jar:na]
	at java.base/java.lang.Thread.run(Thread.java:1583) ~[na:na]
Caused by: java.net.UnknownHostException: ac-3mufzp1-shard-00-00.4nosy2u.mongodb.net
	at java.base/java.net.InetAddress$CachedLookup.get(InetAddress.java:988) ~[na:na]
	at java.base/java.net.InetAddress.getAllByName0(InetAddress.java:1818) ~[na:na]
	at java.base/java.net.InetAddress.getAllByName(InetAddress.java:1688) ~[na:na]
	at com.mongodb.ServerAddress.getSocketAddresses(ServerAddress.java:213) ~[mongodb-driver-core-4.11.2.jar:na]
	... 7 common frames omitted

2026-03-26T10:01:23.216+05:30  INFO 99702 --- [academic-service] [ngodb.net:27017] org.mongodb.driver.cluster               : Monitor thread successfully connected to server with description ServerDescription{address=ac-3mufzp1-shard-00-02.4nosy2u.mongodb.net:27017, type=REPLICA_SET_SECONDARY, state=CONNECTED, ok=true, minWireVersion=0, maxWireVersion=25, maxDocumentSize=16777216, logicalSessionTimeoutMinutes=30, roundTripTimeNanos=131105583, setName='atlas-hy5sqn-shard-0', canonicalAddress=ac-3mufzp1-shard-00-02.4nosy2u.mongodb.net:27017, hosts=[ac-3mufzp1-shard-00-00.4nosy2u.mongodb.net:27017, ac-3mufzp1-shard-00-02.4nosy2u.mongodb.net:27017, ac-3mufzp1-shard-00-01.4nosy2u.mongodb.net:27017], passives=[], arbiters=[], primary='ac-3mufzp1-shard-00-01.4nosy2u.mongodb.net:27017', tagSet=TagSet{[Tag{name='availabilityZone', value='aps1-az2'}, Tag{name='diskState', value='READY'}, Tag{name='nodeType', value='ELECTABLE'}, Tag{name='provider', value='AWS'}, Tag{name='region', value='AP_SOUTH_1'}, Tag{name='workloadType', value='OPERATIONAL'}]}, electionId=null, setVersion=46, topologyVersion=TopologyVersion{processId=69b31436cf980eb974c6b7c1, counter=3}, lastWriteDate=Thu Mar 26 10:01:23 IST 2026, lastUpdateTimeNanos=135425521348041}
2026-03-26T10:01:23.900+05:30  INFO 99702 --- [academic-service] [ngodb.net:27017] org.mongodb.driver.cluster               : Monitor thread successfully connected to server with description ServerDescription{address=ac-3mufzp1-shard-00-00.4nosy2u.mongodb.net:27017, type=REPLICA_SET_SECONDARY, state=CONNECTED, ok=true, minWireVersion=0, maxWireVersion=25, maxDocumentSize=16777216, logicalSessionTimeoutMinutes=30, roundTripTimeNanos=76901541, setName='atlas-hy5sqn-shard-0', canonicalAddress=ac-3mufzp1-shard-00-00.4nosy2u.mongodb.net:27017, hosts=[ac-3mufzp1-shard-00-00.4nosy2u.mongodb.net:27017, ac-3mufzp1-shard-00-02.4nosy2u.mongodb.net:27017, ac-3mufzp1-shard-00-01.4nosy2u.mongodb.net:27017], passives=[], arbiters=[], primary='ac-3mufzp1-shard-00-01.4nosy2u.mongodb.net:27017', tagSet=TagSet{[Tag{name='availabilityZone', value='aps1-az1'}, Tag{name='diskState', value='READY'}, Tag{name='nodeType', value='ELECTABLE'}, Tag{name='provider', value='AWS'}, Tag{name='region', value='AP_SOUTH_1'}, Tag{name='workloadType', value='OPERATIONAL'}]}, electionId=null, setVersion=46, topologyVersion=TopologyVersion{processId=69b30edff67384ce6d9efce1, counter=4}, lastWriteDate=Thu Mar 26 10:01:23 IST 2026, lastUpdateTimeNanos=135426209245666}
2026-03-26T10:01:33.105+05:30  INFO 99702 --- [academic-service] [ngodb.net:27017] org.mongodb.driver.cluster               : Monitor thread successfully connected to server with description ServerDescription{address=ac-3mufzp1-shard-00-01.4nosy2u.mongodb.net:27017, type=REPLICA_SET_PRIMARY, state=CONNECTED, ok=true, minWireVersion=0, maxWireVersion=25, maxDocumentSize=16777216, logicalSessionTimeoutMinutes=30, roundTripTimeNanos=44030625, setName='atlas-hy5sqn-shard-0', canonicalAddress=ac-3mufzp1-shard-00-01.4nosy2u.mongodb.net:27017, hosts=[ac-3mufzp1-shard-00-00.4nosy2u.mongodb.net:27017, ac-3mufzp1-shard-00-02.4nosy2u.mongodb.net:27017, ac-3mufzp1-shard-00-01.4nosy2u.mongodb.net:27017], passives=[], arbiters=[], primary='ac-3mufzp1-shard-00-01.4nosy2u.mongodb.net:27017', tagSet=TagSet{[Tag{name='availabilityZone', value='aps1-az3'}, Tag{name='diskState', value='READY'}, Tag{name='nodeType', value='ELECTABLE'}, Tag{name='provider', value='AWS'}, Tag{name='region', value='AP_SOUTH_1'}, Tag{name='workloadType', value='OPERATIONAL'}]}, electionId=7fffffff00000000000000ca, setVersion=46, topologyVersion=TopologyVersion{processId=69b311797648454b51f7c7a8, counter=6}, lastWriteDate=Thu Mar 26 10:01:33 IST 2026, lastUpdateTimeNanos=135435418003791}
2026-03-26T10:01:33.110+05:30  INFO 99702 --- [academic-service] [ngodb.net:27017] org.mongodb.driver.cluster               : Discovered replica set primary ac-3mufzp1-shard-00-01.4nosy2u.mongodb.net:27017 with max election id 7fffffff00000000000000ca and max set version 46
2026-03-26T10:03:32.505+05:30  INFO 99702 --- [academic-service] [trap-executor-0] c.n.d.s.r.aws.ConfigClusterResolver      : Resolving eureka endpoints via configuration
2026-03-26T10:08:32.505+05:30  INFO 99702 --- [academic-service] [trap-executor-0] c.n.d.s.r.aws.ConfigClusterResolver      : Resolving eureka endpoints via configuration
2026-03-26T10:13:32.505+05:30  INFO 99702 --- [academic-service] [trap-executor-0] c.n.d.s.r.aws.ConfigClusterResolver      : Resolving eureka endpoints via configuration
2026-03-26T10:17:32.375+05:30  INFO 99702 --- [academic-service] [ngodb.net:27017] org.mongodb.driver.cluster               : Exception in monitor thread while connecting to server ac-3mufzp1-shard-00-02.4nosy2u.mongodb.net:27017

com.mongodb.MongoSocketReadTimeoutException: Timeout while receiving message
	at com.mongodb.internal.connection.InternalStreamConnection.translateReadException(InternalStreamConnection.java:728) ~[mongodb-driver-core-4.11.2.jar:na]
	at com.mongodb.internal.connection.InternalStreamConnection.receiveMessageWithAdditionalTimeout(InternalStreamConnection.java:606) ~[mongodb-driver-core-4.11.2.jar:na]
	at com.mongodb.internal.connection.InternalStreamConnection.receiveCommandMessageResponse(InternalStreamConnection.java:451) ~[mongodb-driver-core-4.11.2.jar:na]
	at com.mongodb.internal.connection.InternalStreamConnection.receive(InternalStreamConnection.java:404) ~[mongodb-driver-core-4.11.2.jar:na]
	at com.mongodb.internal.connection.DefaultServerMonitor$ServerMonitorRunnable.lookupServerDescription(DefaultServerMonitor.java:221) ~[mongodb-driver-core-4.11.2.jar:na]
	at com.mongodb.internal.connection.DefaultServerMonitor$ServerMonitorRunnable.run(DefaultServerMonitor.java:153) ~[mongodb-driver-core-4.11.2.jar:na]
	at java.base/java.lang.Thread.run(Thread.java:1583) ~[na:na]
Caused by: java.net.SocketTimeoutException: Read timed out
	at java.base/sun.nio.ch.NioSocketImpl.timedRead(NioSocketImpl.java:278) ~[na:na]
	at java.base/sun.nio.ch.NioSocketImpl.implRead(NioSocketImpl.java:304) ~[na:na]
	at java.base/sun.nio.ch.NioSocketImpl.read(NioSocketImpl.java:346) ~[na:na]
	at java.base/sun.nio.ch.NioSocketImpl$1.read(NioSocketImpl.java:796) ~[na:na]
	at java.base/java.net.Socket$SocketInputStream.read(Socket.java:1099) ~[na:na]
	at java.base/sun.security.ssl.SSLSocketInputRecord.read(SSLSocketInputRecord.java:489) ~[na:na]
	at java.base/sun.security.ssl.SSLSocketInputRecord.readHeader(SSLSocketInputRecord.java:483) ~[na:na]
	at java.base/sun.security.ssl.SSLSocketInputRecord.bytesInCompletePacket(SSLSocketInputRecord.java:70) ~[na:na]
	at java.base/sun.security.ssl.SSLSocketImpl.readApplicationRecord(SSLSocketImpl.java:1461) ~[na:na]
	at java.base/sun.security.ssl.SSLSocketImpl$AppInputStream.read(SSLSocketImpl.java:1066) ~[na:na]
	at com.mongodb.internal.connection.SocketStream.read(SocketStream.java:175) ~[mongodb-driver-core-4.11.2.jar:na]
	at com.mongodb.internal.connection.SocketStream.read(SocketStream.java:200) ~[mongodb-driver-core-4.11.2.jar:na]
	at com.mongodb.internal.connection.InternalStreamConnection.receiveResponseBuffers(InternalStreamConnection.java:739) ~[mongodb-driver-core-4.11.2.jar:na]
	at com.mongodb.internal.connection.InternalStreamConnection.receiveMessageWithAdditionalTimeout(InternalStreamConnection.java:603) ~[mongodb-driver-core-4.11.2.jar:na]
	... 5 common frames omitted

2026-03-26T10:17:32.502+05:30  INFO 99702 --- [academic-service] [ngodb.net:27017] org.mongodb.driver.cluster               : Monitor thread successfully connected to server with description ServerDescription{address=ac-3mufzp1-shard-00-02.4nosy2u.mongodb.net:27017, type=REPLICA_SET_SECONDARY, state=CONNECTED, ok=true, minWireVersion=0, maxWireVersion=25, maxDocumentSize=16777216, logicalSessionTimeoutMinutes=30, roundTripTimeNanos=48926792, setName='atlas-hy5sqn-shard-0', canonicalAddress=ac-3mufzp1-shard-00-02.4nosy2u.mongodb.net:27017, hosts=[ac-3mufzp1-shard-00-00.4nosy2u.mongodb.net:27017, ac-3mufzp1-shard-00-02.4nosy2u.mongodb.net:27017, ac-3mufzp1-shard-00-01.4nosy2u.mongodb.net:27017], passives=[], arbiters=[], primary='ac-3mufzp1-shard-00-01.4nosy2u.mongodb.net:27017', tagSet=TagSet{[Tag{name='availabilityZone', value='aps1-az2'}, Tag{name='diskState', value='READY'}, Tag{name='nodeType', value='ELECTABLE'}, Tag{name='provider', value='AWS'}, Tag{name='region', value='AP_SOUTH_1'}, Tag{name='workloadType', value='OPERATIONAL'}]}, electionId=null, setVersion=46, topologyVersion=TopologyVersion{processId=69b31436cf980eb974c6b7c1, counter=3}, lastWriteDate=Thu Mar 26 10:17:32 IST 2026, lastUpdateTimeNanos=136328567343458}
2026-03-26T10:19:10.848+05:30  INFO 99702 --- [academic-service] [trap-executor-0] c.n.d.s.r.aws.ConfigClusterResolver      : Resolving eureka endpoints via configuration
2026-03-26T10:38:23.113+05:30  INFO 99702 --- [academic-service] [ngodb.net:27017] org.mongodb.driver.cluster               : Exception in monitor thread while connecting to server ac-3mufzp1-shard-00-02.4nosy2u.mongodb.net:27017

com.mongodb.MongoSocketReadTimeoutException: Timeout while receiving message
	at com.mongodb.internal.connection.InternalStreamConnection.translateReadException(InternalStreamConnection.java:728) ~[mongodb-driver-core-4.11.2.jar:na]
	at com.mongodb.internal.connection.InternalStreamConnection.receiveMessageWithAdditionalTimeout(InternalStreamConnection.java:606) ~[mongodb-driver-core-4.11.2.jar:na]
	at com.mongodb.internal.connection.InternalStreamConnection.receiveCommandMessageResponse(InternalStreamConnection.java:451) ~[mongodb-driver-core-4.11.2.jar:na]
	at com.mongodb.internal.connection.InternalStreamConnection.receive(InternalStreamConnection.java:404) ~[mongodb-driver-core-4.11.2.jar:na]
	at com.mongodb.internal.connection.DefaultServerMonitor$ServerMonitorRunnable.lookupServerDescription(DefaultServerMonitor.java:221) ~[mongodb-driver-core-4.11.2.jar:na]
	at com.mongodb.internal.connection.DefaultServerMonitor$ServerMonitorRunnable.run(DefaultServerMonitor.java:153) ~[mongodb-driver-core-4.11.2.jar:na]
	at java.base/java.lang.Thread.run(Thread.java:1583) ~[na:na]
Caused by: java.net.SocketTimeoutException: Read timed out
	at java.base/sun.nio.ch.NioSocketImpl.timedRead(NioSocketImpl.java:278) ~[na:na]
	at java.base/sun.nio.ch.NioSocketImpl.implRead(NioSocketImpl.java:304) ~[na:na]
	at java.base/sun.nio.ch.NioSocketImpl.read(NioSocketImpl.java:346) ~[na:na]
	at java.base/sun.nio.ch.NioSocketImpl$1.read(NioSocketImpl.java:796) ~[na:na]
	at java.base/java.net.Socket$SocketInputStream.read(Socket.java:1099) ~[na:na]
	at java.base/sun.security.ssl.SSLSocketInputRecord.read(SSLSocketInputRecord.java:489) ~[na:na]
	at java.base/sun.security.ssl.SSLSocketInputRecord.readHeader(SSLSocketInputRecord.java:483) ~[na:na]
	at java.base/sun.security.ssl.SSLSocketInputRecord.bytesInCompletePacket(SSLSocketInputRecord.java:70) ~[na:na]
	at java.base/sun.security.ssl.SSLSocketImpl.readApplicationRecord(SSLSocketImpl.java:1461) ~[na:na]
	at java.base/sun.security.ssl.SSLSocketImpl$AppInputStream.read(SSLSocketImpl.java:1066) ~[na:na]
	at com.mongodb.internal.connection.SocketStream.read(SocketStream.java:175) ~[mongodb-driver-core-4.11.2.jar:na]
	at com.mongodb.internal.connection.SocketStream.read(SocketStream.java:200) ~[mongodb-driver-core-4.11.2.jar:na]
	at com.mongodb.internal.connection.InternalStreamConnection.receiveResponseBuffers(InternalStreamConnection.java:739) ~[mongodb-driver-core-4.11.2.jar:na]
	at com.mongodb.internal.connection.InternalStreamConnection.receiveMessageWithAdditionalTimeout(InternalStreamConnection.java:603) ~[mongodb-driver-core-4.11.2.jar:na]
	... 5 common frames omitted

2026-03-26T10:38:23.348+05:30  INFO 99702 --- [academic-service] [ngodb.net:27017] org.mongodb.driver.cluster               : Monitor thread successfully connected to server with description ServerDescription{address=ac-3mufzp1-shard-00-02.4nosy2u.mongodb.net:27017, type=REPLICA_SET_SECONDARY, state=CONNECTED, ok=true, minWireVersion=0, maxWireVersion=25, maxDocumentSize=16777216, logicalSessionTimeoutMinutes=30, roundTripTimeNanos=98384083, setName='atlas-hy5sqn-shard-0', canonicalAddress=ac-3mufzp1-shard-00-02.4nosy2u.mongodb.net:27017, hosts=[ac-3mufzp1-shard-00-00.4nosy2u.mongodb.net:27017, ac-3mufzp1-shard-00-02.4nosy2u.mongodb.net:27017, ac-3mufzp1-shard-00-01.4nosy2u.mongodb.net:27017], passives=[], arbiters=[], primary='ac-3mufzp1-shard-00-01.4nosy2u.mongodb.net:27017', tagSet=TagSet{[Tag{name='availabilityZone', value='aps1-az2'}, Tag{name='diskState', value='READY'}, Tag{name='nodeType', value='ELECTABLE'}, Tag{name='provider', value='AWS'}, Tag{name='region', value='AP_SOUTH_1'}, Tag{name='workloadType', value='OPERATIONAL'}]}, electionId=null, setVersion=46, topologyVersion=TopologyVersion{processId=69b31436cf980eb974c6b7c1, counter=3}, lastWriteDate=Thu Mar 26 10:38:23 IST 2026, lastUpdateTimeNanos=136519124372291}
2026-03-26T10:38:24.946+05:30  INFO 99702 --- [academic-service] [ngodb.net:27017] org.mongodb.driver.cluster               : Exception in monitor thread while connecting to server ac-3mufzp1-shard-00-00.4nosy2u.mongodb.net:27017

com.mongodb.MongoSocketReadTimeoutException: Timeout while receiving message
	at com.mongodb.internal.connection.InternalStreamConnection.translateReadException(InternalStreamConnection.java:728) ~[mongodb-driver-core-4.11.2.jar:na]
	at com.mongodb.internal.connection.InternalStreamConnection.receiveMessageWithAdditionalTimeout(InternalStreamConnection.java:606) ~[mongodb-driver-core-4.11.2.jar:na]
	at com.mongodb.internal.connection.InternalStreamConnection.receiveCommandMessageResponse(InternalStreamConnection.java:451) ~[mongodb-driver-core-4.11.2.jar:na]
	at com.mongodb.internal.connection.InternalStreamConnection.receive(InternalStreamConnection.java:404) ~[mongodb-driver-core-4.11.2.jar:na]
	at com.mongodb.internal.connection.DefaultServerMonitor$ServerMonitorRunnable.lookupServerDescription(DefaultServerMonitor.java:221) ~[mongodb-driver-core-4.11.2.jar:na]
	at com.mongodb.internal.connection.DefaultServerMonitor$ServerMonitorRunnable.run(DefaultServerMonitor.java:153) ~[mongodb-driver-core-4.11.2.jar:na]
	at java.base/java.lang.Thread.run(Thread.java:1583) ~[na:na]
Caused by: java.net.SocketTimeoutException: Read timed out
	at java.base/sun.nio.ch.NioSocketImpl.timedRead(NioSocketImpl.java:278) ~[na:na]
	at java.base/sun.nio.ch.NioSocketImpl.implRead(NioSocketImpl.java:304) ~[na:na]
	at java.base/sun.nio.ch.NioSocketImpl.read(NioSocketImpl.java:346) ~[na:na]
	at java.base/sun.nio.ch.NioSocketImpl$1.read(NioSocketImpl.java:796) ~[na:na]
	at java.base/java.net.Socket$SocketInputStream.read(Socket.java:1099) ~[na:na]
	at java.base/sun.security.ssl.SSLSocketInputRecord.read(SSLSocketInputRecord.java:489) ~[na:na]
	at java.base/sun.security.ssl.SSLSocketInputRecord.readHeader(SSLSocketInputRecord.java:483) ~[na:na]
	at java.base/sun.security.ssl.SSLSocketInputRecord.bytesInCompletePacket(SSLSocketInputRecord.java:70) ~[na:na]
	at java.base/sun.security.ssl.SSLSocketImpl.readApplicationRecord(SSLSocketImpl.java:1461) ~[na:na]
	at java.base/sun.security.ssl.SSLSocketImpl$AppInputStream.read(SSLSocketImpl.java:1066) ~[na:na]
	at com.mongodb.internal.connection.SocketStream.read(SocketStream.java:175) ~[mongodb-driver-core-4.11.2.jar:na]
	at com.mongodb.internal.connection.SocketStream.read(SocketStream.java:200) ~[mongodb-driver-core-4.11.2.jar:na]
	at com.mongodb.internal.connection.InternalStreamConnection.receiveResponseBuffers(InternalStreamConnection.java:739) ~[mongodb-driver-core-4.11.2.jar:na]
	at com.mongodb.internal.connection.InternalStreamConnection.receiveMessageWithAdditionalTimeout(InternalStreamConnection.java:603) ~[mongodb-driver-core-4.11.2.jar:na]
	... 5 common frames omitted

2026-03-26T10:38:25.097+05:30  INFO 99702 --- [academic-service] [ngodb.net:27017] org.mongodb.driver.cluster               : Monitor thread successfully connected to server with description ServerDescription{address=ac-3mufzp1-shard-00-00.4nosy2u.mongodb.net:27017, type=REPLICA_SET_SECONDARY, state=CONNECTED, ok=true, minWireVersion=0, maxWireVersion=25, maxDocumentSize=16777216, logicalSessionTimeoutMinutes=30, roundTripTimeNanos=78825125, setName='atlas-hy5sqn-shard-0', canonicalAddress=ac-3mufzp1-shard-00-00.4nosy2u.mongodb.net:27017, hosts=[ac-3mufzp1-shard-00-00.4nosy2u.mongodb.net:27017, ac-3mufzp1-shard-00-02.4nosy2u.mongodb.net:27017, ac-3mufzp1-shard-00-01.4nosy2u.mongodb.net:27017], passives=[], arbiters=[], primary='ac-3mufzp1-shard-00-01.4nosy2u.mongodb.net:27017', tagSet=TagSet{[Tag{name='availabilityZone', value='aps1-az1'}, Tag{name='diskState', value='READY'}, Tag{name='nodeType', value='ELECTABLE'}, Tag{name='provider', value='AWS'}, Tag{name='region', value='AP_SOUTH_1'}, Tag{name='workloadType', value='OPERATIONAL'}]}, electionId=null, setVersion=46, topologyVersion=TopologyVersion{processId=69b30edff67384ce6d9efce1, counter=4}, lastWriteDate=Thu Mar 26 10:38:25 IST 2026, lastUpdateTimeNanos=136520876897916}
2026-03-26T10:38:25.358+05:30  INFO 99702 --- [academic-service] [ngodb.net:27017] org.mongodb.driver.cluster               : Exception in monitor thread while connecting to server ac-3mufzp1-shard-00-01.4nosy2u.mongodb.net:27017

com.mongodb.MongoSocketReadTimeoutException: Timeout while receiving message
	at com.mongodb.internal.connection.InternalStreamConnection.translateReadException(InternalStreamConnection.java:728) ~[mongodb-driver-core-4.11.2.jar:na]
	at com.mongodb.internal.connection.InternalStreamConnection.receiveMessageWithAdditionalTimeout(InternalStreamConnection.java:606) ~[mongodb-driver-core-4.11.2.jar:na]
	at com.mongodb.internal.connection.InternalStreamConnection.receiveCommandMessageResponse(InternalStreamConnection.java:451) ~[mongodb-driver-core-4.11.2.jar:na]
	at com.mongodb.internal.connection.InternalStreamConnection.receive(InternalStreamConnection.java:404) ~[mongodb-driver-core-4.11.2.jar:na]
	at com.mongodb.internal.connection.DefaultServerMonitor$ServerMonitorRunnable.lookupServerDescription(DefaultServerMonitor.java:221) ~[mongodb-driver-core-4.11.2.jar:na]
	at com.mongodb.internal.connection.DefaultServerMonitor$ServerMonitorRunnable.run(DefaultServerMonitor.java:153) ~[mongodb-driver-core-4.11.2.jar:na]
	at java.base/java.lang.Thread.run(Thread.java:1583) ~[na:na]
Caused by: java.net.SocketTimeoutException: Read timed out
	at java.base/sun.nio.ch.NioSocketImpl.timedRead(NioSocketImpl.java:278) ~[na:na]
	at java.base/sun.nio.ch.NioSocketImpl.implRead(NioSocketImpl.java:304) ~[na:na]
	at java.base/sun.nio.ch.NioSocketImpl.read(NioSocketImpl.java:346) ~[na:na]
	at java.base/sun.nio.ch.NioSocketImpl$1.read(NioSocketImpl.java:796) ~[na:na]
	at java.base/java.net.Socket$SocketInputStream.read(Socket.java:1099) ~[na:na]
	at java.base/sun.security.ssl.SSLSocketInputRecord.read(SSLSocketInputRecord.java:489) ~[na:na]
	at java.base/sun.security.ssl.SSLSocketInputRecord.readHeader(SSLSocketInputRecord.java:483) ~[na:na]
	at java.base/sun.security.ssl.SSLSocketInputRecord.bytesInCompletePacket(SSLSocketInputRecord.java:70) ~[na:na]
	at java.base/sun.security.ssl.SSLSocketImpl.readApplicationRecord(SSLSocketImpl.java:1461) ~[na:na]
	at java.base/sun.security.ssl.SSLSocketImpl$AppInputStream.read(SSLSocketImpl.java:1066) ~[na:na]
	at com.mongodb.internal.connection.SocketStream.read(SocketStream.java:175) ~[mongodb-driver-core-4.11.2.jar:na]
	at com.mongodb.internal.connection.SocketStream.read(SocketStream.java:200) ~[mongodb-driver-core-4.11.2.jar:na]
	at com.mongodb.internal.connection.InternalStreamConnection.receiveResponseBuffers(InternalStreamConnection.java:739) ~[mongodb-driver-core-4.11.2.jar:na]
	at com.mongodb.internal.connection.InternalStreamConnection.receiveMessageWithAdditionalTimeout(InternalStreamConnection.java:603) ~[mongodb-driver-core-4.11.2.jar:na]
	... 5 common frames omitted

2026-03-26T10:38:25.505+05:30  INFO 99702 --- [academic-service] [ngodb.net:27017] org.mongodb.driver.cluster               : Monitor thread successfully connected to server with description ServerDescription{address=ac-3mufzp1-shard-00-01.4nosy2u.mongodb.net:27017, type=REPLICA_SET_PRIMARY, state=CONNECTED, ok=true, minWireVersion=0, maxWireVersion=25, maxDocumentSize=16777216, logicalSessionTimeoutMinutes=30, roundTripTimeNanos=80862541, setName='atlas-hy5sqn-shard-0', canonicalAddress=ac-3mufzp1-shard-00-01.4nosy2u.mongodb.net:27017, hosts=[ac-3mufzp1-shard-00-00.4nosy2u.mongodb.net:27017, ac-3mufzp1-shard-00-02.4nosy2u.mongodb.net:27017, ac-3mufzp1-shard-00-01.4nosy2u.mongodb.net:27017], passives=[], arbiters=[], primary='ac-3mufzp1-shard-00-01.4nosy2u.mongodb.net:27017', tagSet=TagSet{[Tag{name='availabilityZone', value='aps1-az3'}, Tag{name='diskState', value='READY'}, Tag{name='nodeType', value='ELECTABLE'}, Tag{name='provider', value='AWS'}, Tag{name='region', value='AP_SOUTH_1'}, Tag{name='workloadType', value='OPERATIONAL'}]}, electionId=7fffffff00000000000000ca, setVersion=46, topologyVersion=TopologyVersion{processId=69b311797648454b51f7c7a8, counter=6}, lastWriteDate=Thu Mar 26 10:38:25 IST 2026, lastUpdateTimeNanos=136521285750708}
2026-03-26T10:38:25.506+05:30  INFO 99702 --- [academic-service] [ngodb.net:27017] org.mongodb.driver.cluster               : Discovered replica set primary ac-3mufzp1-shard-00-01.4nosy2u.mongodb.net:27017 with max election id 7fffffff00000000000000ca and max set version 46
2026-03-26T10:38:31.785+05:30  INFO 99702 --- [academic-service] [tbeatExecutor-0] com.netflix.discovery.DiscoveryClient    : DiscoveryClient_ACADEMIC-SERVICE/192.168.0.207:academic-service:8089 - Re-registering apps/ACADEMIC-SERVICE
2026-03-26T10:38:31.786+05:30  INFO 99702 --- [academic-service] [tbeatExecutor-0] com.netflix.discovery.DiscoveryClient    : DiscoveryClient_ACADEMIC-SERVICE/192.168.0.207:academic-service:8089: registering service...
2026-03-26T10:38:31.798+05:30  INFO 99702 --- [academic-service] [tbeatExecutor-0] com.netflix.discovery.DiscoveryClient    : DiscoveryClient_ACADEMIC-SERVICE/192.168.0.207:academic-service:8089 - registration status: 204
2026-03-26T10:53:47.136+05:30  INFO 99702 --- [academic-service] [ngodb.net:27017] org.mongodb.driver.cluster               : Exception in monitor thread while connecting to server ac-3mufzp1-shard-00-00.4nosy2u.mongodb.net:27017

com.mongodb.MongoSocketReadTimeoutException: Timeout while receiving message
	at com.mongodb.internal.connection.InternalStreamConnection.translateReadException(InternalStreamConnection.java:728) ~[mongodb-driver-core-4.11.2.jar:na]
	at com.mongodb.internal.connection.InternalStreamConnection.receiveMessageWithAdditionalTimeout(InternalStreamConnection.java:606) ~[mongodb-driver-core-4.11.2.jar:na]
	at com.mongodb.internal.connection.InternalStreamConnection.receiveCommandMessageResponse(InternalStreamConnection.java:451) ~[mongodb-driver-core-4.11.2.jar:na]
	at com.mongodb.internal.connection.InternalStreamConnection.receive(InternalStreamConnection.java:404) ~[mongodb-driver-core-4.11.2.jar:na]
	at com.mongodb.internal.connection.DefaultServerMonitor$ServerMonitorRunnable.lookupServerDescription(DefaultServerMonitor.java:221) ~[mongodb-driver-core-4.11.2.jar:na]
	at com.mongodb.internal.connection.DefaultServerMonitor$ServerMonitorRunnable.run(DefaultServerMonitor.java:153) ~[mongodb-driver-core-4.11.2.jar:na]
	at java.base/java.lang.Thread.run(Thread.java:1583) ~[na:na]
Caused by: java.net.SocketTimeoutException: Read timed out
	at java.base/sun.nio.ch.NioSocketImpl.timedRead(NioSocketImpl.java:278) ~[na:na]
	at java.base/sun.nio.ch.NioSocketImpl.implRead(NioSocketImpl.java:304) ~[na:na]
	at java.base/sun.nio.ch.NioSocketImpl.read(NioSocketImpl.java:346) ~[na:na]
	at java.base/sun.nio.ch.NioSocketImpl$1.read(NioSocketImpl.java:796) ~[na:na]
	at java.base/java.net.Socket$SocketInputStream.read(Socket.java:1099) ~[na:na]
	at java.base/sun.security.ssl.SSLSocketInputRecord.read(SSLSocketInputRecord.java:489) ~[na:na]
	at java.base/sun.security.ssl.SSLSocketInputRecord.readHeader(SSLSocketInputRecord.java:483) ~[na:na]
	at java.base/sun.security.ssl.SSLSocketInputRecord.bytesInCompletePacket(SSLSocketInputRecord.java:70) ~[na:na]
	at java.base/sun.security.ssl.SSLSocketImpl.readApplicationRecord(SSLSocketImpl.java:1461) ~[na:na]
	at java.base/sun.security.ssl.SSLSocketImpl$AppInputStream.read(SSLSocketImpl.java:1066) ~[na:na]
	at com.mongodb.internal.connection.SocketStream.read(SocketStream.java:175) ~[mongodb-driver-core-4.11.2.jar:na]
	at com.mongodb.internal.connection.SocketStream.read(SocketStream.java:200) ~[mongodb-driver-core-4.11.2.jar:na]
	at com.mongodb.internal.connection.InternalStreamConnection.receiveResponseBuffers(InternalStreamConnection.java:739) ~[mongodb-driver-core-4.11.2.jar:na]
	at com.mongodb.internal.connection.InternalStreamConnection.receiveMessageWithAdditionalTimeout(InternalStreamConnection.java:603) ~[mongodb-driver-core-4.11.2.jar:na]
	... 5 common frames omitted

2026-03-26T10:53:47.298+05:30  INFO 99702 --- [academic-service] [ngodb.net:27017] org.mongodb.driver.cluster               : Monitor thread successfully connected to server with description ServerDescription{address=ac-3mufzp1-shard-00-00.4nosy2u.mongodb.net:27017, type=REPLICA_SET_SECONDARY, state=CONNECTED, ok=true, minWireVersion=0, maxWireVersion=25, maxDocumentSize=16777216, logicalSessionTimeoutMinutes=30, roundTripTimeNanos=87473750, setName='atlas-hy5sqn-shard-0', canonicalAddress=ac-3mufzp1-shard-00-00.4nosy2u.mongodb.net:27017, hosts=[ac-3mufzp1-shard-00-00.4nosy2u.mongodb.net:27017, ac-3mufzp1-shard-00-02.4nosy2u.mongodb.net:27017, ac-3mufzp1-shard-00-01.4nosy2u.mongodb.net:27017], passives=[], arbiters=[], primary='ac-3mufzp1-shard-00-01.4nosy2u.mongodb.net:27017', tagSet=TagSet{[Tag{name='availabilityZone', value='aps1-az1'}, Tag{name='diskState', value='READY'}, Tag{name='nodeType', value='ELECTABLE'}, Tag{name='provider', value='AWS'}, Tag{name='region', value='AP_SOUTH_1'}, Tag{name='workloadType', value='OPERATIONAL'}]}, electionId=null, setVersion=46, topologyVersion=TopologyVersion{processId=69b30edff67384ce6d9efce1, counter=4}, lastWriteDate=Thu Mar 26 10:53:47 IST 2026, lastUpdateTimeNanos=136551043022041}
2026-03-26T10:53:47.544+05:30  INFO 99702 --- [academic-service] [ngodb.net:27017] org.mongodb.driver.cluster               : Exception in monitor thread while connecting to server ac-3mufzp1-shard-00-01.4nosy2u.mongodb.net:27017

com.mongodb.MongoSocketReadTimeoutException: Timeout while receiving message
	at com.mongodb.internal.connection.InternalStreamConnection.translateReadException(InternalStreamConnection.java:728) ~[mongodb-driver-core-4.11.2.jar:na]
	at com.mongodb.internal.connection.InternalStreamConnection.receiveMessageWithAdditionalTimeout(InternalStreamConnection.java:606) ~[mongodb-driver-core-4.11.2.jar:na]
	at com.mongodb.internal.connection.InternalStreamConnection.receiveCommandMessageResponse(InternalStreamConnection.java:451) ~[mongodb-driver-core-4.11.2.jar:na]
	at com.mongodb.internal.connection.InternalStreamConnection.receive(InternalStreamConnection.java:404) ~[mongodb-driver-core-4.11.2.jar:na]
	at com.mongodb.internal.connection.DefaultServerMonitor$ServerMonitorRunnable.lookupServerDescription(DefaultServerMonitor.java:221) ~[mongodb-driver-core-4.11.2.jar:na]
	at com.mongodb.internal.connection.DefaultServerMonitor$ServerMonitorRunnable.run(DefaultServerMonitor.java:153) ~[mongodb-driver-core-4.11.2.jar:na]
	at java.base/java.lang.Thread.run(Thread.java:1583) ~[na:na]
Caused by: java.net.SocketTimeoutException: Read timed out
	at java.base/sun.nio.ch.NioSocketImpl.timedRead(NioSocketImpl.java:278) ~[na:na]
	at java.base/sun.nio.ch.NioSocketImpl.implRead(NioSocketImpl.java:304) ~[na:na]
	at java.base/sun.nio.ch.NioSocketImpl.read(NioSocketImpl.java:346) ~[na:na]
	at java.base/sun.nio.ch.NioSocketImpl$1.read(NioSocketImpl.java:796) ~[na:na]
	at java.base/java.net.Socket$SocketInputStream.read(Socket.java:1099) ~[na:na]
	at java.base/sun.security.ssl.SSLSocketInputRecord.read(SSLSocketInputRecord.java:489) ~[na:na]
	at java.base/sun.security.ssl.SSLSocketInputRecord.readHeader(SSLSocketInputRecord.java:483) ~[na:na]
	at java.base/sun.security.ssl.SSLSocketInputRecord.bytesInCompletePacket(SSLSocketInputRecord.java:70) ~[na:na]
	at java.base/sun.security.ssl.SSLSocketImpl.readApplicationRecord(SSLSocketImpl.java:1461) ~[na:na]
	at java.base/sun.security.ssl.SSLSocketImpl$AppInputStream.read(SSLSocketImpl.java:1066) ~[na:na]
	at com.mongodb.internal.connection.SocketStream.read(SocketStream.java:175) ~[mongodb-driver-core-4.11.2.jar:na]
	at com.mongodb.internal.connection.SocketStream.read(SocketStream.java:200) ~[mongodb-driver-core-4.11.2.jar:na]
	at com.mongodb.internal.connection.InternalStreamConnection.receiveResponseBuffers(InternalStreamConnection.java:739) ~[mongodb-driver-core-4.11.2.jar:na]
	at com.mongodb.internal.connection.InternalStreamConnection.receiveMessageWithAdditionalTimeout(InternalStreamConnection.java:603) ~[mongodb-driver-core-4.11.2.jar:na]
	... 5 common frames omitted

2026-03-26T10:53:47.718+05:30  INFO 99702 --- [academic-service] [ngodb.net:27017] org.mongodb.driver.cluster               : Monitor thread successfully connected to server with description ServerDescription{address=ac-3mufzp1-shard-00-01.4nosy2u.mongodb.net:27017, type=REPLICA_SET_PRIMARY, state=CONNECTED, ok=true, minWireVersion=0, maxWireVersion=25, maxDocumentSize=16777216, logicalSessionTimeoutMinutes=30, roundTripTimeNanos=107922958, setName='atlas-hy5sqn-shard-0', canonicalAddress=ac-3mufzp1-shard-00-01.4nosy2u.mongodb.net:27017, hosts=[ac-3mufzp1-shard-00-00.4nosy2u.mongodb.net:27017, ac-3mufzp1-shard-00-02.4nosy2u.mongodb.net:27017, ac-3mufzp1-shard-00-01.4nosy2u.mongodb.net:27017], passives=[], arbiters=[], primary='ac-3mufzp1-shard-00-01.4nosy2u.mongodb.net:27017', tagSet=TagSet{[Tag{name='availabilityZone', value='aps1-az3'}, Tag{name='diskState', value='READY'}, Tag{name='nodeType', value='ELECTABLE'}, Tag{name='provider', value='AWS'}, Tag{name='region', value='AP_SOUTH_1'}, Tag{name='workloadType', value='OPERATIONAL'}]}, electionId=7fffffff00000000000000ca, setVersion=46, topologyVersion=TopologyVersion{processId=69b311797648454b51f7c7a8, counter=6}, lastWriteDate=Thu Mar 26 10:53:47 IST 2026, lastUpdateTimeNanos=136551465553791}
2026-03-26T10:53:47.719+05:30  INFO 99702 --- [academic-service] [ngodb.net:27017] org.mongodb.driver.cluster               : Discovered replica set primary ac-3mufzp1-shard-00-01.4nosy2u.mongodb.net:27017 with max election id 7fffffff00000000000000ca and max set version 46
2026-03-26T10:55:33.057+05:30  INFO 99702 --- [academic-service] [ngodb.net:27017] org.mongodb.driver.cluster               : Exception in monitor thread while connecting to server ac-3mufzp1-shard-00-02.4nosy2u.mongodb.net:27017

com.mongodb.MongoSocketReadTimeoutException: Timeout while receiving message
	at com.mongodb.internal.connection.InternalStreamConnection.translateReadException(InternalStreamConnection.java:728) ~[mongodb-driver-core-4.11.2.jar:na]
	at com.mongodb.internal.connection.InternalStreamConnection.receiveMessageWithAdditionalTimeout(InternalStreamConnection.java:606) ~[mongodb-driver-core-4.11.2.jar:na]
	at com.mongodb.internal.connection.InternalStreamConnection.receiveCommandMessageResponse(InternalStreamConnection.java:451) ~[mongodb-driver-core-4.11.2.jar:na]
	at com.mongodb.internal.connection.InternalStreamConnection.receive(InternalStreamConnection.java:404) ~[mongodb-driver-core-4.11.2.jar:na]
	at com.mongodb.internal.connection.DefaultServerMonitor$ServerMonitorRunnable.lookupServerDescription(DefaultServerMonitor.java:221) ~[mongodb-driver-core-4.11.2.jar:na]
	at com.mongodb.internal.connection.DefaultServerMonitor$ServerMonitorRunnable.run(DefaultServerMonitor.java:153) ~[mongodb-driver-core-4.11.2.jar:na]
	at java.base/java.lang.Thread.run(Thread.java:1583) ~[na:na]
Caused by: java.net.SocketTimeoutException: Read timed out
	at java.base/sun.nio.ch.NioSocketImpl.timedRead(NioSocketImpl.java:278) ~[na:na]
	at java.base/sun.nio.ch.NioSocketImpl.implRead(NioSocketImpl.java:304) ~[na:na]
	at java.base/sun.nio.ch.NioSocketImpl.read(NioSocketImpl.java:346) ~[na:na]
	at java.base/sun.nio.ch.NioSocketImpl$1.read(NioSocketImpl.java:796) ~[na:na]
	at java.base/java.net.Socket$SocketInputStream.read(Socket.java:1099) ~[na:na]
	at java.base/sun.security.ssl.SSLSocketInputRecord.read(SSLSocketInputRecord.java:489) ~[na:na]
	at java.base/sun.security.ssl.SSLSocketInputRecord.readHeader(SSLSocketInputRecord.java:483) ~[na:na]
	at java.base/sun.security.ssl.SSLSocketInputRecord.bytesInCompletePacket(SSLSocketInputRecord.java:70) ~[na:na]
	at java.base/sun.security.ssl.SSLSocketImpl.readApplicationRecord(SSLSocketImpl.java:1461) ~[na:na]
	at java.base/sun.security.ssl.SSLSocketImpl$AppInputStream.read(SSLSocketImpl.java:1066) ~[na:na]
	at com.mongodb.internal.connection.SocketStream.read(SocketStream.java:175) ~[mongodb-driver-core-4.11.2.jar:na]
	at com.mongodb.internal.connection.SocketStream.read(SocketStream.java:200) ~[mongodb-driver-core-4.11.2.jar:na]
	at com.mongodb.internal.connection.InternalStreamConnection.receiveResponseBuffers(InternalStreamConnection.java:739) ~[mongodb-driver-core-4.11.2.jar:na]
	at com.mongodb.internal.connection.InternalStreamConnection.receiveMessageWithAdditionalTimeout(InternalStreamConnection.java:603) ~[mongodb-driver-core-4.11.2.jar:na]
	... 5 common frames omitted

2026-03-26T10:55:33.213+05:30  INFO 99702 --- [academic-service] [ngodb.net:27017] org.mongodb.driver.cluster               : Monitor thread successfully connected to server with description ServerDescription{address=ac-3mufzp1-shard-00-02.4nosy2u.mongodb.net:27017, type=REPLICA_SET_SECONDARY, state=CONNECTED, ok=true, minWireVersion=0, maxWireVersion=25, maxDocumentSize=16777216, logicalSessionTimeoutMinutes=30, roundTripTimeNanos=83985875, setName='atlas-hy5sqn-shard-0', canonicalAddress=ac-3mufzp1-shard-00-02.4nosy2u.mongodb.net:27017, hosts=[ac-3mufzp1-shard-00-00.4nosy2u.mongodb.net:27017, ac-3mufzp1-shard-00-02.4nosy2u.mongodb.net:27017, ac-3mufzp1-shard-00-01.4nosy2u.mongodb.net:27017], passives=[], arbiters=[], primary='ac-3mufzp1-shard-00-01.4nosy2u.mongodb.net:27017', tagSet=TagSet{[Tag{name='availabilityZone', value='aps1-az2'}, Tag{name='diskState', value='READY'}, Tag{name='nodeType', value='ELECTABLE'}, Tag{name='provider', value='AWS'}, Tag{name='region', value='AP_SOUTH_1'}, Tag{name='workloadType', value='OPERATIONAL'}]}, electionId=null, setVersion=46, topologyVersion=TopologyVersion{processId=69b31436cf980eb974c6b7c1, counter=3}, lastWriteDate=Thu Mar 26 10:55:33 IST 2026, lastUpdateTimeNanos=136559314715958}
2026-03-26T10:56:31.122+05:30  INFO 99702 --- [academic-service] [ngodb.net:27017] org.mongodb.driver.cluster               : Exception in monitor thread while connecting to server ac-3mufzp1-shard-00-00.4nosy2u.mongodb.net:27017

com.mongodb.MongoSocketReadTimeoutException: Timeout while receiving message
	at com.mongodb.internal.connection.InternalStreamConnection.translateReadException(InternalStreamConnection.java:728) ~[mongodb-driver-core-4.11.2.jar:na]
	at com.mongodb.internal.connection.InternalStreamConnection.receiveMessageWithAdditionalTimeout(InternalStreamConnection.java:606) ~[mongodb-driver-core-4.11.2.jar:na]
	at com.mongodb.internal.connection.InternalStreamConnection.receiveCommandMessageResponse(InternalStreamConnection.java:451) ~[mongodb-driver-core-4.11.2.jar:na]
	at com.mongodb.internal.connection.InternalStreamConnection.receive(InternalStreamConnection.java:404) ~[mongodb-driver-core-4.11.2.jar:na]
	at com.mongodb.internal.connection.DefaultServerMonitor$ServerMonitorRunnable.lookupServerDescription(DefaultServerMonitor.java:221) ~[mongodb-driver-core-4.11.2.jar:na]
	at com.mongodb.internal.connection.DefaultServerMonitor$ServerMonitorRunnable.run(DefaultServerMonitor.java:153) ~[mongodb-driver-core-4.11.2.jar:na]
	at java.base/java.lang.Thread.run(Thread.java:1583) ~[na:na]
Caused by: java.net.SocketTimeoutException: Read timed out
	at java.base/sun.nio.ch.NioSocketImpl.timedRead(NioSocketImpl.java:278) ~[na:na]
	at java.base/sun.nio.ch.NioSocketImpl.implRead(NioSocketImpl.java:304) ~[na:na]
	at java.base/sun.nio.ch.NioSocketImpl.read(NioSocketImpl.java:346) ~[na:na]
	at java.base/sun.nio.ch.NioSocketImpl$1.read(NioSocketImpl.java:796) ~[na:na]
	at java.base/java.net.Socket$SocketInputStream.read(Socket.java:1099) ~[na:na]
	at java.base/sun.security.ssl.SSLSocketInputRecord.read(SSLSocketInputRecord.java:489) ~[na:na]
	at java.base/sun.security.ssl.SSLSocketInputRecord.readHeader(SSLSocketInputRecord.java:483) ~[na:na]
	at java.base/sun.security.ssl.SSLSocketInputRecord.bytesInCompletePacket(SSLSocketInputRecord.java:70) ~[na:na]
	at java.base/sun.security.ssl.SSLSocketImpl.readApplicationRecord(SSLSocketImpl.java:1461) ~[na:na]
	at java.base/sun.security.ssl.SSLSocketImpl$AppInputStream.read(SSLSocketImpl.java:1066) ~[na:na]
	at com.mongodb.internal.connection.SocketStream.read(SocketStream.java:175) ~[mongodb-driver-core-4.11.2.jar:na]
	at com.mongodb.internal.connection.SocketStream.read(SocketStream.java:200) ~[mongodb-driver-core-4.11.2.jar:na]
	at com.mongodb.internal.connection.InternalStreamConnection.receiveResponseBuffers(InternalStreamConnection.java:739) ~[mongodb-driver-core-4.11.2.jar:na]
	at com.mongodb.internal.connection.InternalStreamConnection.receiveMessageWithAdditionalTimeout(InternalStreamConnection.java:603) ~[mongodb-driver-core-4.11.2.jar:na]
	... 5 common frames omitted

2026-03-26T10:56:31.256+05:30  INFO 99702 --- [academic-service] [ngodb.net:27017] org.mongodb.driver.cluster               : Monitor thread successfully connected to server with description ServerDescription{address=ac-3mufzp1-shard-00-00.4nosy2u.mongodb.net:27017, type=REPLICA_SET_SECONDARY, state=CONNECTED, ok=true, minWireVersion=0, maxWireVersion=25, maxDocumentSize=16777216, logicalSessionTimeoutMinutes=30, roundTripTimeNanos=45542709, setName='atlas-hy5sqn-shard-0', canonicalAddress=ac-3mufzp1-shard-00-00.4nosy2u.mongodb.net:27017, hosts=[ac-3mufzp1-shard-00-00.4nosy2u.mongodb.net:27017, ac-3mufzp1-shard-00-02.4nosy2u.mongodb.net:27017, ac-3mufzp1-shard-00-01.4nosy2u.mongodb.net:27017], passives=[], arbiters=[], primary='ac-3mufzp1-shard-00-01.4nosy2u.mongodb.net:27017', tagSet=TagSet{[Tag{name='availabilityZone', value='aps1-az1'}, Tag{name='diskState', value='READY'}, Tag{name='nodeType', value='ELECTABLE'}, Tag{name='provider', value='AWS'}, Tag{name='region', value='AP_SOUTH_1'}, Tag{name='workloadType', value='OPERATIONAL'}]}, electionId=null, setVersion=46, topologyVersion=TopologyVersion{processId=69b30edff67384ce6d9efce1, counter=4}, lastWriteDate=Thu Mar 26 10:56:31 IST 2026, lastUpdateTimeNanos=136581176691458}
2026-03-26T10:56:31.541+05:30  INFO 99702 --- [academic-service] [ngodb.net:27017] org.mongodb.driver.cluster               : Exception in monitor thread while connecting to server ac-3mufzp1-shard-00-01.4nosy2u.mongodb.net:27017

com.mongodb.MongoSocketReadTimeoutException: Timeout while receiving message
	at com.mongodb.internal.connection.InternalStreamConnection.translateReadException(InternalStreamConnection.java:728) ~[mongodb-driver-core-4.11.2.jar:na]
	at com.mongodb.internal.connection.InternalStreamConnection.receiveMessageWithAdditionalTimeout(InternalStreamConnection.java:606) ~[mongodb-driver-core-4.11.2.jar:na]
	at com.mongodb.internal.connection.InternalStreamConnection.receiveCommandMessageResponse(InternalStreamConnection.java:451) ~[mongodb-driver-core-4.11.2.jar:na]
	at com.mongodb.internal.connection.InternalStreamConnection.receive(InternalStreamConnection.java:404) ~[mongodb-driver-core-4.11.2.jar:na]
	at com.mongodb.internal.connection.DefaultServerMonitor$ServerMonitorRunnable.lookupServerDescription(DefaultServerMonitor.java:221) ~[mongodb-driver-core-4.11.2.jar:na]
	at com.mongodb.internal.connection.DefaultServerMonitor$ServerMonitorRunnable.run(DefaultServerMonitor.java:153) ~[mongodb-driver-core-4.11.2.jar:na]
	at java.base/java.lang.Thread.run(Thread.java:1583) ~[na:na]
Caused by: java.net.SocketTimeoutException: Read timed out
	at java.base/sun.nio.ch.NioSocketImpl.timedRead(NioSocketImpl.java:278) ~[na:na]
	at java.base/sun.nio.ch.NioSocketImpl.implRead(NioSocketImpl.java:304) ~[na:na]
	at java.base/sun.nio.ch.NioSocketImpl.read(NioSocketImpl.java:346) ~[na:na]
	at java.base/sun.nio.ch.NioSocketImpl$1.read(NioSocketImpl.java:796) ~[na:na]
	at java.base/java.net.Socket$SocketInputStream.read(Socket.java:1099) ~[na:na]
	at java.base/sun.security.ssl.SSLSocketInputRecord.read(SSLSocketInputRecord.java:489) ~[na:na]
	at java.base/sun.security.ssl.SSLSocketInputRecord.readHeader(SSLSocketInputRecord.java:483) ~[na:na]
	at java.base/sun.security.ssl.SSLSocketInputRecord.bytesInCompletePacket(SSLSocketInputRecord.java:70) ~[na:na]
	at java.base/sun.security.ssl.SSLSocketImpl.readApplicationRecord(SSLSocketImpl.java:1461) ~[na:na]
	at java.base/sun.security.ssl.SSLSocketImpl$AppInputStream.read(SSLSocketImpl.java:1066) ~[na:na]
	at com.mongodb.internal.connection.SocketStream.read(SocketStream.java:175) ~[mongodb-driver-core-4.11.2.jar:na]
	at com.mongodb.internal.connection.SocketStream.read(SocketStream.java:200) ~[mongodb-driver-core-4.11.2.jar:na]
	at com.mongodb.internal.connection.InternalStreamConnection.receiveResponseBuffers(InternalStreamConnection.java:739) ~[mongodb-driver-core-4.11.2.jar:na]
	at com.mongodb.internal.connection.InternalStreamConnection.receiveMessageWithAdditionalTimeout(InternalStreamConnection.java:603) ~[mongodb-driver-core-4.11.2.jar:na]
	... 5 common frames omitted

2026-03-26T10:56:31.746+05:30  INFO 99702 --- [academic-service] [ngodb.net:27017] org.mongodb.driver.cluster               : Monitor thread successfully connected to server with description ServerDescription{address=ac-3mufzp1-shard-00-01.4nosy2u.mongodb.net:27017, type=REPLICA_SET_PRIMARY, state=CONNECTED, ok=true, minWireVersion=0, maxWireVersion=25, maxDocumentSize=16777216, logicalSessionTimeoutMinutes=30, roundTripTimeNanos=41518708, setName='atlas-hy5sqn-shard-0', canonicalAddress=ac-3mufzp1-shard-00-01.4nosy2u.mongodb.net:27017, hosts=[ac-3mufzp1-shard-00-00.4nosy2u.mongodb.net:27017, ac-3mufzp1-shard-00-02.4nosy2u.mongodb.net:27017, ac-3mufzp1-shard-00-01.4nosy2u.mongodb.net:27017], passives=[], arbiters=[], primary='ac-3mufzp1-shard-00-01.4nosy2u.mongodb.net:27017', tagSet=TagSet{[Tag{name='availabilityZone', value='aps1-az3'}, Tag{name='diskState', value='READY'}, Tag{name='nodeType', value='ELECTABLE'}, Tag{name='provider', value='AWS'}, Tag{name='region', value='AP_SOUTH_1'}, Tag{name='workloadType', value='OPERATIONAL'}]}, electionId=7fffffff00000000000000ca, setVersion=46, topologyVersion=TopologyVersion{processId=69b311797648454b51f7c7a8, counter=6}, lastWriteDate=Thu Mar 26 10:56:31 IST 2026, lastUpdateTimeNanos=136581674669916}
2026-03-26T10:56:31.747+05:30  INFO 99702 --- [academic-service] [ngodb.net:27017] org.mongodb.driver.cluster               : Discovered replica set primary ac-3mufzp1-shard-00-01.4nosy2u.mongodb.net:27017 with max election id 7fffffff00000000000000ca and max set version 46
2026-03-26T10:56:39.392+05:30  INFO 99702 --- [academic-service] [ngodb.net:27017] org.mongodb.driver.cluster               : Exception in monitor thread while connecting to server ac-3mufzp1-shard-00-02.4nosy2u.mongodb.net:27017

com.mongodb.MongoSocketReadTimeoutException: Timeout while receiving message
	at com.mongodb.internal.connection.InternalStreamConnection.translateReadException(InternalStreamConnection.java:728) ~[mongodb-driver-core-4.11.2.jar:na]
	at com.mongodb.internal.connection.InternalStreamConnection.receiveMessageWithAdditionalTimeout(InternalStreamConnection.java:606) ~[mongodb-driver-core-4.11.2.jar:na]
	at com.mongodb.internal.connection.InternalStreamConnection.receiveCommandMessageResponse(InternalStreamConnection.java:451) ~[mongodb-driver-core-4.11.2.jar:na]
	at com.mongodb.internal.connection.InternalStreamConnection.receive(InternalStreamConnection.java:404) ~[mongodb-driver-core-4.11.2.jar:na]
	at com.mongodb.internal.connection.DefaultServerMonitor$ServerMonitorRunnable.lookupServerDescription(DefaultServerMonitor.java:221) ~[mongodb-driver-core-4.11.2.jar:na]
	at com.mongodb.internal.connection.DefaultServerMonitor$ServerMonitorRunnable.run(DefaultServerMonitor.java:153) ~[mongodb-driver-core-4.11.2.jar:na]
	at java.base/java.lang.Thread.run(Thread.java:1583) ~[na:na]
Caused by: java.net.SocketTimeoutException: Read timed out
	at java.base/sun.nio.ch.NioSocketImpl.timedRead(NioSocketImpl.java:278) ~[na:na]
	at java.base/sun.nio.ch.NioSocketImpl.implRead(NioSocketImpl.java:304) ~[na:na]
	at java.base/sun.nio.ch.NioSocketImpl.read(NioSocketImpl.java:346) ~[na:na]
	at java.base/sun.nio.ch.NioSocketImpl$1.read(NioSocketImpl.java:796) ~[na:na]
	at java.base/java.net.Socket$SocketInputStream.read(Socket.java:1099) ~[na:na]
	at java.base/sun.security.ssl.SSLSocketInputRecord.read(SSLSocketInputRecord.java:489) ~[na:na]
	at java.base/sun.security.ssl.SSLSocketInputRecord.readHeader(SSLSocketInputRecord.java:483) ~[na:na]
	at java.base/sun.security.ssl.SSLSocketInputRecord.bytesInCompletePacket(SSLSocketInputRecord.java:70) ~[na:na]
	at java.base/sun.security.ssl.SSLSocketImpl.readApplicationRecord(SSLSocketImpl.java:1461) ~[na:na]
	at java.base/sun.security.ssl.SSLSocketImpl$AppInputStream.read(SSLSocketImpl.java:1066) ~[na:na]
	at com.mongodb.internal.connection.SocketStream.read(SocketStream.java:175) ~[mongodb-driver-core-4.11.2.jar:na]
	at com.mongodb.internal.connection.SocketStream.read(SocketStream.java:200) ~[mongodb-driver-core-4.11.2.jar:na]
	at com.mongodb.internal.connection.InternalStreamConnection.receiveResponseBuffers(InternalStreamConnection.java:739) ~[mongodb-driver-core-4.11.2.jar:na]
	at com.mongodb.internal.connection.InternalStreamConnection.receiveMessageWithAdditionalTimeout(InternalStreamConnection.java:603) ~[mongodb-driver-core-4.11.2.jar:na]
	... 5 common frames omitted

2026-03-26T10:56:39.474+05:30  INFO 99702 --- [academic-service] [ngodb.net:27017] org.mongodb.driver.cluster               : Monitor thread successfully connected to server with description ServerDescription{address=ac-3mufzp1-shard-00-02.4nosy2u.mongodb.net:27017, type=REPLICA_SET_SECONDARY, state=CONNECTED, ok=true, minWireVersion=0, maxWireVersion=25, maxDocumentSize=16777216, logicalSessionTimeoutMinutes=30, roundTripTimeNanos=47984667, setName='atlas-hy5sqn-shard-0', canonicalAddress=ac-3mufzp1-shard-00-02.4nosy2u.mongodb.net:27017, hosts=[ac-3mufzp1-shard-00-00.4nosy2u.mongodb.net:27017, ac-3mufzp1-shard-00-02.4nosy2u.mongodb.net:27017, ac-3mufzp1-shard-00-01.4nosy2u.mongodb.net:27017], passives=[], arbiters=[], primary='ac-3mufzp1-shard-00-01.4nosy2u.mongodb.net:27017', tagSet=TagSet{[Tag{name='availabilityZone', value='aps1-az2'}, Tag{name='diskState', value='READY'}, Tag{name='nodeType', value='ELECTABLE'}, Tag{name='provider', value='AWS'}, Tag{name='region', value='AP_SOUTH_1'}, Tag{name='workloadType', value='OPERATIONAL'}]}, electionId=null, setVersion=46, topologyVersion=TopologyVersion{processId=69b31436cf980eb974c6b7c1, counter=3}, lastWriteDate=Thu Mar 26 10:56:39 IST 2026, lastUpdateTimeNanos=136589402820916}
2026-03-26T10:58:56.991+05:30  INFO 99702 --- [academic-service] [trap-executor-0] c.n.d.s.r.aws.ConfigClusterResolver      : Resolving eureka endpoints via configuration
2026-03-26T11:03:56.985+05:30  INFO 99702 --- [academic-service] [trap-executor-0] c.n.d.s.r.aws.ConfigClusterResolver      : Resolving eureka endpoints via configuration
2026-03-26T11:08:56.986+05:30  INFO 99702 --- [academic-service] [trap-executor-0] c.n.d.s.r.aws.ConfigClusterResolver      : Resolving eureka endpoints via configuration
2026-03-26T11:13:56.993+05:30  INFO 99702 --- [academic-service] [trap-executor-0] c.n.d.s.r.aws.ConfigClusterResolver      : Resolving eureka endpoints via configuration
2026-03-26T11:18:56.993+05:30  INFO 99702 --- [academic-service] [trap-executor-0] c.n.d.s.r.aws.ConfigClusterResolver      : Resolving eureka endpoints via configuration
2026-03-26T11:36:04.272+05:30  INFO 99702 --- [academic-service] [ngodb.net:27017] org.mongodb.driver.cluster               : Exception in monitor thread while connecting to server ac-3mufzp1-shard-00-02.4nosy2u.mongodb.net:27017

com.mongodb.MongoSocketReadTimeoutException: Timeout while receiving message
	at com.mongodb.internal.connection.InternalStreamConnection.translateReadException(InternalStreamConnection.java:728) ~[mongodb-driver-core-4.11.2.jar:na]
	at com.mongodb.internal.connection.InternalStreamConnection.receiveMessageWithAdditionalTimeout(InternalStreamConnection.java:606) ~[mongodb-driver-core-4.11.2.jar:na]
	at com.mongodb.internal.connection.InternalStreamConnection.receiveCommandMessageResponse(InternalStreamConnection.java:451) ~[mongodb-driver-core-4.11.2.jar:na]
	at com.mongodb.internal.connection.InternalStreamConnection.receive(InternalStreamConnection.java:404) ~[mongodb-driver-core-4.11.2.jar:na]
	at com.mongodb.internal.connection.DefaultServerMonitor$ServerMonitorRunnable.lookupServerDescription(DefaultServerMonitor.java:221) ~[mongodb-driver-core-4.11.2.jar:na]
	at com.mongodb.internal.connection.DefaultServerMonitor$ServerMonitorRunnable.run(DefaultServerMonitor.java:153) ~[mongodb-driver-core-4.11.2.jar:na]
	at java.base/java.lang.Thread.run(Thread.java:1583) ~[na:na]
Caused by: java.net.SocketTimeoutException: Read timed out
	at java.base/sun.nio.ch.NioSocketImpl.timedRead(NioSocketImpl.java:278) ~[na:na]
	at java.base/sun.nio.ch.NioSocketImpl.implRead(NioSocketImpl.java:304) ~[na:na]
	at java.base/sun.nio.ch.NioSocketImpl.read(NioSocketImpl.java:346) ~[na:na]
	at java.base/sun.nio.ch.NioSocketImpl$1.read(NioSocketImpl.java:796) ~[na:na]
	at java.base/java.net.Socket$SocketInputStream.read(Socket.java:1099) ~[na:na]
	at java.base/sun.security.ssl.SSLSocketInputRecord.read(SSLSocketInputRecord.java:489) ~[na:na]
	at java.base/sun.security.ssl.SSLSocketInputRecord.readHeader(SSLSocketInputRecord.java:483) ~[na:na]
	at java.base/sun.security.ssl.SSLSocketInputRecord.bytesInCompletePacket(SSLSocketInputRecord.java:70) ~[na:na]
	at java.base/sun.security.ssl.SSLSocketImpl.readApplicationRecord(SSLSocketImpl.java:1461) ~[na:na]
	at java.base/sun.security.ssl.SSLSocketImpl$AppInputStream.read(SSLSocketImpl.java:1066) ~[na:na]
	at com.mongodb.internal.connection.SocketStream.read(SocketStream.java:175) ~[mongodb-driver-core-4.11.2.jar:na]
	at com.mongodb.internal.connection.SocketStream.read(SocketStream.java:200) ~[mongodb-driver-core-4.11.2.jar:na]
	at com.mongodb.internal.connection.InternalStreamConnection.receiveResponseBuffers(InternalStreamConnection.java:739) ~[mongodb-driver-core-4.11.2.jar:na]
	at com.mongodb.internal.connection.InternalStreamConnection.receiveMessageWithAdditionalTimeout(InternalStreamConnection.java:603) ~[mongodb-driver-core-4.11.2.jar:na]
	... 5 common frames omitted

2026-03-26T11:36:04.732+05:30  INFO 99702 --- [academic-service] [ngodb.net:27017] org.mongodb.driver.cluster               : Monitor thread successfully connected to server with description ServerDescription{address=ac-3mufzp1-shard-00-02.4nosy2u.mongodb.net:27017, type=REPLICA_SET_SECONDARY, state=CONNECTED, ok=true, minWireVersion=0, maxWireVersion=25, maxDocumentSize=16777216, logicalSessionTimeoutMinutes=30, roundTripTimeNanos=131752917, setName='atlas-hy5sqn-shard-0', canonicalAddress=ac-3mufzp1-shard-00-02.4nosy2u.mongodb.net:27017, hosts=[ac-3mufzp1-shard-00-00.4nosy2u.mongodb.net:27017, ac-3mufzp1-shard-00-02.4nosy2u.mongodb.net:27017, ac-3mufzp1-shard-00-01.4nosy2u.mongodb.net:27017], passives=[], arbiters=[], primary='ac-3mufzp1-shard-00-01.4nosy2u.mongodb.net:27017', tagSet=TagSet{[Tag{name='availabilityZone', value='aps1-az2'}, Tag{name='diskState', value='READY'}, Tag{name='nodeType', value='ELECTABLE'}, Tag{name='provider', value='AWS'}, Tag{name='region', value='AP_SOUTH_1'}, Tag{name='workloadType', value='OPERATIONAL'}]}, electionId=null, setVersion=46, topologyVersion=TopologyVersion{processId=69b31436cf980eb974c6b7c1, counter=3}, lastWriteDate=Thu Mar 26 11:36:04 IST 2026, lastUpdateTimeNanos=138011011762875}
2026-03-26T11:36:06.072+05:30  INFO 99702 --- [academic-service] [ngodb.net:27017] org.mongodb.driver.cluster               : Exception in monitor thread while connecting to server ac-3mufzp1-shard-00-00.4nosy2u.mongodb.net:27017

com.mongodb.MongoSocketReadTimeoutException: Timeout while receiving message
	at com.mongodb.internal.connection.InternalStreamConnection.translateReadException(InternalStreamConnection.java:728) ~[mongodb-driver-core-4.11.2.jar:na]
	at com.mongodb.internal.connection.InternalStreamConnection.receiveMessageWithAdditionalTimeout(InternalStreamConnection.java:606) ~[mongodb-driver-core-4.11.2.jar:na]
	at com.mongodb.internal.connection.InternalStreamConnection.receiveCommandMessageResponse(InternalStreamConnection.java:451) ~[mongodb-driver-core-4.11.2.jar:na]
	at com.mongodb.internal.connection.InternalStreamConnection.receive(InternalStreamConnection.java:404) ~[mongodb-driver-core-4.11.2.jar:na]
	at com.mongodb.internal.connection.DefaultServerMonitor$ServerMonitorRunnable.lookupServerDescription(DefaultServerMonitor.java:221) ~[mongodb-driver-core-4.11.2.jar:na]
	at com.mongodb.internal.connection.DefaultServerMonitor$ServerMonitorRunnable.run(DefaultServerMonitor.java:153) ~[mongodb-driver-core-4.11.2.jar:na]
	at java.base/java.lang.Thread.run(Thread.java:1583) ~[na:na]
Caused by: java.net.SocketTimeoutException: Read timed out
	at java.base/sun.nio.ch.NioSocketImpl.timedRead(NioSocketImpl.java:278) ~[na:na]
	at java.base/sun.nio.ch.NioSocketImpl.implRead(NioSocketImpl.java:304) ~[na:na]
	at java.base/sun.nio.ch.NioSocketImpl.read(NioSocketImpl.java:346) ~[na:na]
	at java.base/sun.nio.ch.NioSocketImpl$1.read(NioSocketImpl.java:796) ~[na:na]
	at java.base/java.net.Socket$SocketInputStream.read(Socket.java:1099) ~[na:na]
	at java.base/sun.security.ssl.SSLSocketInputRecord.read(SSLSocketInputRecord.java:489) ~[na:na]
	at java.base/sun.security.ssl.SSLSocketInputRecord.readHeader(SSLSocketInputRecord.java:483) ~[na:na]
	at java.base/sun.security.ssl.SSLSocketInputRecord.bytesInCompletePacket(SSLSocketInputRecord.java:70) ~[na:na]
	at java.base/sun.security.ssl.SSLSocketImpl.readApplicationRecord(SSLSocketImpl.java:1461) ~[na:na]
	at java.base/sun.security.ssl.SSLSocketImpl$AppInputStream.read(SSLSocketImpl.java:1066) ~[na:na]
	at com.mongodb.internal.connection.SocketStream.read(SocketStream.java:175) ~[mongodb-driver-core-4.11.2.jar:na]
	at com.mongodb.internal.connection.SocketStream.read(SocketStream.java:200) ~[mongodb-driver-core-4.11.2.jar:na]
	at com.mongodb.internal.connection.InternalStreamConnection.receiveResponseBuffers(InternalStreamConnection.java:739) ~[mongodb-driver-core-4.11.2.jar:na]
	at com.mongodb.internal.connection.InternalStreamConnection.receiveMessageWithAdditionalTimeout(InternalStreamConnection.java:603) ~[mongodb-driver-core-4.11.2.jar:na]
	... 5 common frames omitted

2026-03-26T11:36:06.108+05:30  INFO 99702 --- [academic-service] [ngodb.net:27017] org.mongodb.driver.cluster               : Exception in monitor thread while connecting to server ac-3mufzp1-shard-00-01.4nosy2u.mongodb.net:27017

com.mongodb.MongoSocketReadTimeoutException: Timeout while receiving message
	at com.mongodb.internal.connection.InternalStreamConnection.translateReadException(InternalStreamConnection.java:728) ~[mongodb-driver-core-4.11.2.jar:na]
	at com.mongodb.internal.connection.InternalStreamConnection.receiveMessageWithAdditionalTimeout(InternalStreamConnection.java:606) ~[mongodb-driver-core-4.11.2.jar:na]
	at com.mongodb.internal.connection.InternalStreamConnection.receiveCommandMessageResponse(InternalStreamConnection.java:451) ~[mongodb-driver-core-4.11.2.jar:na]
	at com.mongodb.internal.connection.InternalStreamConnection.receive(InternalStreamConnection.java:404) ~[mongodb-driver-core-4.11.2.jar:na]
	at com.mongodb.internal.connection.DefaultServerMonitor$ServerMonitorRunnable.lookupServerDescription(DefaultServerMonitor.java:221) ~[mongodb-driver-core-4.11.2.jar:na]
	at com.mongodb.internal.connection.DefaultServerMonitor$ServerMonitorRunnable.run(DefaultServerMonitor.java:153) ~[mongodb-driver-core-4.11.2.jar:na]
	at java.base/java.lang.Thread.run(Thread.java:1583) ~[na:na]
Caused by: java.net.SocketTimeoutException: Read timed out
	at java.base/sun.nio.ch.NioSocketImpl.timedRead(NioSocketImpl.java:278) ~[na:na]
	at java.base/sun.nio.ch.NioSocketImpl.implRead(NioSocketImpl.java:304) ~[na:na]
	at java.base/sun.nio.ch.NioSocketImpl.read(NioSocketImpl.java:346) ~[na:na]
	at java.base/sun.nio.ch.NioSocketImpl$1.read(NioSocketImpl.java:796) ~[na:na]
	at java.base/java.net.Socket$SocketInputStream.read(Socket.java:1099) ~[na:na]
	at java.base/sun.security.ssl.SSLSocketInputRecord.read(SSLSocketInputRecord.java:489) ~[na:na]
	at java.base/sun.security.ssl.SSLSocketInputRecord.readHeader(SSLSocketInputRecord.java:483) ~[na:na]
	at java.base/sun.security.ssl.SSLSocketInputRecord.bytesInCompletePacket(SSLSocketInputRecord.java:70) ~[na:na]
	at java.base/sun.security.ssl.SSLSocketImpl.readApplicationRecord(SSLSocketImpl.java:1461) ~[na:na]
	at java.base/sun.security.ssl.SSLSocketImpl$AppInputStream.read(SSLSocketImpl.java:1066) ~[na:na]
	at com.mongodb.internal.connection.SocketStream.read(SocketStream.java:175) ~[mongodb-driver-core-4.11.2.jar:na]
	at com.mongodb.internal.connection.SocketStream.read(SocketStream.java:200) ~[mongodb-driver-core-4.11.2.jar:na]
	at com.mongodb.internal.connection.InternalStreamConnection.receiveResponseBuffers(InternalStreamConnection.java:739) ~[mongodb-driver-core-4.11.2.jar:na]
	at com.mongodb.internal.connection.InternalStreamConnection.receiveMessageWithAdditionalTimeout(InternalStreamConnection.java:603) ~[mongodb-driver-core-4.11.2.jar:na]
	... 5 common frames omitted

2026-03-26T11:36:06.575+05:30  INFO 99702 --- [academic-service] [ngodb.net:27017] org.mongodb.driver.cluster               : Monitor thread successfully connected to server with description ServerDescription{address=ac-3mufzp1-shard-00-00.4nosy2u.mongodb.net:27017, type=REPLICA_SET_SECONDARY, state=CONNECTED, ok=true, minWireVersion=0, maxWireVersion=25, maxDocumentSize=16777216, logicalSessionTimeoutMinutes=30, roundTripTimeNanos=310405125, setName='atlas-hy5sqn-shard-0', canonicalAddress=ac-3mufzp1-shard-00-00.4nosy2u.mongodb.net:27017, hosts=[ac-3mufzp1-shard-00-00.4nosy2u.mongodb.net:27017, ac-3mufzp1-shard-00-02.4nosy2u.mongodb.net:27017, ac-3mufzp1-shard-00-01.4nosy2u.mongodb.net:27017], passives=[], arbiters=[], primary='ac-3mufzp1-shard-00-01.4nosy2u.mongodb.net:27017', tagSet=TagSet{[Tag{name='availabilityZone', value='aps1-az1'}, Tag{name='diskState', value='READY'}, Tag{name='nodeType', value='ELECTABLE'}, Tag{name='provider', value='AWS'}, Tag{name='region', value='AP_SOUTH_1'}, Tag{name='workloadType', value='OPERATIONAL'}]}, electionId=null, setVersion=46, topologyVersion=TopologyVersion{processId=69b30edff67384ce6d9efce1, counter=4}, lastWriteDate=Thu Mar 26 11:36:06 IST 2026, lastUpdateTimeNanos=138012854245041}
2026-03-26T11:36:06.783+05:30  INFO 99702 --- [academic-service] [ngodb.net:27017] org.mongodb.driver.cluster               : Monitor thread successfully connected to server with description ServerDescription{address=ac-3mufzp1-shard-00-01.4nosy2u.mongodb.net:27017, type=REPLICA_SET_PRIMARY, state=CONNECTED, ok=true, minWireVersion=0, maxWireVersion=25, maxDocumentSize=16777216, logicalSessionTimeoutMinutes=30, roundTripTimeNanos=343566875, setName='atlas-hy5sqn-shard-0', canonicalAddress=ac-3mufzp1-shard-00-01.4nosy2u.mongodb.net:27017, hosts=[ac-3mufzp1-shard-00-00.4nosy2u.mongodb.net:27017, ac-3mufzp1-shard-00-02.4nosy2u.mongodb.net:27017, ac-3mufzp1-shard-00-01.4nosy2u.mongodb.net:27017], passives=[], arbiters=[], primary='ac-3mufzp1-shard-00-01.4nosy2u.mongodb.net:27017', tagSet=TagSet{[Tag{name='availabilityZone', value='aps1-az3'}, Tag{name='diskState', value='READY'}, Tag{name='nodeType', value='ELECTABLE'}, Tag{name='provider', value='AWS'}, Tag{name='region', value='AP_SOUTH_1'}, Tag{name='workloadType', value='OPERATIONAL'}]}, electionId=7fffffff00000000000000ca, setVersion=46, topologyVersion=TopologyVersion{processId=69b311797648454b51f7c7a8, counter=6}, lastWriteDate=Thu Mar 26 11:36:06 IST 2026, lastUpdateTimeNanos=138013062926958}
2026-03-26T11:36:06.784+05:30  INFO 99702 --- [academic-service] [ngodb.net:27017] org.mongodb.driver.cluster               : Discovered replica set primary ac-3mufzp1-shard-00-01.4nosy2u.mongodb.net:27017 with max election id 7fffffff00000000000000ca and max set version 46
2026-03-26T11:39:40.696+05:30  INFO 99702 --- [academic-service] [trap-executor-0] c.n.d.s.r.aws.ConfigClusterResolver      : Resolving eureka endpoints via configuration
2026-03-26T11:44:40.693+05:30  INFO 99702 --- [academic-service] [trap-executor-0] c.n.d.s.r.aws.ConfigClusterResolver      : Resolving eureka endpoints via configuration
2026-03-26T11:49:40.691+05:30  INFO 99702 --- [academic-service] [trap-executor-0] c.n.d.s.r.aws.ConfigClusterResolver      : Resolving eureka endpoints via configuration
2026-03-26T11:54:40.687+05:30  INFO 99702 --- [academic-service] [trap-executor-0] c.n.d.s.r.aws.ConfigClusterResolver      : Resolving eureka endpoints via configuration
2026-03-26T11:59:40.682+05:30  INFO 99702 --- [academic-service] [trap-executor-0] c.n.d.s.r.aws.ConfigClusterResolver      : Resolving eureka endpoints via configuration
2026-03-26T12:04:40.683+05:30  INFO 99702 --- [academic-service] [trap-executor-0] c.n.d.s.r.aws.ConfigClusterResolver      : Resolving eureka endpoints via configuration
2026-03-26T12:09:40.677+05:30  INFO 99702 --- [academic-service] [trap-executor-0] c.n.d.s.r.aws.ConfigClusterResolver      : Resolving eureka endpoints via configuration
2026-03-26T12:14:40.677+05:30  INFO 99702 --- [academic-service] [trap-executor-0] c.n.d.s.r.aws.ConfigClusterResolver      : Resolving eureka endpoints via configuration
2026-03-26T12:19:40.678+05:30  INFO 99702 --- [academic-service] [trap-executor-0] c.n.d.s.r.aws.ConfigClusterResolver      : Resolving eureka endpoints via configuration
2026-03-26T12:24:40.677+05:30  INFO 99702 --- [academic-service] [trap-executor-0] c.n.d.s.r.aws.ConfigClusterResolver      : Resolving eureka endpoints via configuration
2026-03-26T12:29:40.715+05:30  INFO 99702 --- [academic-service] [trap-executor-0] c.n.d.s.r.aws.ConfigClusterResolver      : Resolving eureka endpoints via configuration
2026-03-26T13:24:25.585+05:30  INFO 99702 --- [academic-service] [ngodb.net:27017] org.mongodb.driver.cluster               : Exception in monitor thread while connecting to server ac-3mufzp1-shard-00-02.4nosy2u.mongodb.net:27017

com.mongodb.MongoSocketReadTimeoutException: Timeout while receiving message
	at com.mongodb.internal.connection.InternalStreamConnection.translateReadException(InternalStreamConnection.java:728) ~[mongodb-driver-core-4.11.2.jar:na]
	at com.mongodb.internal.connection.InternalStreamConnection.receiveMessageWithAdditionalTimeout(InternalStreamConnection.java:606) ~[mongodb-driver-core-4.11.2.jar:na]
	at com.mongodb.internal.connection.InternalStreamConnection.receiveCommandMessageResponse(InternalStreamConnection.java:451) ~[mongodb-driver-core-4.11.2.jar:na]
	at com.mongodb.internal.connection.InternalStreamConnection.receive(InternalStreamConnection.java:404) ~[mongodb-driver-core-4.11.2.jar:na]
	at com.mongodb.internal.connection.DefaultServerMonitor$ServerMonitorRunnable.lookupServerDescription(DefaultServerMonitor.java:221) ~[mongodb-driver-core-4.11.2.jar:na]
	at com.mongodb.internal.connection.DefaultServerMonitor$ServerMonitorRunnable.run(DefaultServerMonitor.java:153) ~[mongodb-driver-core-4.11.2.jar:na]
	at java.base/java.lang.Thread.run(Thread.java:1583) ~[na:na]
Caused by: java.net.SocketTimeoutException: Read timed out
	at java.base/sun.nio.ch.NioSocketImpl.timedRead(NioSocketImpl.java:278) ~[na:na]
	at java.base/sun.nio.ch.NioSocketImpl.implRead(NioSocketImpl.java:304) ~[na:na]
	at java.base/sun.nio.ch.NioSocketImpl.read(NioSocketImpl.java:346) ~[na:na]
	at java.base/sun.nio.ch.NioSocketImpl$1.read(NioSocketImpl.java:796) ~[na:na]
	at java.base/java.net.Socket$SocketInputStream.read(Socket.java:1099) ~[na:na]
	at java.base/sun.security.ssl.SSLSocketInputRecord.read(SSLSocketInputRecord.java:489) ~[na:na]
	at java.base/sun.security.ssl.SSLSocketInputRecord.readHeader(SSLSocketInputRecord.java:483) ~[na:na]
	at java.base/sun.security.ssl.SSLSocketInputRecord.bytesInCompletePacket(SSLSocketInputRecord.java:70) ~[na:na]
	at java.base/sun.security.ssl.SSLSocketImpl.readApplicationRecord(SSLSocketImpl.java:1461) ~[na:na]
	at java.base/sun.security.ssl.SSLSocketImpl$AppInputStream.read(SSLSocketImpl.java:1066) ~[na:na]
	at com.mongodb.internal.connection.SocketStream.read(SocketStream.java:175) ~[mongodb-driver-core-4.11.2.jar:na]
	at com.mongodb.internal.connection.SocketStream.read(SocketStream.java:200) ~[mongodb-driver-core-4.11.2.jar:na]
	at com.mongodb.internal.connection.InternalStreamConnection.receiveResponseBuffers(InternalStreamConnection.java:739) ~[mongodb-driver-core-4.11.2.jar:na]
	at com.mongodb.internal.connection.InternalStreamConnection.receiveMessageWithAdditionalTimeout(InternalStreamConnection.java:603) ~[mongodb-driver-core-4.11.2.jar:na]
	... 5 common frames omitted

2026-03-26T13:31:44.662+05:30  INFO 99702 --- [academic-service] [ngodb.net:27017] org.mongodb.driver.cluster               : Exception in monitor thread while connecting to server ac-3mufzp1-shard-00-01.4nosy2u.mongodb.net:27017

com.mongodb.MongoSocketReadTimeoutException: Timeout while receiving message
	at com.mongodb.internal.connection.InternalStreamConnection.translateReadException(InternalStreamConnection.java:728) ~[mongodb-driver-core-4.11.2.jar:na]
	at com.mongodb.internal.connection.InternalStreamConnection.receiveMessageWithAdditionalTimeout(InternalStreamConnection.java:606) ~[mongodb-driver-core-4.11.2.jar:na]
	at com.mongodb.internal.connection.InternalStreamConnection.receiveCommandMessageResponse(InternalStreamConnection.java:451) ~[mongodb-driver-core-4.11.2.jar:na]
	at com.mongodb.internal.connection.InternalStreamConnection.receive(InternalStreamConnection.java:404) ~[mongodb-driver-core-4.11.2.jar:na]
	at com.mongodb.internal.connection.DefaultServerMonitor$ServerMonitorRunnable.lookupServerDescription(DefaultServerMonitor.java:221) ~[mongodb-driver-core-4.11.2.jar:na]
	at com.mongodb.internal.connection.DefaultServerMonitor$ServerMonitorRunnable.run(DefaultServerMonitor.java:153) ~[mongodb-driver-core-4.11.2.jar:na]
	at java.base/java.lang.Thread.run(Thread.java:1583) ~[na:na]
Caused by: java.net.SocketTimeoutException: Read timed out
	at java.base/sun.nio.ch.NioSocketImpl.timedRead(NioSocketImpl.java:278) ~[na:na]
	at java.base/sun.nio.ch.NioSocketImpl.implRead(NioSocketImpl.java:304) ~[na:na]
	at java.base/sun.nio.ch.NioSocketImpl.read(NioSocketImpl.java:346) ~[na:na]
	at java.base/sun.nio.ch.NioSocketImpl$1.read(NioSocketImpl.java:796) ~[na:na]
	at java.base/java.net.Socket$SocketInputStream.read(Socket.java:1099) ~[na:na]
	at java.base/sun.security.ssl.SSLSocketInputRecord.read(SSLSocketInputRecord.java:489) ~[na:na]
	at java.base/sun.security.ssl.SSLSocketInputRecord.readHeader(SSLSocketInputRecord.java:483) ~[na:na]
	at java.base/sun.security.ssl.SSLSocketInputRecord.bytesInCompletePacket(SSLSocketInputRecord.java:70) ~[na:na]
	at java.base/sun.security.ssl.SSLSocketImpl.readApplicationRecord(SSLSocketImpl.java:1461) ~[na:na]
	at java.base/sun.security.ssl.SSLSocketImpl$AppInputStream.read(SSLSocketImpl.java:1066) ~[na:na]
	at com.mongodb.internal.connection.SocketStream.read(SocketStream.java:175) ~[mongodb-driver-core-4.11.2.jar:na]
	at com.mongodb.internal.connection.SocketStream.read(SocketStream.java:200) ~[mongodb-driver-core-4.11.2.jar:na]
	at com.mongodb.internal.connection.InternalStreamConnection.receiveResponseBuffers(InternalStreamConnection.java:739) ~[mongodb-driver-core-4.11.2.jar:na]
	at com.mongodb.internal.connection.InternalStreamConnection.receiveMessageWithAdditionalTimeout(InternalStreamConnection.java:603) ~[mongodb-driver-core-4.11.2.jar:na]
	... 5 common frames omitted

2026-03-26T13:31:44.695+05:30  INFO 99702 --- [academic-service] [ngodb.net:27017] org.mongodb.driver.cluster               : Monitor thread successfully connected to server with description ServerDescription{address=ac-3mufzp1-shard-00-02.4nosy2u.mongodb.net:27017, type=REPLICA_SET_SECONDARY, state=CONNECTED, ok=true, minWireVersion=0, maxWireVersion=25, maxDocumentSize=16777216, logicalSessionTimeoutMinutes=30, roundTripTimeNanos=65147791, setName='atlas-hy5sqn-shard-0', canonicalAddress=ac-3mufzp1-shard-00-02.4nosy2u.mongodb.net:27017, hosts=[ac-3mufzp1-shard-00-00.4nosy2u.mongodb.net:27017, ac-3mufzp1-shard-00-02.4nosy2u.mongodb.net:27017, ac-3mufzp1-shard-00-01.4nosy2u.mongodb.net:27017], passives=[], arbiters=[], primary='ac-3mufzp1-shard-00-01.4nosy2u.mongodb.net:27017', tagSet=TagSet{[Tag{name='availabilityZone', value='aps1-az2'}, Tag{name='diskState', value='READY'}, Tag{name='nodeType', value='ELECTABLE'}, Tag{name='provider', value='AWS'}, Tag{name='region', value='AP_SOUTH_1'}, Tag{name='workloadType', value='OPERATIONAL'}]}, electionId=null, setVersion=46, topologyVersion=TopologyVersion{processId=69b31436cf980eb974c6b7c1, counter=3}, lastWriteDate=Thu Mar 26 13:31:44 IST 2026, lastUpdateTimeNanos=141484698965666}
2026-03-26T13:31:44.730+05:30  INFO 99702 --- [academic-service] [ngodb.net:27017] org.mongodb.driver.cluster               : Monitor thread successfully connected to server with description ServerDescription{address=ac-3mufzp1-shard-00-01.4nosy2u.mongodb.net:27017, type=REPLICA_SET_PRIMARY, state=CONNECTED, ok=true, minWireVersion=0, maxWireVersion=25, maxDocumentSize=16777216, logicalSessionTimeoutMinutes=30, roundTripTimeNanos=42834250, setName='atlas-hy5sqn-shard-0', canonicalAddress=ac-3mufzp1-shard-00-01.4nosy2u.mongodb.net:27017, hosts=[ac-3mufzp1-shard-00-00.4nosy2u.mongodb.net:27017, ac-3mufzp1-shard-00-02.4nosy2u.mongodb.net:27017, ac-3mufzp1-shard-00-01.4nosy2u.mongodb.net:27017], passives=[], arbiters=[], primary='ac-3mufzp1-shard-00-01.4nosy2u.mongodb.net:27017', tagSet=TagSet{[Tag{name='availabilityZone', value='aps1-az3'}, Tag{name='diskState', value='READY'}, Tag{name='nodeType', value='ELECTABLE'}, Tag{name='provider', value='AWS'}, Tag{name='region', value='AP_SOUTH_1'}, Tag{name='workloadType', value='OPERATIONAL'}]}, electionId=7fffffff00000000000000ca, setVersion=46, topologyVersion=TopologyVersion{processId=69b311797648454b51f7c7a8, counter=6}, lastWriteDate=Thu Mar 26 13:31:44 IST 2026, lastUpdateTimeNanos=141484768462416}
2026-03-26T13:31:44.730+05:30  INFO 99702 --- [academic-service] [ngodb.net:27017] org.mongodb.driver.cluster               : Discovered replica set primary ac-3mufzp1-shard-00-01.4nosy2u.mongodb.net:27017 with max election id 7fffffff00000000000000ca and max set version 46
2026-03-26T13:31:45.396+05:30  INFO 99702 --- [academic-service] [ngodb.net:27017] org.mongodb.driver.cluster               : Exception in monitor thread while connecting to server ac-3mufzp1-shard-00-00.4nosy2u.mongodb.net:27017

com.mongodb.MongoSocketReadTimeoutException: Timeout while receiving message
	at com.mongodb.internal.connection.InternalStreamConnection.translateReadException(InternalStreamConnection.java:728) ~[mongodb-driver-core-4.11.2.jar:na]
	at com.mongodb.internal.connection.InternalStreamConnection.receiveMessageWithAdditionalTimeout(InternalStreamConnection.java:606) ~[mongodb-driver-core-4.11.2.jar:na]
	at com.mongodb.internal.connection.InternalStreamConnection.receiveCommandMessageResponse(InternalStreamConnection.java:451) ~[mongodb-driver-core-4.11.2.jar:na]
	at com.mongodb.internal.connection.InternalStreamConnection.receive(InternalStreamConnection.java:404) ~[mongodb-driver-core-4.11.2.jar:na]
	at com.mongodb.internal.connection.DefaultServerMonitor$ServerMonitorRunnable.lookupServerDescription(DefaultServerMonitor.java:221) ~[mongodb-driver-core-4.11.2.jar:na]
	at com.mongodb.internal.connection.DefaultServerMonitor$ServerMonitorRunnable.run(DefaultServerMonitor.java:153) ~[mongodb-driver-core-4.11.2.jar:na]
	at java.base/java.lang.Thread.run(Thread.java:1583) ~[na:na]
Caused by: java.net.SocketTimeoutException: Read timed out
	at java.base/sun.nio.ch.NioSocketImpl.timedRead(NioSocketImpl.java:278) ~[na:na]
	at java.base/sun.nio.ch.NioSocketImpl.implRead(NioSocketImpl.java:304) ~[na:na]
	at java.base/sun.nio.ch.NioSocketImpl.read(NioSocketImpl.java:346) ~[na:na]
	at java.base/sun.nio.ch.NioSocketImpl$1.read(NioSocketImpl.java:796) ~[na:na]
	at java.base/java.net.Socket$SocketInputStream.read(Socket.java:1099) ~[na:na]
	at java.base/sun.security.ssl.SSLSocketInputRecord.read(SSLSocketInputRecord.java:489) ~[na:na]
	at java.base/sun.security.ssl.SSLSocketInputRecord.readHeader(SSLSocketInputRecord.java:483) ~[na:na]
	at java.base/sun.security.ssl.SSLSocketInputRecord.bytesInCompletePacket(SSLSocketInputRecord.java:70) ~[na:na]
	at java.base/sun.security.ssl.SSLSocketImpl.readApplicationRecord(SSLSocketImpl.java:1461) ~[na:na]
	at java.base/sun.security.ssl.SSLSocketImpl$AppInputStream.read(SSLSocketImpl.java:1066) ~[na:na]
	at com.mongodb.internal.connection.SocketStream.read(SocketStream.java:175) ~[mongodb-driver-core-4.11.2.jar:na]
	at com.mongodb.internal.connection.SocketStream.read(SocketStream.java:200) ~[mongodb-driver-core-4.11.2.jar:na]
	at com.mongodb.internal.connection.InternalStreamConnection.receiveResponseBuffers(InternalStreamConnection.java:739) ~[mongodb-driver-core-4.11.2.jar:na]
	at com.mongodb.internal.connection.InternalStreamConnection.receiveMessageWithAdditionalTimeout(InternalStreamConnection.java:603) ~[mongodb-driver-core-4.11.2.jar:na]
	... 5 common frames omitted

2026-03-26T13:31:45.460+05:30  INFO 99702 --- [academic-service] [ngodb.net:27017] org.mongodb.driver.cluster               : Monitor thread successfully connected to server with description ServerDescription{address=ac-3mufzp1-shard-00-00.4nosy2u.mongodb.net:27017, type=REPLICA_SET_SECONDARY, state=CONNECTED, ok=true, minWireVersion=0, maxWireVersion=25, maxDocumentSize=16777216, logicalSessionTimeoutMinutes=30, roundTripTimeNanos=41532625, setName='atlas-hy5sqn-shard-0', canonicalAddress=ac-3mufzp1-shard-00-00.4nosy2u.mongodb.net:27017, hosts=[ac-3mufzp1-shard-00-00.4nosy2u.mongodb.net:27017, ac-3mufzp1-shard-00-02.4nosy2u.mongodb.net:27017, ac-3mufzp1-shard-00-01.4nosy2u.mongodb.net:27017], passives=[], arbiters=[], primary='ac-3mufzp1-shard-00-01.4nosy2u.mongodb.net:27017', tagSet=TagSet{[Tag{name='availabilityZone', value='aps1-az1'}, Tag{name='diskState', value='READY'}, Tag{name='nodeType', value='ELECTABLE'}, Tag{name='provider', value='AWS'}, Tag{name='region', value='AP_SOUTH_1'}, Tag{name='workloadType', value='OPERATIONAL'}]}, electionId=null, setVersion=46, topologyVersion=TopologyVersion{processId=69b30edff67384ce6d9efce1, counter=4}, lastWriteDate=Thu Mar 26 13:31:45 IST 2026, lastUpdateTimeNanos=141485498276875}
2026-03-26T13:32:10.842+05:30  INFO 99702 --- [academic-service] [tbeatExecutor-0] com.netflix.discovery.DiscoveryClient    : DiscoveryClient_ACADEMIC-SERVICE/192.168.0.207:academic-service:8089 - Re-registering apps/ACADEMIC-SERVICE
2026-03-26T13:32:10.843+05:30  INFO 99702 --- [academic-service] [tbeatExecutor-0] com.netflix.discovery.DiscoveryClient    : DiscoveryClient_ACADEMIC-SERVICE/192.168.0.207:academic-service:8089: registering service...
2026-03-26T13:32:10.871+05:30  INFO 99702 --- [academic-service] [tbeatExecutor-0] com.netflix.discovery.DiscoveryClient    : DiscoveryClient_ACADEMIC-SERVICE/192.168.0.207:academic-service:8089 - registration status: 204
2026-03-26T13:32:27.035+05:30  INFO 99702 --- [academic-service] [trap-executor-0] c.n.d.s.r.aws.ConfigClusterResolver      : Resolving eureka endpoints via configuration
2026-03-26T13:37:27.816+05:30  INFO 99702 --- [academic-service] [trap-executor-0] c.n.d.s.r.aws.ConfigClusterResolver      : Resolving eureka endpoints via configuration
2026-03-26T13:42:27.818+05:30  INFO 99702 --- [academic-service] [trap-executor-0] c.n.d.s.r.aws.ConfigClusterResolver      : Resolving eureka endpoints via configuration
2026-03-26T13:47:27.816+05:30  INFO 99702 --- [academic-service] [trap-executor-0] c.n.d.s.r.aws.ConfigClusterResolver      : Resolving eureka endpoints via configuration
2026-03-26T13:53:08.776+05:30  INFO 99702 --- [academic-service] [ngodb.net:27017] org.mongodb.driver.cluster               : Exception in monitor thread while connecting to server ac-3mufzp1-shard-00-01.4nosy2u.mongodb.net:27017

com.mongodb.MongoSocketReadTimeoutException: Timeout while receiving message
	at com.mongodb.internal.connection.InternalStreamConnection.translateReadException(InternalStreamConnection.java:728) ~[mongodb-driver-core-4.11.2.jar:na]
	at com.mongodb.internal.connection.InternalStreamConnection.receiveMessageWithAdditionalTimeout(InternalStreamConnection.java:606) ~[mongodb-driver-core-4.11.2.jar:na]
	at com.mongodb.internal.connection.InternalStreamConnection.receiveCommandMessageResponse(InternalStreamConnection.java:451) ~[mongodb-driver-core-4.11.2.jar:na]
	at com.mongodb.internal.connection.InternalStreamConnection.receive(InternalStreamConnection.java:404) ~[mongodb-driver-core-4.11.2.jar:na]
	at com.mongodb.internal.connection.DefaultServerMonitor$ServerMonitorRunnable.lookupServerDescription(DefaultServerMonitor.java:221) ~[mongodb-driver-core-4.11.2.jar:na]
	at com.mongodb.internal.connection.DefaultServerMonitor$ServerMonitorRunnable.run(DefaultServerMonitor.java:153) ~[mongodb-driver-core-4.11.2.jar:na]
	at java.base/java.lang.Thread.run(Thread.java:1583) ~[na:na]
Caused by: java.net.SocketTimeoutException: Read timed out
	at java.base/sun.nio.ch.NioSocketImpl.timedRead(NioSocketImpl.java:278) ~[na:na]
	at java.base/sun.nio.ch.NioSocketImpl.implRead(NioSocketImpl.java:304) ~[na:na]
	at java.base/sun.nio.ch.NioSocketImpl.read(NioSocketImpl.java:346) ~[na:na]
	at java.base/sun.nio.ch.NioSocketImpl$1.read(NioSocketImpl.java:796) ~[na:na]
	at java.base/java.net.Socket$SocketInputStream.read(Socket.java:1099) ~[na:na]
	at java.base/sun.security.ssl.SSLSocketInputRecord.read(SSLSocketInputRecord.java:489) ~[na:na]
	at java.base/sun.security.ssl.SSLSocketInputRecord.readHeader(SSLSocketInputRecord.java:483) ~[na:na]
	at java.base/sun.security.ssl.SSLSocketInputRecord.bytesInCompletePacket(SSLSocketInputRecord.java:70) ~[na:na]
	at java.base/sun.security.ssl.SSLSocketImpl.readApplicationRecord(SSLSocketImpl.java:1461) ~[na:na]
	at java.base/sun.security.ssl.SSLSocketImpl$AppInputStream.read(SSLSocketImpl.java:1066) ~[na:na]
	at com.mongodb.internal.connection.SocketStream.read(SocketStream.java:175) ~[mongodb-driver-core-4.11.2.jar:na]
	at com.mongodb.internal.connection.SocketStream.read(SocketStream.java:200) ~[mongodb-driver-core-4.11.2.jar:na]
	at com.mongodb.internal.connection.InternalStreamConnection.receiveResponseBuffers(InternalStreamConnection.java:739) ~[mongodb-driver-core-4.11.2.jar:na]
	at com.mongodb.internal.connection.InternalStreamConnection.receiveMessageWithAdditionalTimeout(InternalStreamConnection.java:603) ~[mongodb-driver-core-4.11.2.jar:na]
	... 5 common frames omitted

2026-03-26T13:53:08.883+05:30  INFO 99702 --- [academic-service] [ngodb.net:27017] org.mongodb.driver.cluster               : Monitor thread successfully connected to server with description ServerDescription{address=ac-3mufzp1-shard-00-01.4nosy2u.mongodb.net:27017, type=REPLICA_SET_PRIMARY, state=CONNECTED, ok=true, minWireVersion=0, maxWireVersion=25, maxDocumentSize=16777216, logicalSessionTimeoutMinutes=30, roundTripTimeNanos=41309625, setName='atlas-hy5sqn-shard-0', canonicalAddress=ac-3mufzp1-shard-00-01.4nosy2u.mongodb.net:27017, hosts=[ac-3mufzp1-shard-00-00.4nosy2u.mongodb.net:27017, ac-3mufzp1-shard-00-02.4nosy2u.mongodb.net:27017, ac-3mufzp1-shard-00-01.4nosy2u.mongodb.net:27017], passives=[], arbiters=[], primary='ac-3mufzp1-shard-00-01.4nosy2u.mongodb.net:27017', tagSet=TagSet{[Tag{name='availabilityZone', value='aps1-az3'}, Tag{name='diskState', value='READY'}, Tag{name='nodeType', value='ELECTABLE'}, Tag{name='provider', value='AWS'}, Tag{name='region', value='AP_SOUTH_1'}, Tag{name='workloadType', value='OPERATIONAL'}]}, electionId=7fffffff00000000000000ca, setVersion=46, topologyVersion=TopologyVersion{processId=69b311797648454b51f7c7a8, counter=6}, lastWriteDate=Thu Mar 26 13:53:08 IST 2026, lastUpdateTimeNanos=142564664795666}
2026-03-26T13:53:08.884+05:30  INFO 99702 --- [academic-service] [ngodb.net:27017] org.mongodb.driver.cluster               : Discovered replica set primary ac-3mufzp1-shard-00-01.4nosy2u.mongodb.net:27017 with max election id 7fffffff00000000000000ca and max set version 46
2026-03-26T13:53:09.129+05:30  INFO 99702 --- [academic-service] [ngodb.net:27017] org.mongodb.driver.cluster               : Exception in monitor thread while connecting to server ac-3mufzp1-shard-00-02.4nosy2u.mongodb.net:27017

com.mongodb.MongoSocketReadTimeoutException: Timeout while receiving message
	at com.mongodb.internal.connection.InternalStreamConnection.translateReadException(InternalStreamConnection.java:728) ~[mongodb-driver-core-4.11.2.jar:na]
	at com.mongodb.internal.connection.InternalStreamConnection.receiveMessageWithAdditionalTimeout(InternalStreamConnection.java:606) ~[mongodb-driver-core-4.11.2.jar:na]
	at com.mongodb.internal.connection.InternalStreamConnection.receiveCommandMessageResponse(InternalStreamConnection.java:451) ~[mongodb-driver-core-4.11.2.jar:na]
	at com.mongodb.internal.connection.InternalStreamConnection.receive(InternalStreamConnection.java:404) ~[mongodb-driver-core-4.11.2.jar:na]
	at com.mongodb.internal.connection.DefaultServerMonitor$ServerMonitorRunnable.lookupServerDescription(DefaultServerMonitor.java:221) ~[mongodb-driver-core-4.11.2.jar:na]
	at com.mongodb.internal.connection.DefaultServerMonitor$ServerMonitorRunnable.run(DefaultServerMonitor.java:153) ~[mongodb-driver-core-4.11.2.jar:na]
	at java.base/java.lang.Thread.run(Thread.java:1583) ~[na:na]
Caused by: java.net.SocketTimeoutException: Read timed out
	at java.base/sun.nio.ch.NioSocketImpl.timedRead(NioSocketImpl.java:278) ~[na:na]
	at java.base/sun.nio.ch.NioSocketImpl.implRead(NioSocketImpl.java:304) ~[na:na]
	at java.base/sun.nio.ch.NioSocketImpl.read(NioSocketImpl.java:346) ~[na:na]
	at java.base/sun.nio.ch.NioSocketImpl$1.read(NioSocketImpl.java:796) ~[na:na]
	at java.base/java.net.Socket$SocketInputStream.read(Socket.java:1099) ~[na:na]
	at java.base/sun.security.ssl.SSLSocketInputRecord.read(SSLSocketInputRecord.java:489) ~[na:na]
	at java.base/sun.security.ssl.SSLSocketInputRecord.readHeader(SSLSocketInputRecord.java:483) ~[na:na]
	at java.base/sun.security.ssl.SSLSocketInputRecord.bytesInCompletePacket(SSLSocketInputRecord.java:70) ~[na:na]
	at java.base/sun.security.ssl.SSLSocketImpl.readApplicationRecord(SSLSocketImpl.java:1461) ~[na:na]
	at java.base/sun.security.ssl.SSLSocketImpl$AppInputStream.read(SSLSocketImpl.java:1066) ~[na:na]
	at com.mongodb.internal.connection.SocketStream.read(SocketStream.java:175) ~[mongodb-driver-core-4.11.2.jar:na]
	at com.mongodb.internal.connection.SocketStream.read(SocketStream.java:200) ~[mongodb-driver-core-4.11.2.jar:na]
	at com.mongodb.internal.connection.InternalStreamConnection.receiveResponseBuffers(InternalStreamConnection.java:739) ~[mongodb-driver-core-4.11.2.jar:na]
	at com.mongodb.internal.connection.InternalStreamConnection.receiveMessageWithAdditionalTimeout(InternalStreamConnection.java:603) ~[mongodb-driver-core-4.11.2.jar:na]
	... 5 common frames omitted

2026-03-26T13:53:09.243+05:30  INFO 99702 --- [academic-service] [ngodb.net:27017] org.mongodb.driver.cluster               : Monitor thread successfully connected to server with description ServerDescription{address=ac-3mufzp1-shard-00-02.4nosy2u.mongodb.net:27017, type=REPLICA_SET_SECONDARY, state=CONNECTED, ok=true, minWireVersion=0, maxWireVersion=25, maxDocumentSize=16777216, logicalSessionTimeoutMinutes=30, roundTripTimeNanos=40834416, setName='atlas-hy5sqn-shard-0', canonicalAddress=ac-3mufzp1-shard-00-02.4nosy2u.mongodb.net:27017, hosts=[ac-3mufzp1-shard-00-00.4nosy2u.mongodb.net:27017, ac-3mufzp1-shard-00-02.4nosy2u.mongodb.net:27017, ac-3mufzp1-shard-00-01.4nosy2u.mongodb.net:27017], passives=[], arbiters=[], primary='ac-3mufzp1-shard-00-01.4nosy2u.mongodb.net:27017', tagSet=TagSet{[Tag{name='availabilityZone', value='aps1-az2'}, Tag{name='diskState', value='READY'}, Tag{name='nodeType', value='ELECTABLE'}, Tag{name='provider', value='AWS'}, Tag{name='region', value='AP_SOUTH_1'}, Tag{name='workloadType', value='OPERATIONAL'}]}, electionId=null, setVersion=46, topologyVersion=TopologyVersion{processId=69b31436cf980eb974c6b7c1, counter=3}, lastWriteDate=Thu Mar 26 13:53:09 IST 2026, lastUpdateTimeNanos=142565024321166}
2026-03-26T13:53:09.882+05:30  INFO 99702 --- [academic-service] [ngodb.net:27017] org.mongodb.driver.cluster               : Exception in monitor thread while connecting to server ac-3mufzp1-shard-00-00.4nosy2u.mongodb.net:27017

com.mongodb.MongoSocketReadTimeoutException: Timeout while receiving message
	at com.mongodb.internal.connection.InternalStreamConnection.translateReadException(InternalStreamConnection.java:728) ~[mongodb-driver-core-4.11.2.jar:na]
	at com.mongodb.internal.connection.InternalStreamConnection.receiveMessageWithAdditionalTimeout(InternalStreamConnection.java:606) ~[mongodb-driver-core-4.11.2.jar:na]
	at com.mongodb.internal.connection.InternalStreamConnection.receiveCommandMessageResponse(InternalStreamConnection.java:451) ~[mongodb-driver-core-4.11.2.jar:na]
	at com.mongodb.internal.connection.InternalStreamConnection.receive(InternalStreamConnection.java:404) ~[mongodb-driver-core-4.11.2.jar:na]
	at com.mongodb.internal.connection.DefaultServerMonitor$ServerMonitorRunnable.lookupServerDescription(DefaultServerMonitor.java:221) ~[mongodb-driver-core-4.11.2.jar:na]
	at com.mongodb.internal.connection.DefaultServerMonitor$ServerMonitorRunnable.run(DefaultServerMonitor.java:153) ~[mongodb-driver-core-4.11.2.jar:na]
	at java.base/java.lang.Thread.run(Thread.java:1583) ~[na:na]
Caused by: java.net.SocketTimeoutException: Read timed out
	at java.base/sun.nio.ch.NioSocketImpl.timedRead(NioSocketImpl.java:278) ~[na:na]
	at java.base/sun.nio.ch.NioSocketImpl.implRead(NioSocketImpl.java:304) ~[na:na]
	at java.base/sun.nio.ch.NioSocketImpl.read(NioSocketImpl.java:346) ~[na:na]
	at java.base/sun.nio.ch.NioSocketImpl$1.read(NioSocketImpl.java:796) ~[na:na]
	at java.base/java.net.Socket$SocketInputStream.read(Socket.java:1099) ~[na:na]
	at java.base/sun.security.ssl.SSLSocketInputRecord.read(SSLSocketInputRecord.java:489) ~[na:na]
	at java.base/sun.security.ssl.SSLSocketInputRecord.readHeader(SSLSocketInputRecord.java:483) ~[na:na]
	at java.base/sun.security.ssl.SSLSocketInputRecord.bytesInCompletePacket(SSLSocketInputRecord.java:70) ~[na:na]
	at java.base/sun.security.ssl.SSLSocketImpl.readApplicationRecord(SSLSocketImpl.java:1461) ~[na:na]
	at java.base/sun.security.ssl.SSLSocketImpl$AppInputStream.read(SSLSocketImpl.java:1066) ~[na:na]
	at com.mongodb.internal.connection.SocketStream.read(SocketStream.java:175) ~[mongodb-driver-core-4.11.2.jar:na]
	at com.mongodb.internal.connection.SocketStream.read(SocketStream.java:200) ~[mongodb-driver-core-4.11.2.jar:na]
	at com.mongodb.internal.connection.InternalStreamConnection.receiveResponseBuffers(InternalStreamConnection.java:739) ~[mongodb-driver-core-4.11.2.jar:na]
	at com.mongodb.internal.connection.InternalStreamConnection.receiveMessageWithAdditionalTimeout(InternalStreamConnection.java:603) ~[mongodb-driver-core-4.11.2.jar:na]
	... 5 common frames omitted

2026-03-26T13:53:10.272+05:30  INFO 99702 --- [academic-service] [ngodb.net:27017] org.mongodb.driver.cluster               : Monitor thread successfully connected to server with description ServerDescription{address=ac-3mufzp1-shard-00-00.4nosy2u.mongodb.net:27017, type=REPLICA_SET_SECONDARY, state=CONNECTED, ok=true, minWireVersion=0, maxWireVersion=25, maxDocumentSize=16777216, logicalSessionTimeoutMinutes=30, roundTripTimeNanos=203162917, setName='atlas-hy5sqn-shard-0', canonicalAddress=ac-3mufzp1-shard-00-00.4nosy2u.mongodb.net:27017, hosts=[ac-3mufzp1-shard-00-00.4nosy2u.mongodb.net:27017, ac-3mufzp1-shard-00-02.4nosy2u.mongodb.net:27017, ac-3mufzp1-shard-00-01.4nosy2u.mongodb.net:27017], passives=[], arbiters=[], primary='ac-3mufzp1-shard-00-01.4nosy2u.mongodb.net:27017', tagSet=TagSet{[Tag{name='availabilityZone', value='aps1-az1'}, Tag{name='diskState', value='READY'}, Tag{name='nodeType', value='ELECTABLE'}, Tag{name='provider', value='AWS'}, Tag{name='region', value='AP_SOUTH_1'}, Tag{name='workloadType', value='OPERATIONAL'}]}, electionId=null, setVersion=46, topologyVersion=TopologyVersion{processId=69b30edff67384ce6d9efce1, counter=4}, lastWriteDate=Thu Mar 26 13:53:10 IST 2026, lastUpdateTimeNanos=142566052866125}
2026-03-26T13:55:51.307+05:30  INFO 99702 --- [academic-service] [trap-executor-0] c.n.d.s.r.aws.ConfigClusterResolver      : Resolving eureka endpoints via configuration
2026-03-26T14:00:51.312+05:30  INFO 99702 --- [academic-service] [trap-executor-0] c.n.d.s.r.aws.ConfigClusterResolver      : Resolving eureka endpoints via configuration
2026-03-26T14:05:51.314+05:30  INFO 99702 --- [academic-service] [trap-executor-0] c.n.d.s.r.aws.ConfigClusterResolver      : Resolving eureka endpoints via configuration
2026-03-26T14:10:51.318+05:30  INFO 99702 --- [academic-service] [trap-executor-0] c.n.d.s.r.aws.ConfigClusterResolver      : Resolving eureka endpoints via configuration
2026-03-26T14:15:51.319+05:30  INFO 99702 --- [academic-service] [trap-executor-0] c.n.d.s.r.aws.ConfigClusterResolver      : Resolving eureka endpoints via configuration
2026-03-26T14:20:07.296+05:30  INFO 99702 --- [academic-service] [ngodb.net:27017] org.mongodb.driver.cluster               : Exception in monitor thread while connecting to server ac-3mufzp1-shard-00-00.4nosy2u.mongodb.net:27017

com.mongodb.MongoSocketReadTimeoutException: Timeout while receiving message
	at com.mongodb.internal.connection.InternalStreamConnection.translateReadException(InternalStreamConnection.java:728) ~[mongodb-driver-core-4.11.2.jar:na]
	at com.mongodb.internal.connection.InternalStreamConnection.receiveMessageWithAdditionalTimeout(InternalStreamConnection.java:606) ~[mongodb-driver-core-4.11.2.jar:na]
	at com.mongodb.internal.connection.InternalStreamConnection.receiveCommandMessageResponse(InternalStreamConnection.java:451) ~[mongodb-driver-core-4.11.2.jar:na]
	at com.mongodb.internal.connection.InternalStreamConnection.receive(InternalStreamConnection.java:404) ~[mongodb-driver-core-4.11.2.jar:na]
	at com.mongodb.internal.connection.DefaultServerMonitor$ServerMonitorRunnable.lookupServerDescription(DefaultServerMonitor.java:221) ~[mongodb-driver-core-4.11.2.jar:na]
	at com.mongodb.internal.connection.DefaultServerMonitor$ServerMonitorRunnable.run(DefaultServerMonitor.java:153) ~[mongodb-driver-core-4.11.2.jar:na]
	at java.base/java.lang.Thread.run(Thread.java:1583) ~[na:na]
Caused by: java.net.SocketTimeoutException: Read timed out
	at java.base/sun.nio.ch.NioSocketImpl.timedRead(NioSocketImpl.java:278) ~[na:na]
	at java.base/sun.nio.ch.NioSocketImpl.implRead(NioSocketImpl.java:304) ~[na:na]
	at java.base/sun.nio.ch.NioSocketImpl.read(NioSocketImpl.java:346) ~[na:na]
	at java.base/sun.nio.ch.NioSocketImpl$1.read(NioSocketImpl.java:796) ~[na:na]
	at java.base/java.net.Socket$SocketInputStream.read(Socket.java:1099) ~[na:na]
	at java.base/sun.security.ssl.SSLSocketInputRecord.read(SSLSocketInputRecord.java:489) ~[na:na]
	at java.base/sun.security.ssl.SSLSocketInputRecord.readHeader(SSLSocketInputRecord.java:483) ~[na:na]
	at java.base/sun.security.ssl.SSLSocketInputRecord.bytesInCompletePacket(SSLSocketInputRecord.java:70) ~[na:na]
	at java.base/sun.security.ssl.SSLSocketImpl.readApplicationRecord(SSLSocketImpl.java:1461) ~[na:na]
	at java.base/sun.security.ssl.SSLSocketImpl$AppInputStream.read(SSLSocketImpl.java:1066) ~[na:na]
	at com.mongodb.internal.connection.SocketStream.read(SocketStream.java:175) ~[mongodb-driver-core-4.11.2.jar:na]
	at com.mongodb.internal.connection.SocketStream.read(SocketStream.java:200) ~[mongodb-driver-core-4.11.2.jar:na]
	at com.mongodb.internal.connection.InternalStreamConnection.receiveResponseBuffers(InternalStreamConnection.java:739) ~[mongodb-driver-core-4.11.2.jar:na]
	at com.mongodb.internal.connection.InternalStreamConnection.receiveMessageWithAdditionalTimeout(InternalStreamConnection.java:603) ~[mongodb-driver-core-4.11.2.jar:na]
	... 5 common frames omitted

2026-03-26T14:20:07.407+05:30  INFO 99702 --- [academic-service] [ngodb.net:27017] org.mongodb.driver.cluster               : Monitor thread successfully connected to server with description ServerDescription{address=ac-3mufzp1-shard-00-00.4nosy2u.mongodb.net:27017, type=REPLICA_SET_SECONDARY, state=CONNECTED, ok=true, minWireVersion=0, maxWireVersion=25, maxDocumentSize=16777216, logicalSessionTimeoutMinutes=30, roundTripTimeNanos=40890916, setName='atlas-hy5sqn-shard-0', canonicalAddress=ac-3mufzp1-shard-00-00.4nosy2u.mongodb.net:27017, hosts=[ac-3mufzp1-shard-00-00.4nosy2u.mongodb.net:27017, ac-3mufzp1-shard-00-02.4nosy2u.mongodb.net:27017, ac-3mufzp1-shard-00-01.4nosy2u.mongodb.net:27017], passives=[], arbiters=[], primary='ac-3mufzp1-shard-00-01.4nosy2u.mongodb.net:27017', tagSet=TagSet{[Tag{name='availabilityZone', value='aps1-az1'}, Tag{name='diskState', value='READY'}, Tag{name='nodeType', value='ELECTABLE'}, Tag{name='provider', value='AWS'}, Tag{name='region', value='AP_SOUTH_1'}, Tag{name='workloadType', value='OPERATIONAL'}]}, electionId=null, setVersion=46, topologyVersion=TopologyVersion{processId=69b30edff67384ce6d9efce1, counter=4}, lastWriteDate=Thu Mar 26 14:20:07 IST 2026, lastUpdateTimeNanos=144007344163166}
2026-03-26T14:20:15.516+05:30  INFO 99702 --- [academic-service] [ngodb.net:27017] org.mongodb.driver.cluster               : Exception in monitor thread while connecting to server ac-3mufzp1-shard-00-01.4nosy2u.mongodb.net:27017

com.mongodb.MongoSocketReadTimeoutException: Timeout while receiving message
	at com.mongodb.internal.connection.InternalStreamConnection.translateReadException(InternalStreamConnection.java:728) ~[mongodb-driver-core-4.11.2.jar:na]
	at com.mongodb.internal.connection.InternalStreamConnection.receiveMessageWithAdditionalTimeout(InternalStreamConnection.java:606) ~[mongodb-driver-core-4.11.2.jar:na]
	at com.mongodb.internal.connection.InternalStreamConnection.receiveCommandMessageResponse(InternalStreamConnection.java:451) ~[mongodb-driver-core-4.11.2.jar:na]
	at com.mongodb.internal.connection.InternalStreamConnection.receive(InternalStreamConnection.java:404) ~[mongodb-driver-core-4.11.2.jar:na]
	at com.mongodb.internal.connection.DefaultServerMonitor$ServerMonitorRunnable.lookupServerDescription(DefaultServerMonitor.java:221) ~[mongodb-driver-core-4.11.2.jar:na]
	at com.mongodb.internal.connection.DefaultServerMonitor$ServerMonitorRunnable.run(DefaultServerMonitor.java:153) ~[mongodb-driver-core-4.11.2.jar:na]
	at java.base/java.lang.Thread.run(Thread.java:1583) ~[na:na]
Caused by: java.net.SocketTimeoutException: Read timed out
	at java.base/sun.nio.ch.NioSocketImpl.timedRead(NioSocketImpl.java:278) ~[na:na]
	at java.base/sun.nio.ch.NioSocketImpl.implRead(NioSocketImpl.java:304) ~[na:na]
	at java.base/sun.nio.ch.NioSocketImpl.read(NioSocketImpl.java:346) ~[na:na]
	at java.base/sun.nio.ch.NioSocketImpl$1.read(NioSocketImpl.java:796) ~[na:na]
	at java.base/java.net.Socket$SocketInputStream.read(Socket.java:1099) ~[na:na]
	at java.base/sun.security.ssl.SSLSocketInputRecord.read(SSLSocketInputRecord.java:489) ~[na:na]
	at java.base/sun.security.ssl.SSLSocketInputRecord.readHeader(SSLSocketInputRecord.java:483) ~[na:na]
	at java.base/sun.security.ssl.SSLSocketInputRecord.bytesInCompletePacket(SSLSocketInputRecord.java:70) ~[na:na]
	at java.base/sun.security.ssl.SSLSocketImpl.readApplicationRecord(SSLSocketImpl.java:1461) ~[na:na]
	at java.base/sun.security.ssl.SSLSocketImpl$AppInputStream.read(SSLSocketImpl.java:1066) ~[na:na]
	at com.mongodb.internal.connection.SocketStream.read(SocketStream.java:175) ~[mongodb-driver-core-4.11.2.jar:na]
	at com.mongodb.internal.connection.SocketStream.read(SocketStream.java:200) ~[mongodb-driver-core-4.11.2.jar:na]
	at com.mongodb.internal.connection.InternalStreamConnection.receiveResponseBuffers(InternalStreamConnection.java:739) ~[mongodb-driver-core-4.11.2.jar:na]
	at com.mongodb.internal.connection.InternalStreamConnection.receiveMessageWithAdditionalTimeout(InternalStreamConnection.java:603) ~[mongodb-driver-core-4.11.2.jar:na]
	... 5 common frames omitted

2026-03-26T14:20:15.594+05:30  INFO 99702 --- [academic-service] [ngodb.net:27017] org.mongodb.driver.cluster               : Monitor thread successfully connected to server with description ServerDescription{address=ac-3mufzp1-shard-00-01.4nosy2u.mongodb.net:27017, type=REPLICA_SET_PRIMARY, state=CONNECTED, ok=true, minWireVersion=0, maxWireVersion=25, maxDocumentSize=16777216, logicalSessionTimeoutMinutes=30, roundTripTimeNanos=45813791, setName='atlas-hy5sqn-shard-0', canonicalAddress=ac-3mufzp1-shard-00-01.4nosy2u.mongodb.net:27017, hosts=[ac-3mufzp1-shard-00-00.4nosy2u.mongodb.net:27017, ac-3mufzp1-shard-00-02.4nosy2u.mongodb.net:27017, ac-3mufzp1-shard-00-01.4nosy2u.mongodb.net:27017], passives=[], arbiters=[], primary='ac-3mufzp1-shard-00-01.4nosy2u.mongodb.net:27017', tagSet=TagSet{[Tag{name='availabilityZone', value='aps1-az3'}, Tag{name='diskState', value='READY'}, Tag{name='nodeType', value='ELECTABLE'}, Tag{name='provider', value='AWS'}, Tag{name='region', value='AP_SOUTH_1'}, Tag{name='workloadType', value='OPERATIONAL'}]}, electionId=7fffffff00000000000000ca, setVersion=46, topologyVersion=TopologyVersion{processId=69b311797648454b51f7c7a8, counter=6}, lastWriteDate=Thu Mar 26 14:20:15 IST 2026, lastUpdateTimeNanos=144015522165875}
2026-03-26T14:20:15.612+05:30  INFO 99702 --- [academic-service] [ngodb.net:27017] org.mongodb.driver.cluster               : Discovered replica set primary ac-3mufzp1-shard-00-01.4nosy2u.mongodb.net:27017 with max election id 7fffffff00000000000000ca and max set version 46
2026-03-26T14:20:16.472+05:30  INFO 99702 --- [academic-service] [ngodb.net:27017] org.mongodb.driver.cluster               : Exception in monitor thread while connecting to server ac-3mufzp1-shard-00-02.4nosy2u.mongodb.net:27017

com.mongodb.MongoSocketReadTimeoutException: Timeout while receiving message
	at com.mongodb.internal.connection.InternalStreamConnection.translateReadException(InternalStreamConnection.java:728) ~[mongodb-driver-core-4.11.2.jar:na]
	at com.mongodb.internal.connection.InternalStreamConnection.receiveMessageWithAdditionalTimeout(InternalStreamConnection.java:606) ~[mongodb-driver-core-4.11.2.jar:na]
	at com.mongodb.internal.connection.InternalStreamConnection.receiveCommandMessageResponse(InternalStreamConnection.java:451) ~[mongodb-driver-core-4.11.2.jar:na]
	at com.mongodb.internal.connection.InternalStreamConnection.receive(InternalStreamConnection.java:404) ~[mongodb-driver-core-4.11.2.jar:na]
	at com.mongodb.internal.connection.DefaultServerMonitor$ServerMonitorRunnable.lookupServerDescription(DefaultServerMonitor.java:221) ~[mongodb-driver-core-4.11.2.jar:na]
	at com.mongodb.internal.connection.DefaultServerMonitor$ServerMonitorRunnable.run(DefaultServerMonitor.java:153) ~[mongodb-driver-core-4.11.2.jar:na]
	at java.base/java.lang.Thread.run(Thread.java:1583) ~[na:na]
Caused by: java.net.SocketTimeoutException: Read timed out
	at java.base/sun.nio.ch.NioSocketImpl.timedRead(NioSocketImpl.java:278) ~[na:na]
	at java.base/sun.nio.ch.NioSocketImpl.implRead(NioSocketImpl.java:304) ~[na:na]
	at java.base/sun.nio.ch.NioSocketImpl.read(NioSocketImpl.java:346) ~[na:na]
	at java.base/sun.nio.ch.NioSocketImpl$1.read(NioSocketImpl.java:796) ~[na:na]
	at java.base/java.net.Socket$SocketInputStream.read(Socket.java:1099) ~[na:na]
	at java.base/sun.security.ssl.SSLSocketInputRecord.read(SSLSocketInputRecord.java:489) ~[na:na]
	at java.base/sun.security.ssl.SSLSocketInputRecord.readHeader(SSLSocketInputRecord.java:483) ~[na:na]
	at java.base/sun.security.ssl.SSLSocketInputRecord.bytesInCompletePacket(SSLSocketInputRecord.java:70) ~[na:na]
	at java.base/sun.security.ssl.SSLSocketImpl.readApplicationRecord(SSLSocketImpl.java:1461) ~[na:na]
	at java.base/sun.security.ssl.SSLSocketImpl$AppInputStream.read(SSLSocketImpl.java:1066) ~[na:na]
	at com.mongodb.internal.connection.SocketStream.read(SocketStream.java:175) ~[mongodb-driver-core-4.11.2.jar:na]
	at com.mongodb.internal.connection.SocketStream.read(SocketStream.java:200) ~[mongodb-driver-core-4.11.2.jar:na]
	at com.mongodb.internal.connection.InternalStreamConnection.receiveResponseBuffers(InternalStreamConnection.java:739) ~[mongodb-driver-core-4.11.2.jar:na]
	at com.mongodb.internal.connection.InternalStreamConnection.receiveMessageWithAdditionalTimeout(InternalStreamConnection.java:603) ~[mongodb-driver-core-4.11.2.jar:na]
	... 5 common frames omitted

2026-03-26T14:20:16.586+05:30  INFO 99702 --- [academic-service] [ngodb.net:27017] org.mongodb.driver.cluster               : Monitor thread successfully connected to server with description ServerDescription{address=ac-3mufzp1-shard-00-02.4nosy2u.mongodb.net:27017, type=REPLICA_SET_SECONDARY, state=CONNECTED, ok=true, minWireVersion=0, maxWireVersion=25, maxDocumentSize=16777216, logicalSessionTimeoutMinutes=30, roundTripTimeNanos=45552792, setName='atlas-hy5sqn-shard-0', canonicalAddress=ac-3mufzp1-shard-00-02.4nosy2u.mongodb.net:27017, hosts=[ac-3mufzp1-shard-00-00.4nosy2u.mongodb.net:27017, ac-3mufzp1-shard-00-02.4nosy2u.mongodb.net:27017, ac-3mufzp1-shard-00-01.4nosy2u.mongodb.net:27017], passives=[], arbiters=[], primary='ac-3mufzp1-shard-00-01.4nosy2u.mongodb.net:27017', tagSet=TagSet{[Tag{name='availabilityZone', value='aps1-az2'}, Tag{name='diskState', value='READY'}, Tag{name='nodeType', value='ELECTABLE'}, Tag{name='provider', value='AWS'}, Tag{name='region', value='AP_SOUTH_1'}, Tag{name='workloadType', value='OPERATIONAL'}]}, electionId=null, setVersion=46, topologyVersion=TopologyVersion{processId=69b31436cf980eb974c6b7c1, counter=3}, lastWriteDate=Thu Mar 26 14:20:16 IST 2026, lastUpdateTimeNanos=144016524003666}
2026-03-26T14:23:47.200+05:30  INFO 99702 --- [academic-service] [trap-executor-0] c.n.d.s.r.aws.ConfigClusterResolver      : Resolving eureka endpoints via configuration
2026-03-26T14:28:47.205+05:30  INFO 99702 --- [academic-service] [trap-executor-0] c.n.d.s.r.aws.ConfigClusterResolver      : Resolving eureka endpoints via configuration
2026-03-26T14:33:47.205+05:30  INFO 99702 --- [academic-service] [trap-executor-0] c.n.d.s.r.aws.ConfigClusterResolver      : Resolving eureka endpoints via configuration
2026-03-26T14:38:47.230+05:30  INFO 99702 --- [academic-service] [trap-executor-0] c.n.d.s.r.aws.ConfigClusterResolver      : Resolving eureka endpoints via configuration
2026-03-26T14:43:47.296+05:30  INFO 99702 --- [academic-service] [trap-executor-0] c.n.d.s.r.aws.ConfigClusterResolver      : Resolving eureka endpoints via configuration
2026-03-26T14:48:47.325+05:30  INFO 99702 --- [academic-service] [trap-executor-0] c.n.d.s.r.aws.ConfigClusterResolver      : Resolving eureka endpoints via configuration
2026-03-26T14:53:47.335+05:30  INFO 99702 --- [academic-service] [trap-executor-0] c.n.d.s.r.aws.ConfigClusterResolver      : Resolving eureka endpoints via configuration
2026-03-26T14:58:47.333+05:30  INFO 99702 --- [academic-service] [trap-executor-0] c.n.d.s.r.aws.ConfigClusterResolver      : Resolving eureka endpoints via configuration
2026-03-26T15:03:47.337+05:30  INFO 99702 --- [academic-service] [trap-executor-0] c.n.d.s.r.aws.ConfigClusterResolver      : Resolving eureka endpoints via configuration
2026-03-26T15:08:47.342+05:30  INFO 99702 --- [academic-service] [trap-executor-0] c.n.d.s.r.aws.ConfigClusterResolver      : Resolving eureka endpoints via configuration
2026-03-26T15:13:47.356+05:30  INFO 99702 --- [academic-service] [trap-executor-0] c.n.d.s.r.aws.ConfigClusterResolver      : Resolving eureka endpoints via configuration
2026-03-26T15:18:47.357+05:30  INFO 99702 --- [academic-service] [trap-executor-0] c.n.d.s.r.aws.ConfigClusterResolver      : Resolving eureka endpoints via configuration
2026-03-26T15:23:47.361+05:30  INFO 99702 --- [academic-service] [trap-executor-0] c.n.d.s.r.aws.ConfigClusterResolver      : Resolving eureka endpoints via configuration
2026-03-26T15:28:47.372+05:30  INFO 99702 --- [academic-service] [trap-executor-0] c.n.d.s.r.aws.ConfigClusterResolver      : Resolving eureka endpoints via configuration
2026-03-26T15:33:47.378+05:30  INFO 99702 --- [academic-service] [trap-executor-0] c.n.d.s.r.aws.ConfigClusterResolver      : Resolving eureka endpoints via configuration
2026-03-26T15:38:47.400+05:30  INFO 99702 --- [academic-service] [trap-executor-0] c.n.d.s.r.aws.ConfigClusterResolver      : Resolving eureka endpoints via configuration
2026-03-26T15:43:47.412+05:30  INFO 99702 --- [academic-service] [trap-executor-0] c.n.d.s.r.aws.ConfigClusterResolver      : Resolving eureka endpoints via configuration
2026-03-26T15:48:47.394+05:30  INFO 99702 --- [academic-service] [trap-executor-0] c.n.d.s.r.aws.ConfigClusterResolver      : Resolving eureka endpoints via configuration
2026-03-26T15:53:47.390+05:30  INFO 99702 --- [academic-service] [trap-executor-0] c.n.d.s.r.aws.ConfigClusterResolver      : Resolving eureka endpoints via configuration
2026-03-26T15:58:47.398+05:30  INFO 99702 --- [academic-service] [trap-executor-0] c.n.d.s.r.aws.ConfigClusterResolver      : Resolving eureka endpoints via configuration
2026-03-26T16:11:24.931+05:30  INFO 99702 --- [academic-service] [ngodb.net:27017] org.mongodb.driver.cluster               : Exception in monitor thread while connecting to server ac-3mufzp1-shard-00-01.4nosy2u.mongodb.net:27017

com.mongodb.MongoSocketReadTimeoutException: Timeout while receiving message
	at com.mongodb.internal.connection.InternalStreamConnection.translateReadException(InternalStreamConnection.java:728) ~[mongodb-driver-core-4.11.2.jar:na]
	at com.mongodb.internal.connection.InternalStreamConnection.receiveMessageWithAdditionalTimeout(InternalStreamConnection.java:606) ~[mongodb-driver-core-4.11.2.jar:na]
	at com.mongodb.internal.connection.InternalStreamConnection.receiveCommandMessageResponse(InternalStreamConnection.java:451) ~[mongodb-driver-core-4.11.2.jar:na]
	at com.mongodb.internal.connection.InternalStreamConnection.receive(InternalStreamConnection.java:404) ~[mongodb-driver-core-4.11.2.jar:na]
	at com.mongodb.internal.connection.DefaultServerMonitor$ServerMonitorRunnable.lookupServerDescription(DefaultServerMonitor.java:221) ~[mongodb-driver-core-4.11.2.jar:na]
	at com.mongodb.internal.connection.DefaultServerMonitor$ServerMonitorRunnable.run(DefaultServerMonitor.java:153) ~[mongodb-driver-core-4.11.2.jar:na]
	at java.base/java.lang.Thread.run(Thread.java:1583) ~[na:na]
Caused by: java.net.SocketTimeoutException: Read timed out
	at java.base/sun.nio.ch.NioSocketImpl.timedRead(NioSocketImpl.java:278) ~[na:na]
	at java.base/sun.nio.ch.NioSocketImpl.implRead(NioSocketImpl.java:304) ~[na:na]
	at java.base/sun.nio.ch.NioSocketImpl.read(NioSocketImpl.java:346) ~[na:na]
	at java.base/sun.nio.ch.NioSocketImpl$1.read(NioSocketImpl.java:796) ~[na:na]
	at java.base/java.net.Socket$SocketInputStream.read(Socket.java:1099) ~[na:na]
	at java.base/sun.security.ssl.SSLSocketInputRecord.read(SSLSocketInputRecord.java:489) ~[na:na]
	at java.base/sun.security.ssl.SSLSocketInputRecord.readHeader(SSLSocketInputRecord.java:483) ~[na:na]
	at java.base/sun.security.ssl.SSLSocketInputRecord.bytesInCompletePacket(SSLSocketInputRecord.java:70) ~[na:na]
	at java.base/sun.security.ssl.SSLSocketImpl.readApplicationRecord(SSLSocketImpl.java:1461) ~[na:na]
	at java.base/sun.security.ssl.SSLSocketImpl$AppInputStream.read(SSLSocketImpl.java:1066) ~[na:na]
	at com.mongodb.internal.connection.SocketStream.read(SocketStream.java:175) ~[mongodb-driver-core-4.11.2.jar:na]
	at com.mongodb.internal.connection.SocketStream.read(SocketStream.java:200) ~[mongodb-driver-core-4.11.2.jar:na]
	at com.mongodb.internal.connection.InternalStreamConnection.receiveResponseBuffers(InternalStreamConnection.java:739) ~[mongodb-driver-core-4.11.2.jar:na]
	at com.mongodb.internal.connection.InternalStreamConnection.receiveMessageWithAdditionalTimeout(InternalStreamConnection.java:603) ~[mongodb-driver-core-4.11.2.jar:na]
	... 5 common frames omitted

2026-03-26T16:11:25.201+05:30  INFO 99702 --- [academic-service] [ngodb.net:27017] org.mongodb.driver.cluster               : Monitor thread successfully connected to server with description ServerDescription{address=ac-3mufzp1-shard-00-01.4nosy2u.mongodb.net:27017, type=REPLICA_SET_PRIMARY, state=CONNECTED, ok=true, minWireVersion=0, maxWireVersion=25, maxDocumentSize=16777216, logicalSessionTimeoutMinutes=30, roundTripTimeNanos=137290333, setName='atlas-hy5sqn-shard-0', canonicalAddress=ac-3mufzp1-shard-00-01.4nosy2u.mongodb.net:27017, hosts=[ac-3mufzp1-shard-00-00.4nosy2u.mongodb.net:27017, ac-3mufzp1-shard-00-02.4nosy2u.mongodb.net:27017, ac-3mufzp1-shard-00-01.4nosy2u.mongodb.net:27017], passives=[], arbiters=[], primary='ac-3mufzp1-shard-00-01.4nosy2u.mongodb.net:27017', tagSet=TagSet{[Tag{name='availabilityZone', value='aps1-az3'}, Tag{name='diskState', value='READY'}, Tag{name='nodeType', value='ELECTABLE'}, Tag{name='provider', value='AWS'}, Tag{name='region', value='AP_SOUTH_1'}, Tag{name='workloadType', value='OPERATIONAL'}]}, electionId=7fffffff00000000000000ca, setVersion=46, topologyVersion=TopologyVersion{processId=69b311797648454b51f7c7a8, counter=6}, lastWriteDate=Thu Mar 26 16:11:25 IST 2026, lastUpdateTimeNanos=150128964797500}
2026-03-26T16:11:25.201+05:30  INFO 99702 --- [academic-service] [ngodb.net:27017] org.mongodb.driver.cluster               : Discovered replica set primary ac-3mufzp1-shard-00-01.4nosy2u.mongodb.net:27017 with max election id 7fffffff00000000000000ca and max set version 46
2026-03-26T16:11:28.208+05:30  INFO 99702 --- [academic-service] [ngodb.net:27017] org.mongodb.driver.cluster               : Exception in monitor thread while connecting to server ac-3mufzp1-shard-00-02.4nosy2u.mongodb.net:27017

com.mongodb.MongoSocketReadTimeoutException: Timeout while receiving message
	at com.mongodb.internal.connection.InternalStreamConnection.translateReadException(InternalStreamConnection.java:728) ~[mongodb-driver-core-4.11.2.jar:na]
	at com.mongodb.internal.connection.InternalStreamConnection.receiveMessageWithAdditionalTimeout(InternalStreamConnection.java:606) ~[mongodb-driver-core-4.11.2.jar:na]
	at com.mongodb.internal.connection.InternalStreamConnection.receiveCommandMessageResponse(InternalStreamConnection.java:451) ~[mongodb-driver-core-4.11.2.jar:na]
	at com.mongodb.internal.connection.InternalStreamConnection.receive(InternalStreamConnection.java:404) ~[mongodb-driver-core-4.11.2.jar:na]
	at com.mongodb.internal.connection.DefaultServerMonitor$ServerMonitorRunnable.lookupServerDescription(DefaultServerMonitor.java:221) ~[mongodb-driver-core-4.11.2.jar:na]
	at com.mongodb.internal.connection.DefaultServerMonitor$ServerMonitorRunnable.run(DefaultServerMonitor.java:153) ~[mongodb-driver-core-4.11.2.jar:na]
	at java.base/java.lang.Thread.run(Thread.java:1583) ~[na:na]
Caused by: java.net.SocketTimeoutException: Read timed out
	at java.base/sun.nio.ch.NioSocketImpl.timedRead(NioSocketImpl.java:278) ~[na:na]
	at java.base/sun.nio.ch.NioSocketImpl.implRead(NioSocketImpl.java:304) ~[na:na]
	at java.base/sun.nio.ch.NioSocketImpl.read(NioSocketImpl.java:346) ~[na:na]
	at java.base/sun.nio.ch.NioSocketImpl$1.read(NioSocketImpl.java:796) ~[na:na]
	at java.base/java.net.Socket$SocketInputStream.read(Socket.java:1099) ~[na:na]
	at java.base/sun.security.ssl.SSLSocketInputRecord.read(SSLSocketInputRecord.java:489) ~[na:na]
	at java.base/sun.security.ssl.SSLSocketInputRecord.readHeader(SSLSocketInputRecord.java:483) ~[na:na]
	at java.base/sun.security.ssl.SSLSocketInputRecord.bytesInCompletePacket(SSLSocketInputRecord.java:70) ~[na:na]
	at java.base/sun.security.ssl.SSLSocketImpl.readApplicationRecord(SSLSocketImpl.java:1461) ~[na:na]
	at java.base/sun.security.ssl.SSLSocketImpl$AppInputStream.read(SSLSocketImpl.java:1066) ~[na:na]
	at com.mongodb.internal.connection.SocketStream.read(SocketStream.java:175) ~[mongodb-driver-core-4.11.2.jar:na]
	at com.mongodb.internal.connection.SocketStream.read(SocketStream.java:200) ~[mongodb-driver-core-4.11.2.jar:na]
	at com.mongodb.internal.connection.InternalStreamConnection.receiveResponseBuffers(InternalStreamConnection.java:739) ~[mongodb-driver-core-4.11.2.jar:na]
	at com.mongodb.internal.connection.InternalStreamConnection.receiveMessageWithAdditionalTimeout(InternalStreamConnection.java:603) ~[mongodb-driver-core-4.11.2.jar:na]
	... 5 common frames omitted

2026-03-26T16:11:28.377+05:30  INFO 99702 --- [academic-service] [ngodb.net:27017] org.mongodb.driver.cluster               : Monitor thread successfully connected to server with description ServerDescription{address=ac-3mufzp1-shard-00-02.4nosy2u.mongodb.net:27017, type=REPLICA_SET_SECONDARY, state=CONNECTED, ok=true, minWireVersion=0, maxWireVersion=25, maxDocumentSize=16777216, logicalSessionTimeoutMinutes=30, roundTripTimeNanos=90340333, setName='atlas-hy5sqn-shard-0', canonicalAddress=ac-3mufzp1-shard-00-02.4nosy2u.mongodb.net:27017, hosts=[ac-3mufzp1-shard-00-00.4nosy2u.mongodb.net:27017, ac-3mufzp1-shard-00-02.4nosy2u.mongodb.net:27017, ac-3mufzp1-shard-00-01.4nosy2u.mongodb.net:27017], passives=[], arbiters=[], primary='ac-3mufzp1-shard-00-01.4nosy2u.mongodb.net:27017', tagSet=TagSet{[Tag{name='availabilityZone', value='aps1-az2'}, Tag{name='diskState', value='READY'}, Tag{name='nodeType', value='ELECTABLE'}, Tag{name='provider', value='AWS'}, Tag{name='region', value='AP_SOUTH_1'}, Tag{name='workloadType', value='OPERATIONAL'}]}, electionId=null, setVersion=46, topologyVersion=TopologyVersion{processId=69b31436cf980eb974c6b7c1, counter=3}, lastWriteDate=Thu Mar 26 16:11:28 IST 2026, lastUpdateTimeNanos=150132152751125}
2026-03-26T16:11:28.566+05:30  INFO 99702 --- [academic-service] [ngodb.net:27017] org.mongodb.driver.cluster               : Exception in monitor thread while connecting to server ac-3mufzp1-shard-00-00.4nosy2u.mongodb.net:27017

com.mongodb.MongoSocketReadTimeoutException: Timeout while receiving message
	at com.mongodb.internal.connection.InternalStreamConnection.translateReadException(InternalStreamConnection.java:728) ~[mongodb-driver-core-4.11.2.jar:na]
	at com.mongodb.internal.connection.InternalStreamConnection.receiveMessageWithAdditionalTimeout(InternalStreamConnection.java:606) ~[mongodb-driver-core-4.11.2.jar:na]
	at com.mongodb.internal.connection.InternalStreamConnection.receiveCommandMessageResponse(InternalStreamConnection.java:451) ~[mongodb-driver-core-4.11.2.jar:na]
	at com.mongodb.internal.connection.InternalStreamConnection.receive(InternalStreamConnection.java:404) ~[mongodb-driver-core-4.11.2.jar:na]
	at com.mongodb.internal.connection.DefaultServerMonitor$ServerMonitorRunnable.lookupServerDescription(DefaultServerMonitor.java:221) ~[mongodb-driver-core-4.11.2.jar:na]
	at com.mongodb.internal.connection.DefaultServerMonitor$ServerMonitorRunnable.run(DefaultServerMonitor.java:153) ~[mongodb-driver-core-4.11.2.jar:na]
	at java.base/java.lang.Thread.run(Thread.java:1583) ~[na:na]
Caused by: java.net.SocketTimeoutException: Read timed out
	at java.base/sun.nio.ch.NioSocketImpl.timedRead(NioSocketImpl.java:278) ~[na:na]
	at java.base/sun.nio.ch.NioSocketImpl.implRead(NioSocketImpl.java:304) ~[na:na]
	at java.base/sun.nio.ch.NioSocketImpl.read(NioSocketImpl.java:346) ~[na:na]
	at java.base/sun.nio.ch.NioSocketImpl$1.read(NioSocketImpl.java:796) ~[na:na]
	at java.base/java.net.Socket$SocketInputStream.read(Socket.java:1099) ~[na:na]
	at java.base/sun.security.ssl.SSLSocketInputRecord.read(SSLSocketInputRecord.java:489) ~[na:na]
	at java.base/sun.security.ssl.SSLSocketInputRecord.readHeader(SSLSocketInputRecord.java:483) ~[na:na]
	at java.base/sun.security.ssl.SSLSocketInputRecord.bytesInCompletePacket(SSLSocketInputRecord.java:70) ~[na:na]
	at java.base/sun.security.ssl.SSLSocketImpl.readApplicationRecord(SSLSocketImpl.java:1461) ~[na:na]
	at java.base/sun.security.ssl.SSLSocketImpl$AppInputStream.read(SSLSocketImpl.java:1066) ~[na:na]
	at com.mongodb.internal.connection.SocketStream.read(SocketStream.java:175) ~[mongodb-driver-core-4.11.2.jar:na]
	at com.mongodb.internal.connection.SocketStream.read(SocketStream.java:200) ~[mongodb-driver-core-4.11.2.jar:na]
	at com.mongodb.internal.connection.InternalStreamConnection.receiveResponseBuffers(InternalStreamConnection.java:739) ~[mongodb-driver-core-4.11.2.jar:na]
	at com.mongodb.internal.connection.InternalStreamConnection.receiveMessageWithAdditionalTimeout(InternalStreamConnection.java:603) ~[mongodb-driver-core-4.11.2.jar:na]
	... 5 common frames omitted

2026-03-26T16:11:28.728+05:30  INFO 99702 --- [academic-service] [ngodb.net:27017] org.mongodb.driver.cluster               : Monitor thread successfully connected to server with description ServerDescription{address=ac-3mufzp1-shard-00-00.4nosy2u.mongodb.net:27017, type=REPLICA_SET_SECONDARY, state=CONNECTED, ok=true, minWireVersion=0, maxWireVersion=25, maxDocumentSize=16777216, logicalSessionTimeoutMinutes=30, roundTripTimeNanos=86458041, setName='atlas-hy5sqn-shard-0', canonicalAddress=ac-3mufzp1-shard-00-00.4nosy2u.mongodb.net:27017, hosts=[ac-3mufzp1-shard-00-00.4nosy2u.mongodb.net:27017, ac-3mufzp1-shard-00-02.4nosy2u.mongodb.net:27017, ac-3mufzp1-shard-00-01.4nosy2u.mongodb.net:27017], passives=[], arbiters=[], primary='ac-3mufzp1-shard-00-01.4nosy2u.mongodb.net:27017', tagSet=TagSet{[Tag{name='availabilityZone', value='aps1-az1'}, Tag{name='diskState', value='READY'}, Tag{name='nodeType', value='ELECTABLE'}, Tag{name='provider', value='AWS'}, Tag{name='region', value='AP_SOUTH_1'}, Tag{name='workloadType', value='OPERATIONAL'}]}, electionId=null, setVersion=46, topologyVersion=TopologyVersion{processId=69b30edff67384ce6d9efce1, counter=4}, lastWriteDate=Thu Mar 26 16:11:28 IST 2026, lastUpdateTimeNanos=150132503958333}
2026-03-26T16:46:43.153+05:30  INFO 99702 --- [academic-service] [ngodb.net:27017] org.mongodb.driver.cluster               : Exception in monitor thread while connecting to server ac-3mufzp1-shard-00-01.4nosy2u.mongodb.net:27017

com.mongodb.MongoSocketReadTimeoutException: Timeout while receiving message
	at com.mongodb.internal.connection.InternalStreamConnection.translateReadException(InternalStreamConnection.java:728) ~[mongodb-driver-core-4.11.2.jar:na]
	at com.mongodb.internal.connection.InternalStreamConnection.receiveMessageWithAdditionalTimeout(InternalStreamConnection.java:606) ~[mongodb-driver-core-4.11.2.jar:na]
	at com.mongodb.internal.connection.InternalStreamConnection.receiveCommandMessageResponse(InternalStreamConnection.java:451) ~[mongodb-driver-core-4.11.2.jar:na]
	at com.mongodb.internal.connection.InternalStreamConnection.receive(InternalStreamConnection.java:404) ~[mongodb-driver-core-4.11.2.jar:na]
	at com.mongodb.internal.connection.DefaultServerMonitor$ServerMonitorRunnable.lookupServerDescription(DefaultServerMonitor.java:221) ~[mongodb-driver-core-4.11.2.jar:na]
	at com.mongodb.internal.connection.DefaultServerMonitor$ServerMonitorRunnable.run(DefaultServerMonitor.java:153) ~[mongodb-driver-core-4.11.2.jar:na]
	at java.base/java.lang.Thread.run(Thread.java:1583) ~[na:na]
Caused by: java.net.SocketTimeoutException: Read timed out
	at java.base/sun.nio.ch.NioSocketImpl.timedRead(NioSocketImpl.java:278) ~[na:na]
	at java.base/sun.nio.ch.NioSocketImpl.implRead(NioSocketImpl.java:304) ~[na:na]
	at java.base/sun.nio.ch.NioSocketImpl.read(NioSocketImpl.java:346) ~[na:na]
	at java.base/sun.nio.ch.NioSocketImpl$1.read(NioSocketImpl.java:796) ~[na:na]
	at java.base/java.net.Socket$SocketInputStream.read(Socket.java:1099) ~[na:na]
	at java.base/sun.security.ssl.SSLSocketInputRecord.read(SSLSocketInputRecord.java:489) ~[na:na]
	at java.base/sun.security.ssl.SSLSocketInputRecord.readHeader(SSLSocketInputRecord.java:483) ~[na:na]
	at java.base/sun.security.ssl.SSLSocketInputRecord.bytesInCompletePacket(SSLSocketInputRecord.java:70) ~[na:na]
	at java.base/sun.security.ssl.SSLSocketImpl.readApplicationRecord(SSLSocketImpl.java:1461) ~[na:na]
	at java.base/sun.security.ssl.SSLSocketImpl$AppInputStream.read(SSLSocketImpl.java:1066) ~[na:na]
	at com.mongodb.internal.connection.SocketStream.read(SocketStream.java:175) ~[mongodb-driver-core-4.11.2.jar:na]
	at com.mongodb.internal.connection.SocketStream.read(SocketStream.java:200) ~[mongodb-driver-core-4.11.2.jar:na]
	at com.mongodb.internal.connection.InternalStreamConnection.receiveResponseBuffers(InternalStreamConnection.java:739) ~[mongodb-driver-core-4.11.2.jar:na]
	at com.mongodb.internal.connection.InternalStreamConnection.receiveMessageWithAdditionalTimeout(InternalStreamConnection.java:603) ~[mongodb-driver-core-4.11.2.jar:na]
	... 5 common frames omitted

2026-03-26T16:46:43.305+05:30  INFO 99702 --- [academic-service] [ngodb.net:27017] org.mongodb.driver.cluster               : Monitor thread successfully connected to server with description ServerDescription{address=ac-3mufzp1-shard-00-01.4nosy2u.mongodb.net:27017, type=REPLICA_SET_PRIMARY, state=CONNECTED, ok=true, minWireVersion=0, maxWireVersion=25, maxDocumentSize=16777216, logicalSessionTimeoutMinutes=30, roundTripTimeNanos=100146917, setName='atlas-hy5sqn-shard-0', canonicalAddress=ac-3mufzp1-shard-00-01.4nosy2u.mongodb.net:27017, hosts=[ac-3mufzp1-shard-00-00.4nosy2u.mongodb.net:27017, ac-3mufzp1-shard-00-02.4nosy2u.mongodb.net:27017, ac-3mufzp1-shard-00-01.4nosy2u.mongodb.net:27017], passives=[], arbiters=[], primary='ac-3mufzp1-shard-00-01.4nosy2u.mongodb.net:27017', tagSet=TagSet{[Tag{name='availabilityZone', value='aps1-az3'}, Tag{name='diskState', value='READY'}, Tag{name='nodeType', value='ELECTABLE'}, Tag{name='provider', value='AWS'}, Tag{name='region', value='AP_SOUTH_1'}, Tag{name='workloadType', value='OPERATIONAL'}]}, electionId=7fffffff00000000000000ca, setVersion=46, topologyVersion=TopologyVersion{processId=69b311797648454b51f7c7a8, counter=6}, lastWriteDate=Thu Mar 26 16:46:43 IST 2026, lastUpdateTimeNanos=150149174200333}
2026-03-26T16:46:43.306+05:30  INFO 99702 --- [academic-service] [ngodb.net:27017] org.mongodb.driver.cluster               : Discovered replica set primary ac-3mufzp1-shard-00-01.4nosy2u.mongodb.net:27017 with max election id 7fffffff00000000000000ca and max set version 46
2026-03-26T16:46:46.351+05:30  INFO 99702 --- [academic-service] [ngodb.net:27017] org.mongodb.driver.cluster               : Exception in monitor thread while connecting to server ac-3mufzp1-shard-00-02.4nosy2u.mongodb.net:27017

com.mongodb.MongoSocketReadTimeoutException: Timeout while receiving message
	at com.mongodb.internal.connection.InternalStreamConnection.translateReadException(InternalStreamConnection.java:728) ~[mongodb-driver-core-4.11.2.jar:na]
	at com.mongodb.internal.connection.InternalStreamConnection.receiveMessageWithAdditionalTimeout(InternalStreamConnection.java:606) ~[mongodb-driver-core-4.11.2.jar:na]
	at com.mongodb.internal.connection.InternalStreamConnection.receiveCommandMessageResponse(InternalStreamConnection.java:451) ~[mongodb-driver-core-4.11.2.jar:na]
	at com.mongodb.internal.connection.InternalStreamConnection.receive(InternalStreamConnection.java:404) ~[mongodb-driver-core-4.11.2.jar:na]
	at com.mongodb.internal.connection.DefaultServerMonitor$ServerMonitorRunnable.lookupServerDescription(DefaultServerMonitor.java:221) ~[mongodb-driver-core-4.11.2.jar:na]
	at com.mongodb.internal.connection.DefaultServerMonitor$ServerMonitorRunnable.run(DefaultServerMonitor.java:153) ~[mongodb-driver-core-4.11.2.jar:na]
	at java.base/java.lang.Thread.run(Thread.java:1583) ~[na:na]
Caused by: java.net.SocketTimeoutException: Read timed out
	at java.base/sun.nio.ch.NioSocketImpl.timedRead(NioSocketImpl.java:278) ~[na:na]
	at java.base/sun.nio.ch.NioSocketImpl.implRead(NioSocketImpl.java:304) ~[na:na]
	at java.base/sun.nio.ch.NioSocketImpl.read(NioSocketImpl.java:346) ~[na:na]
	at java.base/sun.nio.ch.NioSocketImpl$1.read(NioSocketImpl.java:796) ~[na:na]
	at java.base/java.net.Socket$SocketInputStream.read(Socket.java:1099) ~[na:na]
	at java.base/sun.security.ssl.SSLSocketInputRecord.read(SSLSocketInputRecord.java:489) ~[na:na]
	at java.base/sun.security.ssl.SSLSocketInputRecord.readHeader(SSLSocketInputRecord.java:483) ~[na:na]
	at java.base/sun.security.ssl.SSLSocketInputRecord.bytesInCompletePacket(SSLSocketInputRecord.java:70) ~[na:na]
	at java.base/sun.security.ssl.SSLSocketImpl.readApplicationRecord(SSLSocketImpl.java:1461) ~[na:na]
	at java.base/sun.security.ssl.SSLSocketImpl$AppInputStream.read(SSLSocketImpl.java:1066) ~[na:na]
	at com.mongodb.internal.connection.SocketStream.read(SocketStream.java:175) ~[mongodb-driver-core-4.11.2.jar:na]
	at com.mongodb.internal.connection.SocketStream.read(SocketStream.java:200) ~[mongodb-driver-core-4.11.2.jar:na]
	at com.mongodb.internal.connection.InternalStreamConnection.receiveResponseBuffers(InternalStreamConnection.java:739) ~[mongodb-driver-core-4.11.2.jar:na]
	at com.mongodb.internal.connection.InternalStreamConnection.receiveMessageWithAdditionalTimeout(InternalStreamConnection.java:603) ~[mongodb-driver-core-4.11.2.jar:na]
	... 5 common frames omitted

2026-03-26T16:46:46.528+05:30  INFO 99702 --- [academic-service] [ngodb.net:27017] org.mongodb.driver.cluster               : Monitor thread successfully connected to server with description ServerDescription{address=ac-3mufzp1-shard-00-02.4nosy2u.mongodb.net:27017, type=REPLICA_SET_SECONDARY, state=CONNECTED, ok=true, minWireVersion=0, maxWireVersion=25, maxDocumentSize=16777216, logicalSessionTimeoutMinutes=30, roundTripTimeNanos=122933083, setName='atlas-hy5sqn-shard-0', canonicalAddress=ac-3mufzp1-shard-00-02.4nosy2u.mongodb.net:27017, hosts=[ac-3mufzp1-shard-00-00.4nosy2u.mongodb.net:27017, ac-3mufzp1-shard-00-02.4nosy2u.mongodb.net:27017, ac-3mufzp1-shard-00-01.4nosy2u.mongodb.net:27017], passives=[], arbiters=[], primary='ac-3mufzp1-shard-00-01.4nosy2u.mongodb.net:27017', tagSet=TagSet{[Tag{name='availabilityZone', value='aps1-az2'}, Tag{name='diskState', value='READY'}, Tag{name='nodeType', value='ELECTABLE'}, Tag{name='provider', value='AWS'}, Tag{name='region', value='AP_SOUTH_1'}, Tag{name='workloadType', value='OPERATIONAL'}]}, electionId=null, setVersion=46, topologyVersion=TopologyVersion{processId=69b31436cf980eb974c6b7c1, counter=3}, lastWriteDate=Thu Mar 26 16:46:46 IST 2026, lastUpdateTimeNanos=150152398370375}
2026-03-26T16:46:46.713+05:30  INFO 99702 --- [academic-service] [ngodb.net:27017] org.mongodb.driver.cluster               : Exception in monitor thread while connecting to server ac-3mufzp1-shard-00-00.4nosy2u.mongodb.net:27017

com.mongodb.MongoSocketReadTimeoutException: Timeout while receiving message
	at com.mongodb.internal.connection.InternalStreamConnection.translateReadException(InternalStreamConnection.java:728) ~[mongodb-driver-core-4.11.2.jar:na]
	at com.mongodb.internal.connection.InternalStreamConnection.receiveMessageWithAdditionalTimeout(InternalStreamConnection.java:606) ~[mongodb-driver-core-4.11.2.jar:na]
	at com.mongodb.internal.connection.InternalStreamConnection.receiveCommandMessageResponse(InternalStreamConnection.java:451) ~[mongodb-driver-core-4.11.2.jar:na]
	at com.mongodb.internal.connection.InternalStreamConnection.receive(InternalStreamConnection.java:404) ~[mongodb-driver-core-4.11.2.jar:na]
	at com.mongodb.internal.connection.DefaultServerMonitor$ServerMonitorRunnable.lookupServerDescription(DefaultServerMonitor.java:221) ~[mongodb-driver-core-4.11.2.jar:na]
	at com.mongodb.internal.connection.DefaultServerMonitor$ServerMonitorRunnable.run(DefaultServerMonitor.java:153) ~[mongodb-driver-core-4.11.2.jar:na]
	at java.base/java.lang.Thread.run(Thread.java:1583) ~[na:na]
Caused by: java.net.SocketTimeoutException: Read timed out
	at java.base/sun.nio.ch.NioSocketImpl.timedRead(NioSocketImpl.java:278) ~[na:na]
	at java.base/sun.nio.ch.NioSocketImpl.implRead(NioSocketImpl.java:304) ~[na:na]
	at java.base/sun.nio.ch.NioSocketImpl.read(NioSocketImpl.java:346) ~[na:na]
	at java.base/sun.nio.ch.NioSocketImpl$1.read(NioSocketImpl.java:796) ~[na:na]
	at java.base/java.net.Socket$SocketInputStream.read(Socket.java:1099) ~[na:na]
	at java.base/sun.security.ssl.SSLSocketInputRecord.read(SSLSocketInputRecord.java:489) ~[na:na]
	at java.base/sun.security.ssl.SSLSocketInputRecord.readHeader(SSLSocketInputRecord.java:483) ~[na:na]
	at java.base/sun.security.ssl.SSLSocketInputRecord.bytesInCompletePacket(SSLSocketInputRecord.java:70) ~[na:na]
	at java.base/sun.security.ssl.SSLSocketImpl.readApplicationRecord(SSLSocketImpl.java:1461) ~[na:na]
	at java.base/sun.security.ssl.SSLSocketImpl$AppInputStream.read(SSLSocketImpl.java:1066) ~[na:na]
	at com.mongodb.internal.connection.SocketStream.read(SocketStream.java:175) ~[mongodb-driver-core-4.11.2.jar:na]
	at com.mongodb.internal.connection.SocketStream.read(SocketStream.java:200) ~[mongodb-driver-core-4.11.2.jar:na]
	at com.mongodb.internal.connection.InternalStreamConnection.receiveResponseBuffers(InternalStreamConnection.java:739) ~[mongodb-driver-core-4.11.2.jar:na]
	at com.mongodb.internal.connection.InternalStreamConnection.receiveMessageWithAdditionalTimeout(InternalStreamConnection.java:603) ~[mongodb-driver-core-4.11.2.jar:na]
	... 5 common frames omitted

2026-03-26T16:46:46.838+05:30  INFO 99702 --- [academic-service] [ngodb.net:27017] org.mongodb.driver.cluster               : Monitor thread successfully connected to server with description ServerDescription{address=ac-3mufzp1-shard-00-00.4nosy2u.mongodb.net:27017, type=REPLICA_SET_SECONDARY, state=CONNECTED, ok=true, minWireVersion=0, maxWireVersion=25, maxDocumentSize=16777216, logicalSessionTimeoutMinutes=30, roundTripTimeNanos=84852458, setName='atlas-hy5sqn-shard-0', canonicalAddress=ac-3mufzp1-shard-00-00.4nosy2u.mongodb.net:27017, hosts=[ac-3mufzp1-shard-00-00.4nosy2u.mongodb.net:27017, ac-3mufzp1-shard-00-02.4nosy2u.mongodb.net:27017, ac-3mufzp1-shard-00-01.4nosy2u.mongodb.net:27017], passives=[], arbiters=[], primary='ac-3mufzp1-shard-00-01.4nosy2u.mongodb.net:27017', tagSet=TagSet{[Tag{name='availabilityZone', value='aps1-az1'}, Tag{name='diskState', value='READY'}, Tag{name='nodeType', value='ELECTABLE'}, Tag{name='provider', value='AWS'}, Tag{name='region', value='AP_SOUTH_1'}, Tag{name='workloadType', value='OPERATIONAL'}]}, electionId=null, setVersion=46, topologyVersion=TopologyVersion{processId=69b30edff67384ce6d9efce1, counter=4}, lastWriteDate=Thu Mar 26 16:46:46 IST 2026, lastUpdateTimeNanos=150152709002416}
2026-03-26T16:50:38.335+05:30  INFO 99702 --- [academic-service] [ngodb.net:27017] org.mongodb.driver.cluster               : Exception in monitor thread while connecting to server ac-3mufzp1-shard-00-01.4nosy2u.mongodb.net:27017

com.mongodb.MongoSocketReadTimeoutException: Timeout while receiving message
	at com.mongodb.internal.connection.InternalStreamConnection.translateReadException(InternalStreamConnection.java:728) ~[mongodb-driver-core-4.11.2.jar:na]
	at com.mongodb.internal.connection.InternalStreamConnection.receiveMessageWithAdditionalTimeout(InternalStreamConnection.java:606) ~[mongodb-driver-core-4.11.2.jar:na]
	at com.mongodb.internal.connection.InternalStreamConnection.receiveCommandMessageResponse(InternalStreamConnection.java:451) ~[mongodb-driver-core-4.11.2.jar:na]
	at com.mongodb.internal.connection.InternalStreamConnection.receive(InternalStreamConnection.java:404) ~[mongodb-driver-core-4.11.2.jar:na]
	at com.mongodb.internal.connection.DefaultServerMonitor$ServerMonitorRunnable.lookupServerDescription(DefaultServerMonitor.java:221) ~[mongodb-driver-core-4.11.2.jar:na]
	at com.mongodb.internal.connection.DefaultServerMonitor$ServerMonitorRunnable.run(DefaultServerMonitor.java:153) ~[mongodb-driver-core-4.11.2.jar:na]
	at java.base/java.lang.Thread.run(Thread.java:1583) ~[na:na]
Caused by: java.net.SocketTimeoutException: Read timed out
	at java.base/sun.nio.ch.NioSocketImpl.timedRead(NioSocketImpl.java:278) ~[na:na]
	at java.base/sun.nio.ch.NioSocketImpl.implRead(NioSocketImpl.java:304) ~[na:na]
	at java.base/sun.nio.ch.NioSocketImpl.read(NioSocketImpl.java:346) ~[na:na]
	at java.base/sun.nio.ch.NioSocketImpl$1.read(NioSocketImpl.java:796) ~[na:na]
	at java.base/java.net.Socket$SocketInputStream.read(Socket.java:1099) ~[na:na]
	at java.base/sun.security.ssl.SSLSocketInputRecord.read(SSLSocketInputRecord.java:489) ~[na:na]
	at java.base/sun.security.ssl.SSLSocketInputRecord.readHeader(SSLSocketInputRecord.java:483) ~[na:na]
	at java.base/sun.security.ssl.SSLSocketInputRecord.bytesInCompletePacket(SSLSocketInputRecord.java:70) ~[na:na]
	at java.base/sun.security.ssl.SSLSocketImpl.readApplicationRecord(SSLSocketImpl.java:1461) ~[na:na]
	at java.base/sun.security.ssl.SSLSocketImpl$AppInputStream.read(SSLSocketImpl.java:1066) ~[na:na]
	at com.mongodb.internal.connection.SocketStream.read(SocketStream.java:175) ~[mongodb-driver-core-4.11.2.jar:na]
	at com.mongodb.internal.connection.SocketStream.read(SocketStream.java:200) ~[mongodb-driver-core-4.11.2.jar:na]
	at com.mongodb.internal.connection.InternalStreamConnection.receiveResponseBuffers(InternalStreamConnection.java:739) ~[mongodb-driver-core-4.11.2.jar:na]
	at com.mongodb.internal.connection.InternalStreamConnection.receiveMessageWithAdditionalTimeout(InternalStreamConnection.java:603) ~[mongodb-driver-core-4.11.2.jar:na]
	... 5 common frames omitted

2026-03-26T16:50:38.727+05:30  INFO 99702 --- [academic-service] [ngodb.net:27017] org.mongodb.driver.cluster               : Monitor thread successfully connected to server with description ServerDescription{address=ac-3mufzp1-shard-00-01.4nosy2u.mongodb.net:27017, type=REPLICA_SET_PRIMARY, state=CONNECTED, ok=true, minWireVersion=0, maxWireVersion=25, maxDocumentSize=16777216, logicalSessionTimeoutMinutes=30, roundTripTimeNanos=145576833, setName='atlas-hy5sqn-shard-0', canonicalAddress=ac-3mufzp1-shard-00-01.4nosy2u.mongodb.net:27017, hosts=[ac-3mufzp1-shard-00-00.4nosy2u.mongodb.net:27017, ac-3mufzp1-shard-00-02.4nosy2u.mongodb.net:27017, ac-3mufzp1-shard-00-01.4nosy2u.mongodb.net:27017], passives=[], arbiters=[], primary='ac-3mufzp1-shard-00-01.4nosy2u.mongodb.net:27017', tagSet=TagSet{[Tag{name='availabilityZone', value='aps1-az3'}, Tag{name='diskState', value='READY'}, Tag{name='nodeType', value='ELECTABLE'}, Tag{name='provider', value='AWS'}, Tag{name='region', value='AP_SOUTH_1'}, Tag{name='workloadType', value='OPERATIONAL'}]}, electionId=7fffffff00000000000000ca, setVersion=46, topologyVersion=TopologyVersion{processId=69b311797648454b51f7c7a8, counter=6}, lastWriteDate=Thu Mar 26 16:50:38 IST 2026, lastUpdateTimeNanos=150189615460458}
2026-03-26T16:50:38.728+05:30  INFO 99702 --- [academic-service] [ngodb.net:27017] org.mongodb.driver.cluster               : Discovered replica set primary ac-3mufzp1-shard-00-01.4nosy2u.mongodb.net:27017 with max election id 7fffffff00000000000000ca and max set version 46
2026-03-26T16:50:41.561+05:30  INFO 99702 --- [academic-service] [ngodb.net:27017] org.mongodb.driver.cluster               : Exception in monitor thread while connecting to server ac-3mufzp1-shard-00-02.4nosy2u.mongodb.net:27017

com.mongodb.MongoSocketReadTimeoutException: Timeout while receiving message
	at com.mongodb.internal.connection.InternalStreamConnection.translateReadException(InternalStreamConnection.java:728) ~[mongodb-driver-core-4.11.2.jar:na]
	at com.mongodb.internal.connection.InternalStreamConnection.receiveMessageWithAdditionalTimeout(InternalStreamConnection.java:606) ~[mongodb-driver-core-4.11.2.jar:na]
	at com.mongodb.internal.connection.InternalStreamConnection.receiveCommandMessageResponse(InternalStreamConnection.java:451) ~[mongodb-driver-core-4.11.2.jar:na]
	at com.mongodb.internal.connection.InternalStreamConnection.receive(InternalStreamConnection.java:404) ~[mongodb-driver-core-4.11.2.jar:na]
	at com.mongodb.internal.connection.DefaultServerMonitor$ServerMonitorRunnable.lookupServerDescription(DefaultServerMonitor.java:221) ~[mongodb-driver-core-4.11.2.jar:na]
	at com.mongodb.internal.connection.DefaultServerMonitor$ServerMonitorRunnable.run(DefaultServerMonitor.java:153) ~[mongodb-driver-core-4.11.2.jar:na]
	at java.base/java.lang.Thread.run(Thread.java:1583) ~[na:na]
Caused by: java.net.SocketTimeoutException: Read timed out
	at java.base/sun.nio.ch.NioSocketImpl.timedRead(NioSocketImpl.java:278) ~[na:na]
	at java.base/sun.nio.ch.NioSocketImpl.implRead(NioSocketImpl.java:304) ~[na:na]
	at java.base/sun.nio.ch.NioSocketImpl.read(NioSocketImpl.java:346) ~[na:na]
	at java.base/sun.nio.ch.NioSocketImpl$1.read(NioSocketImpl.java:796) ~[na:na]
	at java.base/java.net.Socket$SocketInputStream.read(Socket.java:1099) ~[na:na]
	at java.base/sun.security.ssl.SSLSocketInputRecord.read(SSLSocketInputRecord.java:489) ~[na:na]
	at java.base/sun.security.ssl.SSLSocketInputRecord.readHeader(SSLSocketInputRecord.java:483) ~[na:na]
	at java.base/sun.security.ssl.SSLSocketInputRecord.bytesInCompletePacket(SSLSocketInputRecord.java:70) ~[na:na]
	at java.base/sun.security.ssl.SSLSocketImpl.readApplicationRecord(SSLSocketImpl.java:1461) ~[na:na]
	at java.base/sun.security.ssl.SSLSocketImpl$AppInputStream.read(SSLSocketImpl.java:1066) ~[na:na]
	at com.mongodb.internal.connection.SocketStream.read(SocketStream.java:175) ~[mongodb-driver-core-4.11.2.jar:na]
	at com.mongodb.internal.connection.SocketStream.read(SocketStream.java:200) ~[mongodb-driver-core-4.11.2.jar:na]
	at com.mongodb.internal.connection.InternalStreamConnection.receiveResponseBuffers(InternalStreamConnection.java:739) ~[mongodb-driver-core-4.11.2.jar:na]
	at com.mongodb.internal.connection.InternalStreamConnection.receiveMessageWithAdditionalTimeout(InternalStreamConnection.java:603) ~[mongodb-driver-core-4.11.2.jar:na]
	... 5 common frames omitted

2026-03-26T16:50:41.667+05:30  INFO 99702 --- [academic-service] [ngodb.net:27017] org.mongodb.driver.cluster               : Monitor thread successfully connected to server with description ServerDescription{address=ac-3mufzp1-shard-00-02.4nosy2u.mongodb.net:27017, type=REPLICA_SET_SECONDARY, state=CONNECTED, ok=true, minWireVersion=0, maxWireVersion=25, maxDocumentSize=16777216, logicalSessionTimeoutMinutes=30, roundTripTimeNanos=52326791, setName='atlas-hy5sqn-shard-0', canonicalAddress=ac-3mufzp1-shard-00-02.4nosy2u.mongodb.net:27017, hosts=[ac-3mufzp1-shard-00-00.4nosy2u.mongodb.net:27017, ac-3mufzp1-shard-00-02.4nosy2u.mongodb.net:27017, ac-3mufzp1-shard-00-01.4nosy2u.mongodb.net:27017], passives=[], arbiters=[], primary='ac-3mufzp1-shard-00-01.4nosy2u.mongodb.net:27017', tagSet=TagSet{[Tag{name='availabilityZone', value='aps1-az2'}, Tag{name='diskState', value='READY'}, Tag{name='nodeType', value='ELECTABLE'}, Tag{name='provider', value='AWS'}, Tag{name='region', value='AP_SOUTH_1'}, Tag{name='workloadType', value='OPERATIONAL'}]}, electionId=null, setVersion=46, topologyVersion=TopologyVersion{processId=69b31436cf980eb974c6b7c1, counter=3}, lastWriteDate=Thu Mar 26 16:50:41 IST 2026, lastUpdateTimeNanos=150192555014750}
2026-03-26T16:50:41.877+05:30  INFO 99702 --- [academic-service] [ngodb.net:27017] org.mongodb.driver.cluster               : Exception in monitor thread while connecting to server ac-3mufzp1-shard-00-00.4nosy2u.mongodb.net:27017

com.mongodb.MongoSocketReadTimeoutException: Timeout while receiving message
	at com.mongodb.internal.connection.InternalStreamConnection.translateReadException(InternalStreamConnection.java:728) ~[mongodb-driver-core-4.11.2.jar:na]
	at com.mongodb.internal.connection.InternalStreamConnection.receiveMessageWithAdditionalTimeout(InternalStreamConnection.java:606) ~[mongodb-driver-core-4.11.2.jar:na]
	at com.mongodb.internal.connection.InternalStreamConnection.receiveCommandMessageResponse(InternalStreamConnection.java:451) ~[mongodb-driver-core-4.11.2.jar:na]
	at com.mongodb.internal.connection.InternalStreamConnection.receive(InternalStreamConnection.java:404) ~[mongodb-driver-core-4.11.2.jar:na]
	at com.mongodb.internal.connection.DefaultServerMonitor$ServerMonitorRunnable.lookupServerDescription(DefaultServerMonitor.java:221) ~[mongodb-driver-core-4.11.2.jar:na]
	at com.mongodb.internal.connection.DefaultServerMonitor$ServerMonitorRunnable.run(DefaultServerMonitor.java:153) ~[mongodb-driver-core-4.11.2.jar:na]
	at java.base/java.lang.Thread.run(Thread.java:1583) ~[na:na]
Caused by: java.net.SocketTimeoutException: Read timed out
	at java.base/sun.nio.ch.NioSocketImpl.timedRead(NioSocketImpl.java:278) ~[na:na]
	at java.base/sun.nio.ch.NioSocketImpl.implRead(NioSocketImpl.java:304) ~[na:na]
	at java.base/sun.nio.ch.NioSocketImpl.read(NioSocketImpl.java:346) ~[na:na]
	at java.base/sun.nio.ch.NioSocketImpl$1.read(NioSocketImpl.java:796) ~[na:na]
	at java.base/java.net.Socket$SocketInputStream.read(Socket.java:1099) ~[na:na]
	at java.base/sun.security.ssl.SSLSocketInputRecord.read(SSLSocketInputRecord.java:489) ~[na:na]
	at java.base/sun.security.ssl.SSLSocketInputRecord.readHeader(SSLSocketInputRecord.java:483) ~[na:na]
	at java.base/sun.security.ssl.SSLSocketInputRecord.bytesInCompletePacket(SSLSocketInputRecord.java:70) ~[na:na]
	at java.base/sun.security.ssl.SSLSocketImpl.readApplicationRecord(SSLSocketImpl.java:1461) ~[na:na]
	at java.base/sun.security.ssl.SSLSocketImpl$AppInputStream.read(SSLSocketImpl.java:1066) ~[na:na]
	at com.mongodb.internal.connection.SocketStream.read(SocketStream.java:175) ~[mongodb-driver-core-4.11.2.jar:na]
	at com.mongodb.internal.connection.SocketStream.read(SocketStream.java:200) ~[mongodb-driver-core-4.11.2.jar:na]
	at com.mongodb.internal.connection.InternalStreamConnection.receiveResponseBuffers(InternalStreamConnection.java:739) ~[mongodb-driver-core-4.11.2.jar:na]
	at com.mongodb.internal.connection.InternalStreamConnection.receiveMessageWithAdditionalTimeout(InternalStreamConnection.java:603) ~[mongodb-driver-core-4.11.2.jar:na]
	... 5 common frames omitted

2026-03-26T16:50:41.952+05:30  INFO 99702 --- [academic-service] [ngodb.net:27017] org.mongodb.driver.cluster               : Monitor thread successfully connected to server with description ServerDescription{address=ac-3mufzp1-shard-00-00.4nosy2u.mongodb.net:27017, type=REPLICA_SET_SECONDARY, state=CONNECTED, ok=true, minWireVersion=0, maxWireVersion=25, maxDocumentSize=16777216, logicalSessionTimeoutMinutes=30, roundTripTimeNanos=52235583, setName='atlas-hy5sqn-shard-0', canonicalAddress=ac-3mufzp1-shard-00-00.4nosy2u.mongodb.net:27017, hosts=[ac-3mufzp1-shard-00-00.4nosy2u.mongodb.net:27017, ac-3mufzp1-shard-00-02.4nosy2u.mongodb.net:27017, ac-3mufzp1-shard-00-01.4nosy2u.mongodb.net:27017], passives=[], arbiters=[], primary='ac-3mufzp1-shard-00-01.4nosy2u.mongodb.net:27017', tagSet=TagSet{[Tag{name='availabilityZone', value='aps1-az1'}, Tag{name='diskState', value='READY'}, Tag{name='nodeType', value='ELECTABLE'}, Tag{name='provider', value='AWS'}, Tag{name='region', value='AP_SOUTH_1'}, Tag{name='workloadType', value='OPERATIONAL'}]}, electionId=null, setVersion=46, topologyVersion=TopologyVersion{processId=69b30edff67384ce6d9efce1, counter=4}, lastWriteDate=Thu Mar 26 16:50:41 IST 2026, lastUpdateTimeNanos=150192841538041}
2026-03-26T16:51:16.647+05:30  INFO 99702 --- [academic-service] [trap-executor-0] c.n.d.s.r.aws.ConfigClusterResolver      : Resolving eureka endpoints via configuration
2026-03-26T16:56:16.644+05:30  INFO 99702 --- [academic-service] [trap-executor-0] c.n.d.s.r.aws.ConfigClusterResolver      : Resolving eureka endpoints via configuration
2026-03-26T17:01:16.650+05:30  INFO 99702 --- [academic-service] [trap-executor-0] c.n.d.s.r.aws.ConfigClusterResolver      : Resolving eureka endpoints via configuration
2026-03-26T17:06:16.652+05:30  INFO 99702 --- [academic-service] [trap-executor-0] c.n.d.s.r.aws.ConfigClusterResolver      : Resolving eureka endpoints via configuration
2026-03-26T17:11:16.666+05:30  INFO 99702 --- [academic-service] [trap-executor-0] c.n.d.s.r.aws.ConfigClusterResolver      : Resolving eureka endpoints via configuration
2026-03-26T17:16:16.674+05:30  INFO 99702 --- [academic-service] [trap-executor-0] c.n.d.s.r.aws.ConfigClusterResolver      : Resolving eureka endpoints via configuration
2026-03-26T17:21:16.678+05:30  INFO 99702 --- [academic-service] [trap-executor-0] c.n.d.s.r.aws.ConfigClusterResolver      : Resolving eureka endpoints via configuration
2026-03-26T17:26:16.687+05:30  INFO 99702 --- [academic-service] [trap-executor-0] c.n.d.s.r.aws.ConfigClusterResolver      : Resolving eureka endpoints via configuration
2026-03-26T17:31:16.691+05:30  INFO 99702 --- [academic-service] [trap-executor-0] c.n.d.s.r.aws.ConfigClusterResolver      : Resolving eureka endpoints via configuration
2026-03-26T17:36:16.691+05:30  INFO 99702 --- [academic-service] [trap-executor-0] c.n.d.s.r.aws.ConfigClusterResolver      : Resolving eureka endpoints via configuration
2026-03-26T17:41:16.696+05:30  INFO 99702 --- [academic-service] [trap-executor-0] c.n.d.s.r.aws.ConfigClusterResolver      : Resolving eureka endpoints via configuration
2026-03-26T17:46:16.719+05:30  INFO 99702 --- [academic-service] [trap-executor-0] c.n.d.s.r.aws.ConfigClusterResolver      : Resolving eureka endpoints via configuration
2026-03-26T17:56:06.069+05:30  INFO 99702 --- [academic-service] [ngodb.net:27017] org.mongodb.driver.cluster               : Exception in monitor thread while connecting to server ac-3mufzp1-shard-00-00.4nosy2u.mongodb.net:27017

com.mongodb.MongoSocketReadTimeoutException: Timeout while receiving message
	at com.mongodb.internal.connection.InternalStreamConnection.translateReadException(InternalStreamConnection.java:728) ~[mongodb-driver-core-4.11.2.jar:na]
	at com.mongodb.internal.connection.InternalStreamConnection.receiveMessageWithAdditionalTimeout(InternalStreamConnection.java:606) ~[mongodb-driver-core-4.11.2.jar:na]
	at com.mongodb.internal.connection.InternalStreamConnection.receiveCommandMessageResponse(InternalStreamConnection.java:451) ~[mongodb-driver-core-4.11.2.jar:na]
	at com.mongodb.internal.connection.InternalStreamConnection.receive(InternalStreamConnection.java:404) ~[mongodb-driver-core-4.11.2.jar:na]
	at com.mongodb.internal.connection.DefaultServerMonitor$ServerMonitorRunnable.lookupServerDescription(DefaultServerMonitor.java:221) ~[mongodb-driver-core-4.11.2.jar:na]
	at com.mongodb.internal.connection.DefaultServerMonitor$ServerMonitorRunnable.run(DefaultServerMonitor.java:153) ~[mongodb-driver-core-4.11.2.jar:na]
	at java.base/java.lang.Thread.run(Thread.java:1583) ~[na:na]
Caused by: java.net.SocketTimeoutException: Read timed out
	at java.base/sun.nio.ch.NioSocketImpl.timedRead(NioSocketImpl.java:278) ~[na:na]
	at java.base/sun.nio.ch.NioSocketImpl.implRead(NioSocketImpl.java:304) ~[na:na]
	at java.base/sun.nio.ch.NioSocketImpl.read(NioSocketImpl.java:346) ~[na:na]
	at java.base/sun.nio.ch.NioSocketImpl$1.read(NioSocketImpl.java:796) ~[na:na]
	at java.base/java.net.Socket$SocketInputStream.read(Socket.java:1099) ~[na:na]
	at java.base/sun.security.ssl.SSLSocketInputRecord.read(SSLSocketInputRecord.java:489) ~[na:na]
	at java.base/sun.security.ssl.SSLSocketInputRecord.readHeader(SSLSocketInputRecord.java:483) ~[na:na]
	at java.base/sun.security.ssl.SSLSocketInputRecord.bytesInCompletePacket(SSLSocketInputRecord.java:70) ~[na:na]
	at java.base/sun.security.ssl.SSLSocketImpl.readApplicationRecord(SSLSocketImpl.java:1461) ~[na:na]
	at java.base/sun.security.ssl.SSLSocketImpl$AppInputStream.read(SSLSocketImpl.java:1066) ~[na:na]
	at com.mongodb.internal.connection.SocketStream.read(SocketStream.java:175) ~[mongodb-driver-core-4.11.2.jar:na]
	at com.mongodb.internal.connection.SocketStream.read(SocketStream.java:200) ~[mongodb-driver-core-4.11.2.jar:na]
	at com.mongodb.internal.connection.InternalStreamConnection.receiveResponseBuffers(InternalStreamConnection.java:739) ~[mongodb-driver-core-4.11.2.jar:na]
	at com.mongodb.internal.connection.InternalStreamConnection.receiveMessageWithAdditionalTimeout(InternalStreamConnection.java:603) ~[mongodb-driver-core-4.11.2.jar:na]
	... 5 common frames omitted

2026-03-26T17:56:06.394+05:30  INFO 99702 --- [academic-service] [ngodb.net:27017] org.mongodb.driver.cluster               : Monitor thread successfully connected to server with description ServerDescription{address=ac-3mufzp1-shard-00-00.4nosy2u.mongodb.net:27017, type=REPLICA_SET_SECONDARY, state=CONNECTED, ok=true, minWireVersion=0, maxWireVersion=25, maxDocumentSize=16777216, logicalSessionTimeoutMinutes=30, roundTripTimeNanos=136243750, setName='atlas-hy5sqn-shard-0', canonicalAddress=ac-3mufzp1-shard-00-00.4nosy2u.mongodb.net:27017, hosts=[ac-3mufzp1-shard-00-00.4nosy2u.mongodb.net:27017, ac-3mufzp1-shard-00-02.4nosy2u.mongodb.net:27017, ac-3mufzp1-shard-00-01.4nosy2u.mongodb.net:27017], passives=[], arbiters=[], primary='ac-3mufzp1-shard-00-01.4nosy2u.mongodb.net:27017', tagSet=TagSet{[Tag{name='availabilityZone', value='aps1-az1'}, Tag{name='diskState', value='READY'}, Tag{name='nodeType', value='ELECTABLE'}, Tag{name='provider', value='AWS'}, Tag{name='region', value='AP_SOUTH_1'}, Tag{name='workloadType', value='OPERATIONAL'}]}, electionId=null, setVersion=46, topologyVersion=TopologyVersion{processId=69b30edff67384ce6d9efce1, counter=4}, lastWriteDate=Thu Mar 26 17:56:06 IST 2026, lastUpdateTimeNanos=153826162620791}
2026-03-26T17:56:07.893+05:30  INFO 99702 --- [academic-service] [trap-executor-0] c.n.d.s.r.aws.ConfigClusterResolver      : Resolving eureka endpoints via configuration
2026-03-26T17:57:45.020+05:30  INFO 99702 --- [academic-service] [ngodb.net:27017] org.mongodb.driver.cluster               : Exception in monitor thread while connecting to server ac-3mufzp1-shard-00-01.4nosy2u.mongodb.net:27017

com.mongodb.MongoSocketReadTimeoutException: Timeout while receiving message
	at com.mongodb.internal.connection.InternalStreamConnection.translateReadException(InternalStreamConnection.java:728) ~[mongodb-driver-core-4.11.2.jar:na]
	at com.mongodb.internal.connection.InternalStreamConnection.receiveMessageWithAdditionalTimeout(InternalStreamConnection.java:606) ~[mongodb-driver-core-4.11.2.jar:na]
	at com.mongodb.internal.connection.InternalStreamConnection.receiveCommandMessageResponse(InternalStreamConnection.java:451) ~[mongodb-driver-core-4.11.2.jar:na]
	at com.mongodb.internal.connection.InternalStreamConnection.receive(InternalStreamConnection.java:404) ~[mongodb-driver-core-4.11.2.jar:na]
	at com.mongodb.internal.connection.DefaultServerMonitor$ServerMonitorRunnable.lookupServerDescription(DefaultServerMonitor.java:221) ~[mongodb-driver-core-4.11.2.jar:na]
	at com.mongodb.internal.connection.DefaultServerMonitor$ServerMonitorRunnable.run(DefaultServerMonitor.java:153) ~[mongodb-driver-core-4.11.2.jar:na]
	at java.base/java.lang.Thread.run(Thread.java:1583) ~[na:na]
Caused by: java.net.SocketTimeoutException: Read timed out
	at java.base/sun.nio.ch.NioSocketImpl.timedRead(NioSocketImpl.java:278) ~[na:na]
	at java.base/sun.nio.ch.NioSocketImpl.implRead(NioSocketImpl.java:304) ~[na:na]
	at java.base/sun.nio.ch.NioSocketImpl.read(NioSocketImpl.java:346) ~[na:na]
	at java.base/sun.nio.ch.NioSocketImpl$1.read(NioSocketImpl.java:796) ~[na:na]
	at java.base/java.net.Socket$SocketInputStream.read(Socket.java:1099) ~[na:na]
	at java.base/sun.security.ssl.SSLSocketInputRecord.read(SSLSocketInputRecord.java:489) ~[na:na]
	at java.base/sun.security.ssl.SSLSocketInputRecord.readHeader(SSLSocketInputRecord.java:483) ~[na:na]
	at java.base/sun.security.ssl.SSLSocketInputRecord.bytesInCompletePacket(SSLSocketInputRecord.java:70) ~[na:na]
	at java.base/sun.security.ssl.SSLSocketImpl.readApplicationRecord(SSLSocketImpl.java:1461) ~[na:na]
	at java.base/sun.security.ssl.SSLSocketImpl$AppInputStream.read(SSLSocketImpl.java:1066) ~[na:na]
	at com.mongodb.internal.connection.SocketStream.read(SocketStream.java:175) ~[mongodb-driver-core-4.11.2.jar:na]
	at com.mongodb.internal.connection.SocketStream.read(SocketStream.java:200) ~[mongodb-driver-core-4.11.2.jar:na]
	at com.mongodb.internal.connection.InternalStreamConnection.receiveResponseBuffers(InternalStreamConnection.java:739) ~[mongodb-driver-core-4.11.2.jar:na]
	at com.mongodb.internal.connection.InternalStreamConnection.receiveMessageWithAdditionalTimeout(InternalStreamConnection.java:603) ~[mongodb-driver-core-4.11.2.jar:na]
	... 5 common frames omitted

2026-03-26T17:57:45.142+05:30  INFO 99702 --- [academic-service] [ngodb.net:27017] org.mongodb.driver.cluster               : Monitor thread successfully connected to server with description ServerDescription{address=ac-3mufzp1-shard-00-01.4nosy2u.mongodb.net:27017, type=REPLICA_SET_PRIMARY, state=CONNECTED, ok=true, minWireVersion=0, maxWireVersion=25, maxDocumentSize=16777216, logicalSessionTimeoutMinutes=30, roundTripTimeNanos=45054583, setName='atlas-hy5sqn-shard-0', canonicalAddress=ac-3mufzp1-shard-00-01.4nosy2u.mongodb.net:27017, hosts=[ac-3mufzp1-shard-00-00.4nosy2u.mongodb.net:27017, ac-3mufzp1-shard-00-02.4nosy2u.mongodb.net:27017, ac-3mufzp1-shard-00-01.4nosy2u.mongodb.net:27017], passives=[], arbiters=[], primary='ac-3mufzp1-shard-00-01.4nosy2u.mongodb.net:27017', tagSet=TagSet{[Tag{name='availabilityZone', value='aps1-az3'}, Tag{name='diskState', value='READY'}, Tag{name='nodeType', value='ELECTABLE'}, Tag{name='provider', value='AWS'}, Tag{name='region', value='AP_SOUTH_1'}, Tag{name='workloadType', value='OPERATIONAL'}]}, electionId=7fffffff00000000000000ca, setVersion=46, topologyVersion=TopologyVersion{processId=69b311797648454b51f7c7a8, counter=6}, lastWriteDate=Thu Mar 26 17:57:45 IST 2026, lastUpdateTimeNanos=153831864278375}
2026-03-26T17:57:45.145+05:30  INFO 99702 --- [academic-service] [ngodb.net:27017] org.mongodb.driver.cluster               : Discovered replica set primary ac-3mufzp1-shard-00-01.4nosy2u.mongodb.net:27017 with max election id 7fffffff00000000000000ca and max set version 46
2026-03-26T17:57:48.911+05:30  INFO 99702 --- [academic-service] [ngodb.net:27017] org.mongodb.driver.cluster               : Exception in monitor thread while connecting to server ac-3mufzp1-shard-00-02.4nosy2u.mongodb.net:27017

com.mongodb.MongoSocketReadTimeoutException: Timeout while receiving message
	at com.mongodb.internal.connection.InternalStreamConnection.translateReadException(InternalStreamConnection.java:728) ~[mongodb-driver-core-4.11.2.jar:na]
	at com.mongodb.internal.connection.InternalStreamConnection.receiveMessageWithAdditionalTimeout(InternalStreamConnection.java:606) ~[mongodb-driver-core-4.11.2.jar:na]
	at com.mongodb.internal.connection.InternalStreamConnection.receiveCommandMessageResponse(InternalStreamConnection.java:451) ~[mongodb-driver-core-4.11.2.jar:na]
	at com.mongodb.internal.connection.InternalStreamConnection.receive(InternalStreamConnection.java:404) ~[mongodb-driver-core-4.11.2.jar:na]
	at com.mongodb.internal.connection.DefaultServerMonitor$ServerMonitorRunnable.lookupServerDescription(DefaultServerMonitor.java:221) ~[mongodb-driver-core-4.11.2.jar:na]
	at com.mongodb.internal.connection.DefaultServerMonitor$ServerMonitorRunnable.run(DefaultServerMonitor.java:153) ~[mongodb-driver-core-4.11.2.jar:na]
	at java.base/java.lang.Thread.run(Thread.java:1583) ~[na:na]
Caused by: java.net.SocketTimeoutException: Read timed out
	at java.base/sun.nio.ch.NioSocketImpl.timedRead(NioSocketImpl.java:278) ~[na:na]
	at java.base/sun.nio.ch.NioSocketImpl.implRead(NioSocketImpl.java:304) ~[na:na]
	at java.base/sun.nio.ch.NioSocketImpl.read(NioSocketImpl.java:346) ~[na:na]
	at java.base/sun.nio.ch.NioSocketImpl$1.read(NioSocketImpl.java:796) ~[na:na]
	at java.base/java.net.Socket$SocketInputStream.read(Socket.java:1099) ~[na:na]
	at java.base/sun.security.ssl.SSLSocketInputRecord.read(SSLSocketInputRecord.java:489) ~[na:na]
	at java.base/sun.security.ssl.SSLSocketInputRecord.readHeader(SSLSocketInputRecord.java:483) ~[na:na]
	at java.base/sun.security.ssl.SSLSocketInputRecord.bytesInCompletePacket(SSLSocketInputRecord.java:70) ~[na:na]
	at java.base/sun.security.ssl.SSLSocketImpl.readApplicationRecord(SSLSocketImpl.java:1461) ~[na:na]
	at java.base/sun.security.ssl.SSLSocketImpl$AppInputStream.read(SSLSocketImpl.java:1066) ~[na:na]
	at com.mongodb.internal.connection.SocketStream.read(SocketStream.java:175) ~[mongodb-driver-core-4.11.2.jar:na]
	at com.mongodb.internal.connection.SocketStream.read(SocketStream.java:200) ~[mongodb-driver-core-4.11.2.jar:na]
	at com.mongodb.internal.connection.InternalStreamConnection.receiveResponseBuffers(InternalStreamConnection.java:739) ~[mongodb-driver-core-4.11.2.jar:na]
	at com.mongodb.internal.connection.InternalStreamConnection.receiveMessageWithAdditionalTimeout(InternalStreamConnection.java:603) ~[mongodb-driver-core-4.11.2.jar:na]
	... 5 common frames omitted

2026-03-26T17:57:49.039+05:30  INFO 99702 --- [academic-service] [ngodb.net:27017] org.mongodb.driver.cluster               : Monitor thread successfully connected to server with description ServerDescription{address=ac-3mufzp1-shard-00-02.4nosy2u.mongodb.net:27017, type=REPLICA_SET_SECONDARY, state=CONNECTED, ok=true, minWireVersion=0, maxWireVersion=25, maxDocumentSize=16777216, logicalSessionTimeoutMinutes=30, roundTripTimeNanos=44838541, setName='atlas-hy5sqn-shard-0', canonicalAddress=ac-3mufzp1-shard-00-02.4nosy2u.mongodb.net:27017, hosts=[ac-3mufzp1-shard-00-00.4nosy2u.mongodb.net:27017, ac-3mufzp1-shard-00-02.4nosy2u.mongodb.net:27017, ac-3mufzp1-shard-00-01.4nosy2u.mongodb.net:27017], passives=[], arbiters=[], primary='ac-3mufzp1-shard-00-01.4nosy2u.mongodb.net:27017', tagSet=TagSet{[Tag{name='availabilityZone', value='aps1-az2'}, Tag{name='diskState', value='READY'}, Tag{name='nodeType', value='ELECTABLE'}, Tag{name='provider', value='AWS'}, Tag{name='region', value='AP_SOUTH_1'}, Tag{name='workloadType', value='OPERATIONAL'}]}, electionId=null, setVersion=46, topologyVersion=TopologyVersion{processId=69b31436cf980eb974c6b7c1, counter=3}, lastWriteDate=Thu Mar 26 17:57:49 IST 2026, lastUpdateTimeNanos=153835762150916}
2026-03-26T18:04:06.274+05:30  INFO 99702 --- [academic-service] [ngodb.net:27017] org.mongodb.driver.cluster               : Exception in monitor thread while connecting to server ac-3mufzp1-shard-00-00.4nosy2u.mongodb.net:27017

com.mongodb.MongoSocketReadTimeoutException: Timeout while receiving message
	at com.mongodb.internal.connection.InternalStreamConnection.translateReadException(InternalStreamConnection.java:728) ~[mongodb-driver-core-4.11.2.jar:na]
	at com.mongodb.internal.connection.InternalStreamConnection.receiveMessageWithAdditionalTimeout(InternalStreamConnection.java:606) ~[mongodb-driver-core-4.11.2.jar:na]
	at com.mongodb.internal.connection.InternalStreamConnection.receiveCommandMessageResponse(InternalStreamConnection.java:451) ~[mongodb-driver-core-4.11.2.jar:na]
	at com.mongodb.internal.connection.InternalStreamConnection.receive(InternalStreamConnection.java:404) ~[mongodb-driver-core-4.11.2.jar:na]
	at com.mongodb.internal.connection.DefaultServerMonitor$ServerMonitorRunnable.lookupServerDescription(DefaultServerMonitor.java:221) ~[mongodb-driver-core-4.11.2.jar:na]
	at com.mongodb.internal.connection.DefaultServerMonitor$ServerMonitorRunnable.run(DefaultServerMonitor.java:153) ~[mongodb-driver-core-4.11.2.jar:na]
	at java.base/java.lang.Thread.run(Thread.java:1583) ~[na:na]
Caused by: java.net.SocketTimeoutException: Read timed out
	at java.base/sun.nio.ch.NioSocketImpl.timedRead(NioSocketImpl.java:278) ~[na:na]
	at java.base/sun.nio.ch.NioSocketImpl.implRead(NioSocketImpl.java:304) ~[na:na]
	at java.base/sun.nio.ch.NioSocketImpl.read(NioSocketImpl.java:346) ~[na:na]
	at java.base/sun.nio.ch.NioSocketImpl$1.read(NioSocketImpl.java:796) ~[na:na]
	at java.base/java.net.Socket$SocketInputStream.read(Socket.java:1099) ~[na:na]
	at java.base/sun.security.ssl.SSLSocketInputRecord.read(SSLSocketInputRecord.java:489) ~[na:na]
	at java.base/sun.security.ssl.SSLSocketInputRecord.readHeader(SSLSocketInputRecord.java:483) ~[na:na]
	at java.base/sun.security.ssl.SSLSocketInputRecord.bytesInCompletePacket(SSLSocketInputRecord.java:70) ~[na:na]
	at java.base/sun.security.ssl.SSLSocketImpl.readApplicationRecord(SSLSocketImpl.java:1461) ~[na:na]
	at java.base/sun.security.ssl.SSLSocketImpl$AppInputStream.read(SSLSocketImpl.java:1066) ~[na:na]
	at com.mongodb.internal.connection.SocketStream.read(SocketStream.java:175) ~[mongodb-driver-core-4.11.2.jar:na]
	at com.mongodb.internal.connection.SocketStream.read(SocketStream.java:200) ~[mongodb-driver-core-4.11.2.jar:na]
	at com.mongodb.internal.connection.InternalStreamConnection.receiveResponseBuffers(InternalStreamConnection.java:739) ~[mongodb-driver-core-4.11.2.jar:na]
	at com.mongodb.internal.connection.InternalStreamConnection.receiveMessageWithAdditionalTimeout(InternalStreamConnection.java:603) ~[mongodb-driver-core-4.11.2.jar:na]
	... 5 common frames omitted

2026-03-26T18:04:06.288+05:30  INFO 99702 --- [academic-service] [ngodb.net:27017] org.mongodb.driver.cluster               : Exception in monitor thread while connecting to server ac-3mufzp1-shard-00-00.4nosy2u.mongodb.net:27017

com.mongodb.MongoSocketException: ac-3mufzp1-shard-00-00.4nosy2u.mongodb.net: nodename nor servname provided, or not known
	at com.mongodb.ServerAddress.getSocketAddresses(ServerAddress.java:221) ~[mongodb-driver-core-4.11.2.jar:na]
	at com.mongodb.internal.connection.ServerAddressWithResolver.getSocketAddresses(ServerAddressWithResolver.java:68) ~[mongodb-driver-core-4.11.2.jar:na]
	at com.mongodb.internal.connection.SocketStream.initializeSocket(SocketStream.java:100) ~[mongodb-driver-core-4.11.2.jar:na]
	at com.mongodb.internal.connection.SocketStream.open(SocketStream.java:78) ~[mongodb-driver-core-4.11.2.jar:na]
	at com.mongodb.internal.connection.InternalStreamConnection.open(InternalStreamConnection.java:211) ~[mongodb-driver-core-4.11.2.jar:na]
	at com.mongodb.internal.connection.DefaultServerMonitor$ServerMonitorRunnable.lookupServerDescription(DefaultServerMonitor.java:193) ~[mongodb-driver-core-4.11.2.jar:na]
	at com.mongodb.internal.connection.DefaultServerMonitor$ServerMonitorRunnable.run(DefaultServerMonitor.java:153) ~[mongodb-driver-core-4.11.2.jar:na]
	at java.base/java.lang.Thread.run(Thread.java:1583) ~[na:na]
Caused by: java.net.UnknownHostException: ac-3mufzp1-shard-00-00.4nosy2u.mongodb.net: nodename nor servname provided, or not known
	at java.base/java.net.Inet6AddressImpl.lookupAllHostAddr(Native Method) ~[na:na]
	at java.base/java.net.Inet6AddressImpl.lookupAllHostAddr(Inet6AddressImpl.java:52) ~[na:na]
	at java.base/java.net.InetAddress$PlatformResolver.lookupByName(InetAddress.java:1211) ~[na:na]
	at java.base/java.net.InetAddress.getAddressesFromNameService(InetAddress.java:1828) ~[na:na]
	at java.base/java.net.InetAddress$NameServiceAddresses.get(InetAddress.java:1139) ~[na:na]
	at java.base/java.net.InetAddress.getAllByName0(InetAddress.java:1818) ~[na:na]
	at java.base/java.net.InetAddress.getAllByName(InetAddress.java:1688) ~[na:na]
	at com.mongodb.ServerAddress.getSocketAddresses(ServerAddress.java:213) ~[mongodb-driver-core-4.11.2.jar:na]
	... 7 common frames omitted

2026-03-26T18:04:11.923+05:30  INFO 99702 --- [academic-service] [ngodb.net:27017] org.mongodb.driver.cluster               : Exception in monitor thread while connecting to server ac-3mufzp1-shard-00-01.4nosy2u.mongodb.net:27017

com.mongodb.MongoSocketReadTimeoutException: Timeout while receiving message
	at com.mongodb.internal.connection.InternalStreamConnection.translateReadException(InternalStreamConnection.java:728) ~[mongodb-driver-core-4.11.2.jar:na]
	at com.mongodb.internal.connection.InternalStreamConnection.receiveMessageWithAdditionalTimeout(InternalStreamConnection.java:606) ~[mongodb-driver-core-4.11.2.jar:na]
	at com.mongodb.internal.connection.InternalStreamConnection.receiveCommandMessageResponse(InternalStreamConnection.java:451) ~[mongodb-driver-core-4.11.2.jar:na]
	at com.mongodb.internal.connection.InternalStreamConnection.receive(InternalStreamConnection.java:404) ~[mongodb-driver-core-4.11.2.jar:na]
	at com.mongodb.internal.connection.DefaultServerMonitor$ServerMonitorRunnable.lookupServerDescription(DefaultServerMonitor.java:221) ~[mongodb-driver-core-4.11.2.jar:na]
	at com.mongodb.internal.connection.DefaultServerMonitor$ServerMonitorRunnable.run(DefaultServerMonitor.java:153) ~[mongodb-driver-core-4.11.2.jar:na]
	at java.base/java.lang.Thread.run(Thread.java:1583) ~[na:na]
Caused by: java.net.SocketTimeoutException: Read timed out
	at java.base/sun.nio.ch.NioSocketImpl.timedRead(NioSocketImpl.java:278) ~[na:na]
	at java.base/sun.nio.ch.NioSocketImpl.implRead(NioSocketImpl.java:304) ~[na:na]
	at java.base/sun.nio.ch.NioSocketImpl.read(NioSocketImpl.java:346) ~[na:na]
	at java.base/sun.nio.ch.NioSocketImpl$1.read(NioSocketImpl.java:796) ~[na:na]
	at java.base/java.net.Socket$SocketInputStream.read(Socket.java:1099) ~[na:na]
	at java.base/sun.security.ssl.SSLSocketInputRecord.read(SSLSocketInputRecord.java:489) ~[na:na]
	at java.base/sun.security.ssl.SSLSocketInputRecord.readHeader(SSLSocketInputRecord.java:483) ~[na:na]
	at java.base/sun.security.ssl.SSLSocketInputRecord.bytesInCompletePacket(SSLSocketInputRecord.java:70) ~[na:na]
	at java.base/sun.security.ssl.SSLSocketImpl.readApplicationRecord(SSLSocketImpl.java:1461) ~[na:na]
	at java.base/sun.security.ssl.SSLSocketImpl$AppInputStream.read(SSLSocketImpl.java:1066) ~[na:na]
	at com.mongodb.internal.connection.SocketStream.read(SocketStream.java:175) ~[mongodb-driver-core-4.11.2.jar:na]
	at com.mongodb.internal.connection.SocketStream.read(SocketStream.java:200) ~[mongodb-driver-core-4.11.2.jar:na]
	at com.mongodb.internal.connection.InternalStreamConnection.receiveResponseBuffers(InternalStreamConnection.java:739) ~[mongodb-driver-core-4.11.2.jar:na]
	at com.mongodb.internal.connection.InternalStreamConnection.receiveMessageWithAdditionalTimeout(InternalStreamConnection.java:603) ~[mongodb-driver-core-4.11.2.jar:na]
	... 5 common frames omitted

2026-03-26T18:04:11.939+05:30  INFO 99702 --- [academic-service] [ngodb.net:27017] org.mongodb.driver.cluster               : Exception in monitor thread while connecting to server ac-3mufzp1-shard-00-01.4nosy2u.mongodb.net:27017

com.mongodb.MongoSocketException: ac-3mufzp1-shard-00-01.4nosy2u.mongodb.net: nodename nor servname provided, or not known
	at com.mongodb.ServerAddress.getSocketAddresses(ServerAddress.java:221) ~[mongodb-driver-core-4.11.2.jar:na]
	at com.mongodb.internal.connection.ServerAddressWithResolver.getSocketAddresses(ServerAddressWithResolver.java:68) ~[mongodb-driver-core-4.11.2.jar:na]
	at com.mongodb.internal.connection.SocketStream.initializeSocket(SocketStream.java:100) ~[mongodb-driver-core-4.11.2.jar:na]
	at com.mongodb.internal.connection.SocketStream.open(SocketStream.java:78) ~[mongodb-driver-core-4.11.2.jar:na]
	at com.mongodb.internal.connection.InternalStreamConnection.open(InternalStreamConnection.java:211) ~[mongodb-driver-core-4.11.2.jar:na]
	at com.mongodb.internal.connection.DefaultServerMonitor$ServerMonitorRunnable.lookupServerDescription(DefaultServerMonitor.java:193) ~[mongodb-driver-core-4.11.2.jar:na]
	at com.mongodb.internal.connection.DefaultServerMonitor$ServerMonitorRunnable.run(DefaultServerMonitor.java:153) ~[mongodb-driver-core-4.11.2.jar:na]
	at java.base/java.lang.Thread.run(Thread.java:1583) ~[na:na]
Caused by: java.net.UnknownHostException: ac-3mufzp1-shard-00-01.4nosy2u.mongodb.net: nodename nor servname provided, or not known
	at java.base/java.net.Inet6AddressImpl.lookupAllHostAddr(Native Method) ~[na:na]
	at java.base/java.net.Inet6AddressImpl.lookupAllHostAddr(Inet6AddressImpl.java:52) ~[na:na]
	at java.base/java.net.InetAddress$PlatformResolver.lookupByName(InetAddress.java:1211) ~[na:na]
	at java.base/java.net.InetAddress.getAddressesFromNameService(InetAddress.java:1828) ~[na:na]
	at java.base/java.net.InetAddress$NameServiceAddresses.get(InetAddress.java:1139) ~[na:na]
	at java.base/java.net.InetAddress.getAllByName0(InetAddress.java:1818) ~[na:na]
	at java.base/java.net.InetAddress.getAllByName(InetAddress.java:1688) ~[na:na]
	at com.mongodb.ServerAddress.getSocketAddresses(ServerAddress.java:213) ~[mongodb-driver-core-4.11.2.jar:na]
	... 7 common frames omitted

2026-03-26T18:04:15.816+05:30  INFO 99702 --- [academic-service] [ngodb.net:27017] org.mongodb.driver.cluster               : Exception in monitor thread while connecting to server ac-3mufzp1-shard-00-02.4nosy2u.mongodb.net:27017

com.mongodb.MongoSocketReadTimeoutException: Timeout while receiving message
	at com.mongodb.internal.connection.InternalStreamConnection.translateReadException(InternalStreamConnection.java:728) ~[mongodb-driver-core-4.11.2.jar:na]
	at com.mongodb.internal.connection.InternalStreamConnection.receiveMessageWithAdditionalTimeout(InternalStreamConnection.java:606) ~[mongodb-driver-core-4.11.2.jar:na]
	at com.mongodb.internal.connection.InternalStreamConnection.receiveCommandMessageResponse(InternalStreamConnection.java:451) ~[mongodb-driver-core-4.11.2.jar:na]
	at com.mongodb.internal.connection.InternalStreamConnection.receive(InternalStreamConnection.java:404) ~[mongodb-driver-core-4.11.2.jar:na]
	at com.mongodb.internal.connection.DefaultServerMonitor$ServerMonitorRunnable.lookupServerDescription(DefaultServerMonitor.java:221) ~[mongodb-driver-core-4.11.2.jar:na]
	at com.mongodb.internal.connection.DefaultServerMonitor$ServerMonitorRunnable.run(DefaultServerMonitor.java:153) ~[mongodb-driver-core-4.11.2.jar:na]
	at java.base/java.lang.Thread.run(Thread.java:1583) ~[na:na]
Caused by: java.net.SocketTimeoutException: Read timed out
	at java.base/sun.nio.ch.NioSocketImpl.timedRead(NioSocketImpl.java:278) ~[na:na]
	at java.base/sun.nio.ch.NioSocketImpl.implRead(NioSocketImpl.java:304) ~[na:na]
	at java.base/sun.nio.ch.NioSocketImpl.read(NioSocketImpl.java:346) ~[na:na]
	at java.base/sun.nio.ch.NioSocketImpl$1.read(NioSocketImpl.java:796) ~[na:na]
	at java.base/java.net.Socket$SocketInputStream.read(Socket.java:1099) ~[na:na]
	at java.base/sun.security.ssl.SSLSocketInputRecord.read(SSLSocketInputRecord.java:489) ~[na:na]
	at java.base/sun.security.ssl.SSLSocketInputRecord.readHeader(SSLSocketInputRecord.java:483) ~[na:na]
	at java.base/sun.security.ssl.SSLSocketInputRecord.bytesInCompletePacket(SSLSocketInputRecord.java:70) ~[na:na]
	at java.base/sun.security.ssl.SSLSocketImpl.readApplicationRecord(SSLSocketImpl.java:1461) ~[na:na]
	at java.base/sun.security.ssl.SSLSocketImpl$AppInputStream.read(SSLSocketImpl.java:1066) ~[na:na]
	at com.mongodb.internal.connection.SocketStream.read(SocketStream.java:175) ~[mongodb-driver-core-4.11.2.jar:na]
	at com.mongodb.internal.connection.SocketStream.read(SocketStream.java:200) ~[mongodb-driver-core-4.11.2.jar:na]
	at com.mongodb.internal.connection.InternalStreamConnection.receiveResponseBuffers(InternalStreamConnection.java:739) ~[mongodb-driver-core-4.11.2.jar:na]
	at com.mongodb.internal.connection.InternalStreamConnection.receiveMessageWithAdditionalTimeout(InternalStreamConnection.java:603) ~[mongodb-driver-core-4.11.2.jar:na]
	... 5 common frames omitted

2026-03-26T18:04:15.822+05:30  INFO 99702 --- [academic-service] [ngodb.net:27017] org.mongodb.driver.cluster               : Exception in monitor thread while connecting to server ac-3mufzp1-shard-00-02.4nosy2u.mongodb.net:27017

com.mongodb.MongoSocketException: ac-3mufzp1-shard-00-02.4nosy2u.mongodb.net: nodename nor servname provided, or not known
	at com.mongodb.ServerAddress.getSocketAddresses(ServerAddress.java:221) ~[mongodb-driver-core-4.11.2.jar:na]
	at com.mongodb.internal.connection.ServerAddressWithResolver.getSocketAddresses(ServerAddressWithResolver.java:68) ~[mongodb-driver-core-4.11.2.jar:na]
	at com.mongodb.internal.connection.SocketStream.initializeSocket(SocketStream.java:100) ~[mongodb-driver-core-4.11.2.jar:na]
	at com.mongodb.internal.connection.SocketStream.open(SocketStream.java:78) ~[mongodb-driver-core-4.11.2.jar:na]
	at com.mongodb.internal.connection.InternalStreamConnection.open(InternalStreamConnection.java:211) ~[mongodb-driver-core-4.11.2.jar:na]
	at com.mongodb.internal.connection.DefaultServerMonitor$ServerMonitorRunnable.lookupServerDescription(DefaultServerMonitor.java:193) ~[mongodb-driver-core-4.11.2.jar:na]
	at com.mongodb.internal.connection.DefaultServerMonitor$ServerMonitorRunnable.run(DefaultServerMonitor.java:153) ~[mongodb-driver-core-4.11.2.jar:na]
	at java.base/java.lang.Thread.run(Thread.java:1583) ~[na:na]
Caused by: java.net.UnknownHostException: ac-3mufzp1-shard-00-02.4nosy2u.mongodb.net: nodename nor servname provided, or not known
	at java.base/java.net.Inet6AddressImpl.lookupAllHostAddr(Native Method) ~[na:na]
	at java.base/java.net.Inet6AddressImpl.lookupAllHostAddr(Inet6AddressImpl.java:52) ~[na:na]
	at java.base/java.net.InetAddress$PlatformResolver.lookupByName(InetAddress.java:1211) ~[na:na]
	at java.base/java.net.InetAddress.getAddressesFromNameService(InetAddress.java:1828) ~[na:na]
	at java.base/java.net.InetAddress$NameServiceAddresses.get(InetAddress.java:1139) ~[na:na]
	at java.base/java.net.InetAddress.getAllByName0(InetAddress.java:1818) ~[na:na]
	at java.base/java.net.InetAddress.getAllByName(InetAddress.java:1688) ~[na:na]
	at com.mongodb.ServerAddress.getSocketAddresses(ServerAddress.java:213) ~[mongodb-driver-core-4.11.2.jar:na]
	... 7 common frames omitted

2026-03-26T19:26:29.114+05:30  INFO 99702 --- [academic-service] [ngodb.net:27017] org.mongodb.driver.cluster               : Exception in monitor thread while connecting to server ac-3mufzp1-shard-00-02.4nosy2u.mongodb.net:27017

com.mongodb.MongoSocketWriteException: Exception sending message
	at com.mongodb.internal.connection.InternalStreamConnection.translateWriteException(InternalStreamConnection.java:714) ~[mongodb-driver-core-4.11.2.jar:na]
	at com.mongodb.internal.connection.InternalStreamConnection.sendMessage(InternalStreamConnection.java:587) ~[mongodb-driver-core-4.11.2.jar:na]
	at com.mongodb.internal.connection.InternalStreamConnection.sendCommandMessage(InternalStreamConnection.java:419) ~[mongodb-driver-core-4.11.2.jar:na]
	at com.mongodb.internal.connection.InternalStreamConnection.sendAndReceive(InternalStreamConnection.java:364) ~[mongodb-driver-core-4.11.2.jar:na]
	at com.mongodb.internal.connection.CommandHelper.sendAndReceive(CommandHelper.java:92) ~[mongodb-driver-core-4.11.2.jar:na]
	at com.mongodb.internal.connection.CommandHelper.executeCommand(CommandHelper.java:48) ~[mongodb-driver-core-4.11.2.jar:na]
	at com.mongodb.internal.connection.InternalStreamConnectionInitializer.initializeConnectionDescription(InternalStreamConnectionInitializer.java:130) ~[mongodb-driver-core-4.11.2.jar:na]
	at com.mongodb.internal.connection.InternalStreamConnectionInitializer.startHandshake(InternalStreamConnectionInitializer.java:78) ~[mongodb-driver-core-4.11.2.jar:na]
	at com.mongodb.internal.connection.InternalStreamConnection.open(InternalStreamConnection.java:213) ~[mongodb-driver-core-4.11.2.jar:na]
	at com.mongodb.internal.connection.DefaultServerMonitor$ServerMonitorRunnable.lookupServerDescription(DefaultServerMonitor.java:193) ~[mongodb-driver-core-4.11.2.jar:na]
	at com.mongodb.internal.connection.DefaultServerMonitor$ServerMonitorRunnable.run(DefaultServerMonitor.java:153) ~[mongodb-driver-core-4.11.2.jar:na]
	at java.base/java.lang.Thread.run(Thread.java:1583) ~[na:na]
Caused by: javax.net.ssl.SSLException: Received fatal alert: internal_error
	at java.base/sun.security.ssl.Alert.createSSLException(Alert.java:132) ~[na:na]
	at java.base/sun.security.ssl.Alert.createSSLException(Alert.java:117) ~[na:na]
	at java.base/sun.security.ssl.TransportContext.fatal(TransportContext.java:370) ~[na:na]
	at java.base/sun.security.ssl.Alert$AlertConsumer.consume(Alert.java:287) ~[na:na]
	at java.base/sun.security.ssl.TransportContext.dispatch(TransportContext.java:209) ~[na:na]
	at java.base/sun.security.ssl.SSLTransport.decode(SSLTransport.java:172) ~[na:na]
	at java.base/sun.security.ssl.SSLSocketImpl.decode(SSLSocketImpl.java:1506) ~[na:na]
	at java.base/sun.security.ssl.SSLSocketImpl.readHandshakeRecord(SSLSocketImpl.java:1421) ~[na:na]
	at java.base/sun.security.ssl.SSLSocketImpl.startHandshake(SSLSocketImpl.java:455) ~[na:na]
	at java.base/sun.security.ssl.SSLSocketImpl.ensureNegotiated(SSLSocketImpl.java:922) ~[na:na]
	at java.base/sun.security.ssl.SSLSocketImpl$AppOutputStream.write(SSLSocketImpl.java:1291) ~[na:na]
	at com.mongodb.internal.connection.SocketStream.write(SocketStream.java:164) ~[mongodb-driver-core-4.11.2.jar:na]
	at com.mongodb.internal.connection.InternalStreamConnection.sendMessage(InternalStreamConnection.java:584) ~[mongodb-driver-core-4.11.2.jar:na]
	... 10 common frames omitted

2026-03-26T19:26:29.573+05:30  INFO 99702 --- [academic-service] [ngodb.net:27017] org.mongodb.driver.cluster               : Exception in monitor thread while connecting to server ac-3mufzp1-shard-00-00.4nosy2u.mongodb.net:27017

com.mongodb.MongoSocketWriteException: Exception sending message
	at com.mongodb.internal.connection.InternalStreamConnection.translateWriteException(InternalStreamConnection.java:714) ~[mongodb-driver-core-4.11.2.jar:na]
	at com.mongodb.internal.connection.InternalStreamConnection.sendMessage(InternalStreamConnection.java:587) ~[mongodb-driver-core-4.11.2.jar:na]
	at com.mongodb.internal.connection.InternalStreamConnection.sendCommandMessage(InternalStreamConnection.java:419) ~[mongodb-driver-core-4.11.2.jar:na]
	at com.mongodb.internal.connection.InternalStreamConnection.sendAndReceive(InternalStreamConnection.java:364) ~[mongodb-driver-core-4.11.2.jar:na]
	at com.mongodb.internal.connection.CommandHelper.sendAndReceive(CommandHelper.java:92) ~[mongodb-driver-core-4.11.2.jar:na]
	at com.mongodb.internal.connection.CommandHelper.executeCommand(CommandHelper.java:48) ~[mongodb-driver-core-4.11.2.jar:na]
	at com.mongodb.internal.connection.InternalStreamConnectionInitializer.initializeConnectionDescription(InternalStreamConnectionInitializer.java:130) ~[mongodb-driver-core-4.11.2.jar:na]
	at com.mongodb.internal.connection.InternalStreamConnectionInitializer.startHandshake(InternalStreamConnectionInitializer.java:78) ~[mongodb-driver-core-4.11.2.jar:na]
	at com.mongodb.internal.connection.InternalStreamConnection.open(InternalStreamConnection.java:213) ~[mongodb-driver-core-4.11.2.jar:na]
	at com.mongodb.internal.connection.DefaultServerMonitor$ServerMonitorRunnable.lookupServerDescription(DefaultServerMonitor.java:193) ~[mongodb-driver-core-4.11.2.jar:na]
	at com.mongodb.internal.connection.DefaultServerMonitor$ServerMonitorRunnable.run(DefaultServerMonitor.java:153) ~[mongodb-driver-core-4.11.2.jar:na]
	at java.base/java.lang.Thread.run(Thread.java:1583) ~[na:na]
Caused by: javax.net.ssl.SSLException: Received fatal alert: internal_error
	at java.base/sun.security.ssl.Alert.createSSLException(Alert.java:132) ~[na:na]
	at java.base/sun.security.ssl.Alert.createSSLException(Alert.java:117) ~[na:na]
	at java.base/sun.security.ssl.TransportContext.fatal(TransportContext.java:370) ~[na:na]
	at java.base/sun.security.ssl.Alert$AlertConsumer.consume(Alert.java:287) ~[na:na]
	at java.base/sun.security.ssl.TransportContext.dispatch(TransportContext.java:209) ~[na:na]
	at java.base/sun.security.ssl.SSLTransport.decode(SSLTransport.java:172) ~[na:na]
	at java.base/sun.security.ssl.SSLSocketImpl.decode(SSLSocketImpl.java:1506) ~[na:na]
	at java.base/sun.security.ssl.SSLSocketImpl.readHandshakeRecord(SSLSocketImpl.java:1421) ~[na:na]
	at java.base/sun.security.ssl.SSLSocketImpl.startHandshake(SSLSocketImpl.java:455) ~[na:na]
	at java.base/sun.security.ssl.SSLSocketImpl.ensureNegotiated(SSLSocketImpl.java:922) ~[na:na]
	at java.base/sun.security.ssl.SSLSocketImpl$AppOutputStream.write(SSLSocketImpl.java:1291) ~[na:na]
	at com.mongodb.internal.connection.SocketStream.write(SocketStream.java:164) ~[mongodb-driver-core-4.11.2.jar:na]
	at com.mongodb.internal.connection.InternalStreamConnection.sendMessage(InternalStreamConnection.java:584) ~[mongodb-driver-core-4.11.2.jar:na]
	... 10 common frames omitted

2026-03-26T19:26:35.215+05:30  INFO 99702 --- [academic-service] [ngodb.net:27017] org.mongodb.driver.cluster               : Exception in monitor thread while connecting to server ac-3mufzp1-shard-00-01.4nosy2u.mongodb.net:27017

com.mongodb.MongoSocketWriteException: Exception sending message
	at com.mongodb.internal.connection.InternalStreamConnection.translateWriteException(InternalStreamConnection.java:714) ~[mongodb-driver-core-4.11.2.jar:na]
	at com.mongodb.internal.connection.InternalStreamConnection.sendMessage(InternalStreamConnection.java:587) ~[mongodb-driver-core-4.11.2.jar:na]
	at com.mongodb.internal.connection.InternalStreamConnection.sendCommandMessage(InternalStreamConnection.java:419) ~[mongodb-driver-core-4.11.2.jar:na]
	at com.mongodb.internal.connection.InternalStreamConnection.sendAndReceive(InternalStreamConnection.java:364) ~[mongodb-driver-core-4.11.2.jar:na]
	at com.mongodb.internal.connection.CommandHelper.sendAndReceive(CommandHelper.java:92) ~[mongodb-driver-core-4.11.2.jar:na]
	at com.mongodb.internal.connection.CommandHelper.executeCommand(CommandHelper.java:48) ~[mongodb-driver-core-4.11.2.jar:na]
	at com.mongodb.internal.connection.InternalStreamConnectionInitializer.initializeConnectionDescription(InternalStreamConnectionInitializer.java:130) ~[mongodb-driver-core-4.11.2.jar:na]
	at com.mongodb.internal.connection.InternalStreamConnectionInitializer.startHandshake(InternalStreamConnectionInitializer.java:78) ~[mongodb-driver-core-4.11.2.jar:na]
	at com.mongodb.internal.connection.InternalStreamConnection.open(InternalStreamConnection.java:213) ~[mongodb-driver-core-4.11.2.jar:na]
	at com.mongodb.internal.connection.DefaultServerMonitor$ServerMonitorRunnable.lookupServerDescription(DefaultServerMonitor.java:193) ~[mongodb-driver-core-4.11.2.jar:na]
	at com.mongodb.internal.connection.DefaultServerMonitor$ServerMonitorRunnable.run(DefaultServerMonitor.java:153) ~[mongodb-driver-core-4.11.2.jar:na]
	at java.base/java.lang.Thread.run(Thread.java:1583) ~[na:na]
Caused by: javax.net.ssl.SSLException: Received fatal alert: internal_error
	at java.base/sun.security.ssl.Alert.createSSLException(Alert.java:132) ~[na:na]
	at java.base/sun.security.ssl.Alert.createSSLException(Alert.java:117) ~[na:na]
	at java.base/sun.security.ssl.TransportContext.fatal(TransportContext.java:370) ~[na:na]
	at java.base/sun.security.ssl.Alert$AlertConsumer.consume(Alert.java:287) ~[na:na]
	at java.base/sun.security.ssl.TransportContext.dispatch(TransportContext.java:209) ~[na:na]
	at java.base/sun.security.ssl.SSLTransport.decode(SSLTransport.java:172) ~[na:na]
	at java.base/sun.security.ssl.SSLSocketImpl.decode(SSLSocketImpl.java:1506) ~[na:na]
	at java.base/sun.security.ssl.SSLSocketImpl.readHandshakeRecord(SSLSocketImpl.java:1421) ~[na:na]
	at java.base/sun.security.ssl.SSLSocketImpl.startHandshake(SSLSocketImpl.java:455) ~[na:na]
	at java.base/sun.security.ssl.SSLSocketImpl.ensureNegotiated(SSLSocketImpl.java:922) ~[na:na]
	at java.base/sun.security.ssl.SSLSocketImpl$AppOutputStream.write(SSLSocketImpl.java:1291) ~[na:na]
	at com.mongodb.internal.connection.SocketStream.write(SocketStream.java:164) ~[mongodb-driver-core-4.11.2.jar:na]
	at com.mongodb.internal.connection.InternalStreamConnection.sendMessage(InternalStreamConnection.java:584) ~[mongodb-driver-core-4.11.2.jar:na]
	... 10 common frames omitted

2026-03-26T21:40:52.022+05:30  INFO 99702 --- [academic-service] [trap-executor-0] c.n.d.s.r.aws.ConfigClusterResolver      : Resolving eureka endpoints via configuration
2026-03-26T22:30:08.285+05:30  INFO 99702 --- [academic-service] [trap-executor-0] c.n.d.s.r.aws.ConfigClusterResolver      : Resolving eureka endpoints via configuration
2026-03-26T22:37:06.301+05:30  INFO 99702 --- [academic-service] [trap-executor-0] c.n.d.s.r.aws.ConfigClusterResolver      : Resolving eureka endpoints via configuration
2026-03-27T00:59:03.274+05:30  INFO 99702 --- [academic-service] [trap-executor-0] c.n.d.s.r.aws.ConfigClusterResolver      : Resolving eureka endpoints via configuration
2026-03-27T03:51:28.061+05:30  INFO 99702 --- [academic-service] [trap-executor-0] c.n.d.s.r.aws.ConfigClusterResolver      : Resolving eureka endpoints via configuration
2026-03-27T06:47:48.023+05:30  INFO 99702 --- [academic-service] [trap-executor-0] c.n.d.s.r.aws.ConfigClusterResolver      : Resolving eureka endpoints via configuration
2026-03-27T08:56:49.120+05:30  INFO 99702 --- [academic-service] [ngodb.net:27017] org.mongodb.driver.cluster               : Exception in monitor thread while connecting to server ac-3mufzp1-shard-00-00.4nosy2u.mongodb.net:27017

com.mongodb.MongoSocketOpenException: Exception opening socket
	at com.mongodb.internal.connection.SocketStream.lambda$open$0(SocketStream.java:84) ~[mongodb-driver-core-4.11.2.jar:na]
	at java.base/java.util.Optional.orElseThrow(Optional.java:403) ~[na:na]
	at com.mongodb.internal.connection.SocketStream.open(SocketStream.java:84) ~[mongodb-driver-core-4.11.2.jar:na]
	at com.mongodb.internal.connection.InternalStreamConnection.open(InternalStreamConnection.java:211) ~[mongodb-driver-core-4.11.2.jar:na]
	at com.mongodb.internal.connection.DefaultServerMonitor$ServerMonitorRunnable.lookupServerDescription(DefaultServerMonitor.java:193) ~[mongodb-driver-core-4.11.2.jar:na]
	at com.mongodb.internal.connection.DefaultServerMonitor$ServerMonitorRunnable.run(DefaultServerMonitor.java:153) ~[mongodb-driver-core-4.11.2.jar:na]
	at java.base/java.lang.Thread.run(Thread.java:1583) ~[na:na]
Caused by: java.net.SocketException: Network is unreachable
	at java.base/sun.nio.ch.Net.connect0(Native Method) ~[na:na]
	at java.base/sun.nio.ch.Net.connect(Net.java:589) ~[na:na]
	at java.base/sun.nio.ch.Net.connect(Net.java:578) ~[na:na]
	at java.base/sun.nio.ch.NioSocketImpl.connect(NioSocketImpl.java:583) ~[na:na]
	at java.base/java.net.SocksSocketImpl.connect(SocksSocketImpl.java:327) ~[na:na]
	at java.base/java.net.Socket.connect(Socket.java:751) ~[na:na]
	at java.base/sun.security.ssl.SSLSocketImpl.connect(SSLSocketImpl.java:304) ~[na:na]
	at com.mongodb.internal.connection.SocketStreamHelper.initialize(SocketStreamHelper.java:76) ~[mongodb-driver-core-4.11.2.jar:na]
	at com.mongodb.internal.connection.SocketStream.initializeSocket(SocketStream.java:104) ~[mongodb-driver-core-4.11.2.jar:na]
	at com.mongodb.internal.connection.SocketStream.open(SocketStream.java:78) ~[mongodb-driver-core-4.11.2.jar:na]
	... 4 common frames omitted

2026-03-27T08:56:51.213+05:30  INFO 99702 --- [academic-service] [ngodb.net:27017] org.mongodb.driver.cluster               : Exception in monitor thread while connecting to server ac-3mufzp1-shard-00-01.4nosy2u.mongodb.net:27017

com.mongodb.MongoSocketOpenException: Exception opening socket
	at com.mongodb.internal.connection.SocketStream.lambda$open$0(SocketStream.java:84) ~[mongodb-driver-core-4.11.2.jar:na]
	at java.base/java.util.Optional.orElseThrow(Optional.java:403) ~[na:na]
	at com.mongodb.internal.connection.SocketStream.open(SocketStream.java:84) ~[mongodb-driver-core-4.11.2.jar:na]
	at com.mongodb.internal.connection.InternalStreamConnection.open(InternalStreamConnection.java:211) ~[mongodb-driver-core-4.11.2.jar:na]
	at com.mongodb.internal.connection.DefaultServerMonitor$ServerMonitorRunnable.lookupServerDescription(DefaultServerMonitor.java:193) ~[mongodb-driver-core-4.11.2.jar:na]
	at com.mongodb.internal.connection.DefaultServerMonitor$ServerMonitorRunnable.run(DefaultServerMonitor.java:153) ~[mongodb-driver-core-4.11.2.jar:na]
	at java.base/java.lang.Thread.run(Thread.java:1583) ~[na:na]
Caused by: java.net.SocketException: Network is unreachable
	at java.base/sun.nio.ch.Net.connect0(Native Method) ~[na:na]
	at java.base/sun.nio.ch.Net.connect(Net.java:589) ~[na:na]
	at java.base/sun.nio.ch.Net.connect(Net.java:578) ~[na:na]
	at java.base/sun.nio.ch.NioSocketImpl.connect(NioSocketImpl.java:583) ~[na:na]
	at java.base/java.net.SocksSocketImpl.connect(SocksSocketImpl.java:327) ~[na:na]
	at java.base/java.net.Socket.connect(Socket.java:751) ~[na:na]
	at java.base/sun.security.ssl.SSLSocketImpl.connect(SSLSocketImpl.java:304) ~[na:na]
	at com.mongodb.internal.connection.SocketStreamHelper.initialize(SocketStreamHelper.java:76) ~[mongodb-driver-core-4.11.2.jar:na]
	at com.mongodb.internal.connection.SocketStream.initializeSocket(SocketStream.java:104) ~[mongodb-driver-core-4.11.2.jar:na]
	at com.mongodb.internal.connection.SocketStream.open(SocketStream.java:78) ~[mongodb-driver-core-4.11.2.jar:na]
	... 4 common frames omitted

2026-03-27T08:56:53.015+05:30  INFO 99702 --- [academic-service] [ngodb.net:27017] org.mongodb.driver.cluster               : Exception in monitor thread while connecting to server ac-3mufzp1-shard-00-02.4nosy2u.mongodb.net:27017

com.mongodb.MongoSocketOpenException: Exception opening socket
	at com.mongodb.internal.connection.SocketStream.lambda$open$0(SocketStream.java:84) ~[mongodb-driver-core-4.11.2.jar:na]
	at java.base/java.util.Optional.orElseThrow(Optional.java:403) ~[na:na]
	at com.mongodb.internal.connection.SocketStream.open(SocketStream.java:84) ~[mongodb-driver-core-4.11.2.jar:na]
	at com.mongodb.internal.connection.InternalStreamConnection.open(InternalStreamConnection.java:211) ~[mongodb-driver-core-4.11.2.jar:na]
	at com.mongodb.internal.connection.DefaultServerMonitor$ServerMonitorRunnable.lookupServerDescription(DefaultServerMonitor.java:193) ~[mongodb-driver-core-4.11.2.jar:na]
	at com.mongodb.internal.connection.DefaultServerMonitor$ServerMonitorRunnable.run(DefaultServerMonitor.java:153) ~[mongodb-driver-core-4.11.2.jar:na]
	at java.base/java.lang.Thread.run(Thread.java:1583) ~[na:na]
Caused by: java.net.SocketTimeoutException: Connect timed out
	at java.base/sun.nio.ch.NioSocketImpl.timedFinishConnect(NioSocketImpl.java:546) ~[na:na]
	at java.base/sun.nio.ch.NioSocketImpl.connect(NioSocketImpl.java:592) ~[na:na]
	at java.base/java.net.SocksSocketImpl.connect(SocksSocketImpl.java:327) ~[na:na]
	at java.base/java.net.Socket.connect(Socket.java:751) ~[na:na]
	at java.base/sun.security.ssl.SSLSocketImpl.connect(SSLSocketImpl.java:304) ~[na:na]
	at com.mongodb.internal.connection.SocketStreamHelper.initialize(SocketStreamHelper.java:76) ~[mongodb-driver-core-4.11.2.jar:na]
	at com.mongodb.internal.connection.SocketStream.initializeSocket(SocketStream.java:104) ~[mongodb-driver-core-4.11.2.jar:na]
	at com.mongodb.internal.connection.SocketStream.open(SocketStream.java:78) ~[mongodb-driver-core-4.11.2.jar:na]
	... 4 common frames omitted

2026-03-27T08:56:53.112+05:30  INFO 99702 --- [academic-service] [tbeatExecutor-0] com.netflix.discovery.DiscoveryClient    : DiscoveryClient_ACADEMIC-SERVICE/192.168.0.207:academic-service:8089 - Re-registering apps/ACADEMIC-SERVICE
2026-03-27T08:56:53.113+05:30  INFO 99702 --- [academic-service] [tbeatExecutor-0] com.netflix.discovery.DiscoveryClient    : DiscoveryClient_ACADEMIC-SERVICE/192.168.0.207:academic-service:8089: registering service...
2026-03-27T08:56:53.157+05:30  INFO 99702 --- [academic-service] [tbeatExecutor-0] com.netflix.discovery.DiscoveryClient    : DiscoveryClient_ACADEMIC-SERVICE/192.168.0.207:academic-service:8089 - registration status: 204
2026-03-27T09:12:13.264+05:30  INFO 99702 --- [academic-service] [trap-executor-0] c.n.d.s.r.aws.ConfigClusterResolver      : Resolving eureka endpoints via configuration
2026-03-27T09:30:11.408+05:30  INFO 99702 --- [academic-service] [ngodb.net:27017] org.mongodb.driver.cluster               : Exception in monitor thread while connecting to server ac-3mufzp1-shard-00-02.4nosy2u.mongodb.net:27017

com.mongodb.MongoSocketException: ac-3mufzp1-shard-00-02.4nosy2u.mongodb.net: nodename nor servname provided, or not known
	at com.mongodb.ServerAddress.getSocketAddresses(ServerAddress.java:221) ~[mongodb-driver-core-4.11.2.jar:na]
	at com.mongodb.internal.connection.ServerAddressWithResolver.getSocketAddresses(ServerAddressWithResolver.java:68) ~[mongodb-driver-core-4.11.2.jar:na]
	at com.mongodb.internal.connection.SocketStream.initializeSocket(SocketStream.java:100) ~[mongodb-driver-core-4.11.2.jar:na]
	at com.mongodb.internal.connection.SocketStream.open(SocketStream.java:78) ~[mongodb-driver-core-4.11.2.jar:na]
	at com.mongodb.internal.connection.InternalStreamConnection.open(InternalStreamConnection.java:211) ~[mongodb-driver-core-4.11.2.jar:na]
	at com.mongodb.internal.connection.DefaultServerMonitor$ServerMonitorRunnable.lookupServerDescription(DefaultServerMonitor.java:193) ~[mongodb-driver-core-4.11.2.jar:na]
	at com.mongodb.internal.connection.DefaultServerMonitor$ServerMonitorRunnable.run(DefaultServerMonitor.java:153) ~[mongodb-driver-core-4.11.2.jar:na]
	at java.base/java.lang.Thread.run(Thread.java:1583) ~[na:na]
Caused by: java.net.UnknownHostException: ac-3mufzp1-shard-00-02.4nosy2u.mongodb.net: nodename nor servname provided, or not known
	at java.base/java.net.Inet6AddressImpl.lookupAllHostAddr(Native Method) ~[na:na]
	at java.base/java.net.Inet6AddressImpl.lookupAllHostAddr(Inet6AddressImpl.java:52) ~[na:na]
	at java.base/java.net.InetAddress$PlatformResolver.lookupByName(InetAddress.java:1211) ~[na:na]
	at java.base/java.net.InetAddress.getAddressesFromNameService(InetAddress.java:1828) ~[na:na]
	at java.base/java.net.InetAddress$NameServiceAddresses.get(InetAddress.java:1139) ~[na:na]
	at java.base/java.net.InetAddress.getAllByName0(InetAddress.java:1818) ~[na:na]
	at java.base/java.net.InetAddress.getAllByName(InetAddress.java:1688) ~[na:na]
	at com.mongodb.ServerAddress.getSocketAddresses(ServerAddress.java:213) ~[mongodb-driver-core-4.11.2.jar:na]
	... 7 common frames omitted

2026-03-27T09:33:01.355+05:30  INFO 99702 --- [academic-service] [ngodb.net:27017] org.mongodb.driver.cluster               : Exception in monitor thread while connecting to server ac-3mufzp1-shard-00-00.4nosy2u.mongodb.net:27017

com.mongodb.MongoSocketException: ac-3mufzp1-shard-00-00.4nosy2u.mongodb.net
	at com.mongodb.ServerAddress.getSocketAddresses(ServerAddress.java:221) ~[mongodb-driver-core-4.11.2.jar:na]
	at com.mongodb.internal.connection.ServerAddressWithResolver.getSocketAddresses(ServerAddressWithResolver.java:68) ~[mongodb-driver-core-4.11.2.jar:na]
	at com.mongodb.internal.connection.SocketStream.initializeSocket(SocketStream.java:100) ~[mongodb-driver-core-4.11.2.jar:na]
	at com.mongodb.internal.connection.SocketStream.open(SocketStream.java:78) ~[mongodb-driver-core-4.11.2.jar:na]
	at com.mongodb.internal.connection.InternalStreamConnection.open(InternalStreamConnection.java:211) ~[mongodb-driver-core-4.11.2.jar:na]
	at com.mongodb.internal.connection.DefaultServerMonitor$ServerMonitorRunnable.lookupServerDescription(DefaultServerMonitor.java:193) ~[mongodb-driver-core-4.11.2.jar:na]
	at com.mongodb.internal.connection.DefaultServerMonitor$ServerMonitorRunnable.run(DefaultServerMonitor.java:153) ~[mongodb-driver-core-4.11.2.jar:na]
	at java.base/java.lang.Thread.run(Thread.java:1583) ~[na:na]
Caused by: java.net.UnknownHostException: ac-3mufzp1-shard-00-00.4nosy2u.mongodb.net
	at java.base/java.net.InetAddress$CachedLookup.get(InetAddress.java:988) ~[na:na]
	at java.base/java.net.InetAddress.getAllByName0(InetAddress.java:1818) ~[na:na]
	at java.base/java.net.InetAddress.getAllByName(InetAddress.java:1688) ~[na:na]
	at com.mongodb.ServerAddress.getSocketAddresses(ServerAddress.java:213) ~[mongodb-driver-core-4.11.2.jar:na]
	... 7 common frames omitted

2026-03-27T09:33:03.431+05:30  INFO 99702 --- [academic-service] [ngodb.net:27017] org.mongodb.driver.cluster               : Exception in monitor thread while connecting to server ac-3mufzp1-shard-00-01.4nosy2u.mongodb.net:27017

com.mongodb.MongoSocketException: ac-3mufzp1-shard-00-01.4nosy2u.mongodb.net: nodename nor servname provided, or not known
	at com.mongodb.ServerAddress.getSocketAddresses(ServerAddress.java:221) ~[mongodb-driver-core-4.11.2.jar:na]
	at com.mongodb.internal.connection.ServerAddressWithResolver.getSocketAddresses(ServerAddressWithResolver.java:68) ~[mongodb-driver-core-4.11.2.jar:na]
	at com.mongodb.internal.connection.SocketStream.initializeSocket(SocketStream.java:100) ~[mongodb-driver-core-4.11.2.jar:na]
	at com.mongodb.internal.connection.SocketStream.open(SocketStream.java:78) ~[mongodb-driver-core-4.11.2.jar:na]
	at com.mongodb.internal.connection.InternalStreamConnection.open(InternalStreamConnection.java:211) ~[mongodb-driver-core-4.11.2.jar:na]
	at com.mongodb.internal.connection.DefaultServerMonitor$ServerMonitorRunnable.lookupServerDescription(DefaultServerMonitor.java:193) ~[mongodb-driver-core-4.11.2.jar:na]
	at com.mongodb.internal.connection.DefaultServerMonitor$ServerMonitorRunnable.run(DefaultServerMonitor.java:153) ~[mongodb-driver-core-4.11.2.jar:na]
	at java.base/java.lang.Thread.run(Thread.java:1583) ~[na:na]
Caused by: java.net.UnknownHostException: ac-3mufzp1-shard-00-01.4nosy2u.mongodb.net: nodename nor servname provided, or not known
	at java.base/java.net.Inet6AddressImpl.lookupAllHostAddr(Native Method) ~[na:na]
	at java.base/java.net.Inet6AddressImpl.lookupAllHostAddr(Inet6AddressImpl.java:52) ~[na:na]
	at java.base/java.net.InetAddress$PlatformResolver.lookupByName(InetAddress.java:1211) ~[na:na]
	at java.base/java.net.InetAddress.getAddressesFromNameService(InetAddress.java:1828) ~[na:na]
	at java.base/java.net.InetAddress$NameServiceAddresses.get(InetAddress.java:1139) ~[na:na]
	at java.base/java.net.InetAddress.getAllByName0(InetAddress.java:1818) ~[na:na]
	at java.base/java.net.InetAddress.getAllByName(InetAddress.java:1688) ~[na:na]
	at com.mongodb.ServerAddress.getSocketAddresses(ServerAddress.java:213) ~[mongodb-driver-core-4.11.2.jar:na]
	... 7 common frames omitted

2026-03-27T09:39:22.680+05:30  INFO 99702 --- [academic-service] [ngodb.net:27017] org.mongodb.driver.cluster               : Monitor thread successfully connected to server with description ServerDescription{address=ac-3mufzp1-shard-00-01.4nosy2u.mongodb.net:27017, type=REPLICA_SET_PRIMARY, state=CONNECTED, ok=true, minWireVersion=0, maxWireVersion=25, maxDocumentSize=16777216, logicalSessionTimeoutMinutes=30, roundTripTimeNanos=285516167, setName='atlas-hy5sqn-shard-0', canonicalAddress=ac-3mufzp1-shard-00-01.4nosy2u.mongodb.net:27017, hosts=[ac-3mufzp1-shard-00-00.4nosy2u.mongodb.net:27017, ac-3mufzp1-shard-00-02.4nosy2u.mongodb.net:27017, ac-3mufzp1-shard-00-01.4nosy2u.mongodb.net:27017], passives=[], arbiters=[], primary='ac-3mufzp1-shard-00-01.4nosy2u.mongodb.net:27017', tagSet=TagSet{[Tag{name='availabilityZone', value='aps1-az3'}, Tag{name='diskState', value='READY'}, Tag{name='nodeType', value='ELECTABLE'}, Tag{name='provider', value='AWS'}, Tag{name='region', value='AP_SOUTH_1'}, Tag{name='workloadType', value='OPERATIONAL'}]}, electionId=7fffffff00000000000000ca, setVersion=46, topologyVersion=TopologyVersion{processId=69b311797648454b51f7c7a8, counter=6}, lastWriteDate=Fri Mar 27 09:39:22 IST 2026, lastUpdateTimeNanos=155963809418541}
2026-03-27T09:39:22.694+05:30  INFO 99702 --- [academic-service] [ngodb.net:27017] org.mongodb.driver.cluster               : Discovered replica set primary ac-3mufzp1-shard-00-01.4nosy2u.mongodb.net:27017 with max election id 7fffffff00000000000000ca and max set version 46
2026-03-27T09:39:24.228+05:30  INFO 99702 --- [academic-service] [ngodb.net:27017] org.mongodb.driver.cluster               : Monitor thread successfully connected to server with description ServerDescription{address=ac-3mufzp1-shard-00-02.4nosy2u.mongodb.net:27017, type=REPLICA_SET_SECONDARY, state=CONNECTED, ok=true, minWireVersion=0, maxWireVersion=25, maxDocumentSize=16777216, logicalSessionTimeoutMinutes=30, roundTripTimeNanos=89426334, setName='atlas-hy5sqn-shard-0', canonicalAddress=ac-3mufzp1-shard-00-02.4nosy2u.mongodb.net:27017, hosts=[ac-3mufzp1-shard-00-00.4nosy2u.mongodb.net:27017, ac-3mufzp1-shard-00-02.4nosy2u.mongodb.net:27017, ac-3mufzp1-shard-00-01.4nosy2u.mongodb.net:27017], passives=[], arbiters=[], primary='ac-3mufzp1-shard-00-01.4nosy2u.mongodb.net:27017', tagSet=TagSet{[Tag{name='availabilityZone', value='aps1-az2'}, Tag{name='diskState', value='READY'}, Tag{name='nodeType', value='ELECTABLE'}, Tag{name='provider', value='AWS'}, Tag{name='region', value='AP_SOUTH_1'}, Tag{name='workloadType', value='OPERATIONAL'}]}, electionId=null, setVersion=46, topologyVersion=TopologyVersion{processId=69b31436cf980eb974c6b7c1, counter=3}, lastWriteDate=Fri Mar 27 09:39:24 IST 2026, lastUpdateTimeNanos=155965386908833}
2026-03-27T09:39:30.285+05:30  INFO 99702 --- [academic-service] [ngodb.net:27017] org.mongodb.driver.cluster               : Monitor thread successfully connected to server with description ServerDescription{address=ac-3mufzp1-shard-00-00.4nosy2u.mongodb.net:27017, type=REPLICA_SET_SECONDARY, state=CONNECTED, ok=true, minWireVersion=0, maxWireVersion=25, maxDocumentSize=16777216, logicalSessionTimeoutMinutes=30, roundTripTimeNanos=95344458, setName='atlas-hy5sqn-shard-0', canonicalAddress=ac-3mufzp1-shard-00-00.4nosy2u.mongodb.net:27017, hosts=[ac-3mufzp1-shard-00-00.4nosy2u.mongodb.net:27017, ac-3mufzp1-shard-00-02.4nosy2u.mongodb.net:27017, ac-3mufzp1-shard-00-01.4nosy2u.mongodb.net:27017], passives=[], arbiters=[], primary='ac-3mufzp1-shard-00-01.4nosy2u.mongodb.net:27017', tagSet=TagSet{[Tag{name='availabilityZone', value='aps1-az1'}, Tag{name='diskState', value='READY'}, Tag{name='nodeType', value='ELECTABLE'}, Tag{name='provider', value='AWS'}, Tag{name='region', value='AP_SOUTH_1'}, Tag{name='workloadType', value='OPERATIONAL'}]}, electionId=null, setVersion=46, topologyVersion=TopologyVersion{processId=69b30edff67384ce6d9efce1, counter=4}, lastWriteDate=Fri Mar 27 09:39:30 IST 2026, lastUpdateTimeNanos=155971447822125}
2026-03-27T09:43:46.772+05:30  INFO 99702 --- [academic-service] [trap-executor-0] c.n.d.s.r.aws.ConfigClusterResolver      : Resolving eureka endpoints via configuration
2026-03-27T09:53:44.312+05:30  INFO 99702 --- [academic-service] [ngodb.net:27017] org.mongodb.driver.cluster               : Exception in monitor thread while connecting to server ac-3mufzp1-shard-00-00.4nosy2u.mongodb.net:27017

com.mongodb.MongoSocketReadTimeoutException: Timeout while receiving message
	at com.mongodb.internal.connection.InternalStreamConnection.translateReadException(InternalStreamConnection.java:728) ~[mongodb-driver-core-4.11.2.jar:na]
	at com.mongodb.internal.connection.InternalStreamConnection.receiveMessageWithAdditionalTimeout(InternalStreamConnection.java:606) ~[mongodb-driver-core-4.11.2.jar:na]
	at com.mongodb.internal.connection.InternalStreamConnection.receiveCommandMessageResponse(InternalStreamConnection.java:451) ~[mongodb-driver-core-4.11.2.jar:na]
	at com.mongodb.internal.connection.InternalStreamConnection.receive(InternalStreamConnection.java:404) ~[mongodb-driver-core-4.11.2.jar:na]
	at com.mongodb.internal.connection.DefaultServerMonitor$ServerMonitorRunnable.lookupServerDescription(DefaultServerMonitor.java:221) ~[mongodb-driver-core-4.11.2.jar:na]
	at com.mongodb.internal.connection.DefaultServerMonitor$ServerMonitorRunnable.run(DefaultServerMonitor.java:153) ~[mongodb-driver-core-4.11.2.jar:na]
	at java.base/java.lang.Thread.run(Thread.java:1583) ~[na:na]
Caused by: java.net.SocketTimeoutException: Read timed out
	at java.base/sun.nio.ch.NioSocketImpl.timedRead(NioSocketImpl.java:278) ~[na:na]
	at java.base/sun.nio.ch.NioSocketImpl.implRead(NioSocketImpl.java:304) ~[na:na]
	at java.base/sun.nio.ch.NioSocketImpl.read(NioSocketImpl.java:346) ~[na:na]
	at java.base/sun.nio.ch.NioSocketImpl$1.read(NioSocketImpl.java:796) ~[na:na]
	at java.base/java.net.Socket$SocketInputStream.read(Socket.java:1099) ~[na:na]
	at java.base/sun.security.ssl.SSLSocketInputRecord.read(SSLSocketInputRecord.java:489) ~[na:na]
	at java.base/sun.security.ssl.SSLSocketInputRecord.readHeader(SSLSocketInputRecord.java:483) ~[na:na]
	at java.base/sun.security.ssl.SSLSocketInputRecord.bytesInCompletePacket(SSLSocketInputRecord.java:70) ~[na:na]
	at java.base/sun.security.ssl.SSLSocketImpl.readApplicationRecord(SSLSocketImpl.java:1461) ~[na:na]
	at java.base/sun.security.ssl.SSLSocketImpl$AppInputStream.read(SSLSocketImpl.java:1066) ~[na:na]
	at com.mongodb.internal.connection.SocketStream.read(SocketStream.java:175) ~[mongodb-driver-core-4.11.2.jar:na]
	at com.mongodb.internal.connection.SocketStream.read(SocketStream.java:200) ~[mongodb-driver-core-4.11.2.jar:na]
	at com.mongodb.internal.connection.InternalStreamConnection.receiveResponseBuffers(InternalStreamConnection.java:739) ~[mongodb-driver-core-4.11.2.jar:na]
	at com.mongodb.internal.connection.InternalStreamConnection.receiveMessageWithAdditionalTimeout(InternalStreamConnection.java:603) ~[mongodb-driver-core-4.11.2.jar:na]
	... 5 common frames omitted

2026-03-27T09:53:44.427+05:30  INFO 99702 --- [academic-service] [ngodb.net:27017] org.mongodb.driver.cluster               : Monitor thread successfully connected to server with description ServerDescription{address=ac-3mufzp1-shard-00-00.4nosy2u.mongodb.net:27017, type=REPLICA_SET_SECONDARY, state=CONNECTED, ok=true, minWireVersion=0, maxWireVersion=25, maxDocumentSize=16777216, logicalSessionTimeoutMinutes=30, roundTripTimeNanos=43455208, setName='atlas-hy5sqn-shard-0', canonicalAddress=ac-3mufzp1-shard-00-00.4nosy2u.mongodb.net:27017, hosts=[ac-3mufzp1-shard-00-00.4nosy2u.mongodb.net:27017, ac-3mufzp1-shard-00-02.4nosy2u.mongodb.net:27017, ac-3mufzp1-shard-00-01.4nosy2u.mongodb.net:27017], passives=[], arbiters=[], primary='ac-3mufzp1-shard-00-01.4nosy2u.mongodb.net:27017', tagSet=TagSet{[Tag{name='availabilityZone', value='aps1-az1'}, Tag{name='diskState', value='READY'}, Tag{name='nodeType', value='ELECTABLE'}, Tag{name='provider', value='AWS'}, Tag{name='region', value='AP_SOUTH_1'}, Tag{name='workloadType', value='OPERATIONAL'}]}, electionId=null, setVersion=46, topologyVersion=TopologyVersion{processId=69b30edff67384ce6d9efce1, counter=4}, lastWriteDate=Fri Mar 27 09:53:44 IST 2026, lastUpdateTimeNanos=156261822173666}
2026-03-27T09:53:46.700+05:30  INFO 99702 --- [academic-service] [ngodb.net:27017] org.mongodb.driver.cluster               : Exception in monitor thread while connecting to server ac-3mufzp1-shard-00-01.4nosy2u.mongodb.net:27017

com.mongodb.MongoSocketReadTimeoutException: Timeout while receiving message
	at com.mongodb.internal.connection.InternalStreamConnection.translateReadException(InternalStreamConnection.java:728) ~[mongodb-driver-core-4.11.2.jar:na]
	at com.mongodb.internal.connection.InternalStreamConnection.receiveMessageWithAdditionalTimeout(InternalStreamConnection.java:606) ~[mongodb-driver-core-4.11.2.jar:na]
	at com.mongodb.internal.connection.InternalStreamConnection.receiveCommandMessageResponse(InternalStreamConnection.java:451) ~[mongodb-driver-core-4.11.2.jar:na]
	at com.mongodb.internal.connection.InternalStreamConnection.receive(InternalStreamConnection.java:404) ~[mongodb-driver-core-4.11.2.jar:na]
	at com.mongodb.internal.connection.DefaultServerMonitor$ServerMonitorRunnable.lookupServerDescription(DefaultServerMonitor.java:221) ~[mongodb-driver-core-4.11.2.jar:na]
	at com.mongodb.internal.connection.DefaultServerMonitor$ServerMonitorRunnable.run(DefaultServerMonitor.java:153) ~[mongodb-driver-core-4.11.2.jar:na]
	at java.base/java.lang.Thread.run(Thread.java:1583) ~[na:na]
Caused by: java.net.SocketTimeoutException: Read timed out
	at java.base/sun.nio.ch.NioSocketImpl.timedRead(NioSocketImpl.java:278) ~[na:na]
	at java.base/sun.nio.ch.NioSocketImpl.implRead(NioSocketImpl.java:304) ~[na:na]
	at java.base/sun.nio.ch.NioSocketImpl.read(NioSocketImpl.java:346) ~[na:na]
	at java.base/sun.nio.ch.NioSocketImpl$1.read(NioSocketImpl.java:796) ~[na:na]
	at java.base/java.net.Socket$SocketInputStream.read(Socket.java:1099) ~[na:na]
	at java.base/sun.security.ssl.SSLSocketInputRecord.read(SSLSocketInputRecord.java:489) ~[na:na]
	at java.base/sun.security.ssl.SSLSocketInputRecord.readHeader(SSLSocketInputRecord.java:483) ~[na:na]
	at java.base/sun.security.ssl.SSLSocketInputRecord.bytesInCompletePacket(SSLSocketInputRecord.java:70) ~[na:na]
	at java.base/sun.security.ssl.SSLSocketImpl.readApplicationRecord(SSLSocketImpl.java:1461) ~[na:na]
	at java.base/sun.security.ssl.SSLSocketImpl$AppInputStream.read(SSLSocketImpl.java:1066) ~[na:na]
	at com.mongodb.internal.connection.SocketStream.read(SocketStream.java:175) ~[mongodb-driver-core-4.11.2.jar:na]
	at com.mongodb.internal.connection.SocketStream.read(SocketStream.java:200) ~[mongodb-driver-core-4.11.2.jar:na]
	at com.mongodb.internal.connection.InternalStreamConnection.receiveResponseBuffers(InternalStreamConnection.java:739) ~[mongodb-driver-core-4.11.2.jar:na]
	at com.mongodb.internal.connection.InternalStreamConnection.receiveMessageWithAdditionalTimeout(InternalStreamConnection.java:603) ~[mongodb-driver-core-4.11.2.jar:na]
	... 5 common frames omitted

2026-03-27T09:53:47.092+05:30  INFO 99702 --- [academic-service] [ngodb.net:27017] org.mongodb.driver.cluster               : Monitor thread successfully connected to server with description ServerDescription{address=ac-3mufzp1-shard-00-01.4nosy2u.mongodb.net:27017, type=REPLICA_SET_PRIMARY, state=CONNECTED, ok=true, minWireVersion=0, maxWireVersion=25, maxDocumentSize=16777216, logicalSessionTimeoutMinutes=30, roundTripTimeNanos=177288208, setName='atlas-hy5sqn-shard-0', canonicalAddress=ac-3mufzp1-shard-00-01.4nosy2u.mongodb.net:27017, hosts=[ac-3mufzp1-shard-00-00.4nosy2u.mongodb.net:27017, ac-3mufzp1-shard-00-02.4nosy2u.mongodb.net:27017, ac-3mufzp1-shard-00-01.4nosy2u.mongodb.net:27017], passives=[], arbiters=[], primary='ac-3mufzp1-shard-00-01.4nosy2u.mongodb.net:27017', tagSet=TagSet{[Tag{name='availabilityZone', value='aps1-az3'}, Tag{name='diskState', value='READY'}, Tag{name='nodeType', value='ELECTABLE'}, Tag{name='provider', value='AWS'}, Tag{name='region', value='AP_SOUTH_1'}, Tag{name='workloadType', value='OPERATIONAL'}]}, electionId=7fffffff00000000000000ca, setVersion=46, topologyVersion=TopologyVersion{processId=69b311797648454b51f7c7a8, counter=6}, lastWriteDate=Fri Mar 27 09:53:46 IST 2026, lastUpdateTimeNanos=156264487169541}
2026-03-27T09:53:47.093+05:30  INFO 99702 --- [academic-service] [ngodb.net:27017] org.mongodb.driver.cluster               : Discovered replica set primary ac-3mufzp1-shard-00-01.4nosy2u.mongodb.net:27017 with max election id 7fffffff00000000000000ca and max set version 46
2026-03-27T09:53:48.348+05:30  INFO 99702 --- [academic-service] [ngodb.net:27017] org.mongodb.driver.cluster               : Exception in monitor thread while connecting to server ac-3mufzp1-shard-00-02.4nosy2u.mongodb.net:27017

com.mongodb.MongoSocketReadTimeoutException: Timeout while receiving message
	at com.mongodb.internal.connection.InternalStreamConnection.translateReadException(InternalStreamConnection.java:728) ~[mongodb-driver-core-4.11.2.jar:na]
	at com.mongodb.internal.connection.InternalStreamConnection.receiveMessageWithAdditionalTimeout(InternalStreamConnection.java:606) ~[mongodb-driver-core-4.11.2.jar:na]
	at com.mongodb.internal.connection.InternalStreamConnection.receiveCommandMessageResponse(InternalStreamConnection.java:451) ~[mongodb-driver-core-4.11.2.jar:na]
	at com.mongodb.internal.connection.InternalStreamConnection.receive(InternalStreamConnection.java:404) ~[mongodb-driver-core-4.11.2.jar:na]
	at com.mongodb.internal.connection.DefaultServerMonitor$ServerMonitorRunnable.lookupServerDescription(DefaultServerMonitor.java:221) ~[mongodb-driver-core-4.11.2.jar:na]
	at com.mongodb.internal.connection.DefaultServerMonitor$ServerMonitorRunnable.run(DefaultServerMonitor.java:153) ~[mongodb-driver-core-4.11.2.jar:na]
	at java.base/java.lang.Thread.run(Thread.java:1583) ~[na:na]
Caused by: java.net.SocketTimeoutException: Read timed out
	at java.base/sun.nio.ch.NioSocketImpl.timedRead(NioSocketImpl.java:278) ~[na:na]
	at java.base/sun.nio.ch.NioSocketImpl.implRead(NioSocketImpl.java:304) ~[na:na]
	at java.base/sun.nio.ch.NioSocketImpl.read(NioSocketImpl.java:346) ~[na:na]
	at java.base/sun.nio.ch.NioSocketImpl$1.read(NioSocketImpl.java:796) ~[na:na]
	at java.base/java.net.Socket$SocketInputStream.read(Socket.java:1099) ~[na:na]
	at java.base/sun.security.ssl.SSLSocketInputRecord.read(SSLSocketInputRecord.java:489) ~[na:na]
	at java.base/sun.security.ssl.SSLSocketInputRecord.readHeader(SSLSocketInputRecord.java:483) ~[na:na]
	at java.base/sun.security.ssl.SSLSocketInputRecord.bytesInCompletePacket(SSLSocketInputRecord.java:70) ~[na:na]
	at java.base/sun.security.ssl.SSLSocketImpl.readApplicationRecord(SSLSocketImpl.java:1461) ~[na:na]
	at java.base/sun.security.ssl.SSLSocketImpl$AppInputStream.read(SSLSocketImpl.java:1066) ~[na:na]
	at com.mongodb.internal.connection.SocketStream.read(SocketStream.java:175) ~[mongodb-driver-core-4.11.2.jar:na]
	at com.mongodb.internal.connection.SocketStream.read(SocketStream.java:200) ~[mongodb-driver-core-4.11.2.jar:na]
	at com.mongodb.internal.connection.InternalStreamConnection.receiveResponseBuffers(InternalStreamConnection.java:739) ~[mongodb-driver-core-4.11.2.jar:na]
	at com.mongodb.internal.connection.InternalStreamConnection.receiveMessageWithAdditionalTimeout(InternalStreamConnection.java:603) ~[mongodb-driver-core-4.11.2.jar:na]
	... 5 common frames omitted

2026-03-27T09:53:48.957+05:30  INFO 99702 --- [academic-service] [ngodb.net:27017] org.mongodb.driver.cluster               : Monitor thread successfully connected to server with description ServerDescription{address=ac-3mufzp1-shard-00-02.4nosy2u.mongodb.net:27017, type=REPLICA_SET_SECONDARY, state=CONNECTED, ok=true, minWireVersion=0, maxWireVersion=25, maxDocumentSize=16777216, logicalSessionTimeoutMinutes=30, roundTripTimeNanos=177492750, setName='atlas-hy5sqn-shard-0', canonicalAddress=ac-3mufzp1-shard-00-02.4nosy2u.mongodb.net:27017, hosts=[ac-3mufzp1-shard-00-00.4nosy2u.mongodb.net:27017, ac-3mufzp1-shard-00-02.4nosy2u.mongodb.net:27017, ac-3mufzp1-shard-00-01.4nosy2u.mongodb.net:27017], passives=[], arbiters=[], primary='ac-3mufzp1-shard-00-01.4nosy2u.mongodb.net:27017', tagSet=TagSet{[Tag{name='availabilityZone', value='aps1-az2'}, Tag{name='diskState', value='READY'}, Tag{name='nodeType', value='ELECTABLE'}, Tag{name='provider', value='AWS'}, Tag{name='region', value='AP_SOUTH_1'}, Tag{name='workloadType', value='OPERATIONAL'}]}, electionId=null, setVersion=46, topologyVersion=TopologyVersion{processId=69b31436cf980eb974c6b7c1, counter=3}, lastWriteDate=Fri Mar 27 09:53:48 IST 2026, lastUpdateTimeNanos=156266352103416}
2026-03-27T10:01:00.915+05:30  INFO 99702 --- [academic-service] [ngodb.net:27017] org.mongodb.driver.cluster               : Exception in monitor thread while connecting to server ac-3mufzp1-shard-00-02.4nosy2u.mongodb.net:27017

com.mongodb.MongoSocketReadTimeoutException: Timeout while receiving message
	at com.mongodb.internal.connection.InternalStreamConnection.translateReadException(InternalStreamConnection.java:728) ~[mongodb-driver-core-4.11.2.jar:na]
	at com.mongodb.internal.connection.InternalStreamConnection.receiveMessageWithAdditionalTimeout(InternalStreamConnection.java:606) ~[mongodb-driver-core-4.11.2.jar:na]
	at com.mongodb.internal.connection.InternalStreamConnection.receiveCommandMessageResponse(InternalStreamConnection.java:451) ~[mongodb-driver-core-4.11.2.jar:na]
	at com.mongodb.internal.connection.InternalStreamConnection.receive(InternalStreamConnection.java:404) ~[mongodb-driver-core-4.11.2.jar:na]
	at com.mongodb.internal.connection.DefaultServerMonitor$ServerMonitorRunnable.lookupServerDescription(DefaultServerMonitor.java:221) ~[mongodb-driver-core-4.11.2.jar:na]
	at com.mongodb.internal.connection.DefaultServerMonitor$ServerMonitorRunnable.run(DefaultServerMonitor.java:153) ~[mongodb-driver-core-4.11.2.jar:na]
	at java.base/java.lang.Thread.run(Thread.java:1583) ~[na:na]
Caused by: java.net.SocketTimeoutException: Read timed out
	at java.base/sun.nio.ch.NioSocketImpl.timedRead(NioSocketImpl.java:278) ~[na:na]
	at java.base/sun.nio.ch.NioSocketImpl.implRead(NioSocketImpl.java:304) ~[na:na]
	at java.base/sun.nio.ch.NioSocketImpl.read(NioSocketImpl.java:346) ~[na:na]
	at java.base/sun.nio.ch.NioSocketImpl$1.read(NioSocketImpl.java:796) ~[na:na]
	at java.base/java.net.Socket$SocketInputStream.read(Socket.java:1099) ~[na:na]
	at java.base/sun.security.ssl.SSLSocketInputRecord.read(SSLSocketInputRecord.java:489) ~[na:na]
	at java.base/sun.security.ssl.SSLSocketInputRecord.readHeader(SSLSocketInputRecord.java:483) ~[na:na]
	at java.base/sun.security.ssl.SSLSocketInputRecord.bytesInCompletePacket(SSLSocketInputRecord.java:70) ~[na:na]
	at java.base/sun.security.ssl.SSLSocketImpl.readApplicationRecord(SSLSocketImpl.java:1461) ~[na:na]
	at java.base/sun.security.ssl.SSLSocketImpl$AppInputStream.read(SSLSocketImpl.java:1066) ~[na:na]
	at com.mongodb.internal.connection.SocketStream.read(SocketStream.java:175) ~[mongodb-driver-core-4.11.2.jar:na]
	at com.mongodb.internal.connection.SocketStream.read(SocketStream.java:200) ~[mongodb-driver-core-4.11.2.jar:na]
	at com.mongodb.internal.connection.InternalStreamConnection.receiveResponseBuffers(InternalStreamConnection.java:739) ~[mongodb-driver-core-4.11.2.jar:na]
	at com.mongodb.internal.connection.InternalStreamConnection.receiveMessageWithAdditionalTimeout(InternalStreamConnection.java:603) ~[mongodb-driver-core-4.11.2.jar:na]
	... 5 common frames omitted

2026-03-27T10:01:01.057+05:30  INFO 99702 --- [academic-service] [ngodb.net:27017] org.mongodb.driver.cluster               : Monitor thread successfully connected to server with description ServerDescription{address=ac-3mufzp1-shard-00-02.4nosy2u.mongodb.net:27017, type=REPLICA_SET_SECONDARY, state=CONNECTED, ok=true, minWireVersion=0, maxWireVersion=25, maxDocumentSize=16777216, logicalSessionTimeoutMinutes=30, roundTripTimeNanos=64791250, setName='atlas-hy5sqn-shard-0', canonicalAddress=ac-3mufzp1-shard-00-02.4nosy2u.mongodb.net:27017, hosts=[ac-3mufzp1-shard-00-00.4nosy2u.mongodb.net:27017, ac-3mufzp1-shard-00-02.4nosy2u.mongodb.net:27017, ac-3mufzp1-shard-00-01.4nosy2u.mongodb.net:27017], passives=[], arbiters=[], primary='ac-3mufzp1-shard-00-01.4nosy2u.mongodb.net:27017', tagSet=TagSet{[Tag{name='availabilityZone', value='aps1-az2'}, Tag{name='diskState', value='READY'}, Tag{name='nodeType', value='ELECTABLE'}, Tag{name='provider', value='AWS'}, Tag{name='region', value='AP_SOUTH_1'}, Tag{name='workloadType', value='OPERATIONAL'}]}, electionId=null, setVersion=46, topologyVersion=TopologyVersion{processId=69b31436cf980eb974c6b7c1, counter=3}, lastWriteDate=Fri Mar 27 10:01:01 IST 2026, lastUpdateTimeNanos=156296500505583}
2026-03-27T10:01:06.416+05:30  INFO 99702 --- [academic-service] [ngodb.net:27017] org.mongodb.driver.cluster               : Exception in monitor thread while connecting to server ac-3mufzp1-shard-00-00.4nosy2u.mongodb.net:27017

com.mongodb.MongoSocketReadTimeoutException: Timeout while receiving message
	at com.mongodb.internal.connection.InternalStreamConnection.translateReadException(InternalStreamConnection.java:728) ~[mongodb-driver-core-4.11.2.jar:na]
	at com.mongodb.internal.connection.InternalStreamConnection.receiveMessageWithAdditionalTimeout(InternalStreamConnection.java:606) ~[mongodb-driver-core-4.11.2.jar:na]
	at com.mongodb.internal.connection.InternalStreamConnection.receiveCommandMessageResponse(InternalStreamConnection.java:451) ~[mongodb-driver-core-4.11.2.jar:na]
	at com.mongodb.internal.connection.InternalStreamConnection.receive(InternalStreamConnection.java:404) ~[mongodb-driver-core-4.11.2.jar:na]
	at com.mongodb.internal.connection.DefaultServerMonitor$ServerMonitorRunnable.lookupServerDescription(DefaultServerMonitor.java:221) ~[mongodb-driver-core-4.11.2.jar:na]
	at com.mongodb.internal.connection.DefaultServerMonitor$ServerMonitorRunnable.run(DefaultServerMonitor.java:153) ~[mongodb-driver-core-4.11.2.jar:na]
	at java.base/java.lang.Thread.run(Thread.java:1583) ~[na:na]
Caused by: java.net.SocketTimeoutException: Read timed out
	at java.base/sun.nio.ch.NioSocketImpl.timedRead(NioSocketImpl.java:278) ~[na:na]
	at java.base/sun.nio.ch.NioSocketImpl.implRead(NioSocketImpl.java:304) ~[na:na]
	at java.base/sun.nio.ch.NioSocketImpl.read(NioSocketImpl.java:346) ~[na:na]
	at java.base/sun.nio.ch.NioSocketImpl$1.read(NioSocketImpl.java:796) ~[na:na]
	at java.base/java.net.Socket$SocketInputStream.read(Socket.java:1099) ~[na:na]
	at java.base/sun.security.ssl.SSLSocketInputRecord.read(SSLSocketInputRecord.java:489) ~[na:na]
	at java.base/sun.security.ssl.SSLSocketInputRecord.readHeader(SSLSocketInputRecord.java:483) ~[na:na]
	at java.base/sun.security.ssl.SSLSocketInputRecord.bytesInCompletePacket(SSLSocketInputRecord.java:70) ~[na:na]
	at java.base/sun.security.ssl.SSLSocketImpl.readApplicationRecord(SSLSocketImpl.java:1461) ~[na:na]
	at java.base/sun.security.ssl.SSLSocketImpl$AppInputStream.read(SSLSocketImpl.java:1066) ~[na:na]
	at com.mongodb.internal.connection.SocketStream.read(SocketStream.java:175) ~[mongodb-driver-core-4.11.2.jar:na]
	at com.mongodb.internal.connection.SocketStream.read(SocketStream.java:200) ~[mongodb-driver-core-4.11.2.jar:na]
	at com.mongodb.internal.connection.InternalStreamConnection.receiveResponseBuffers(InternalStreamConnection.java:739) ~[mongodb-driver-core-4.11.2.jar:na]
	at com.mongodb.internal.connection.InternalStreamConnection.receiveMessageWithAdditionalTimeout(InternalStreamConnection.java:603) ~[mongodb-driver-core-4.11.2.jar:na]
	... 5 common frames omitted

2026-03-27T10:01:06.567+05:30  INFO 99702 --- [academic-service] [ngodb.net:27017] org.mongodb.driver.cluster               : Monitor thread successfully connected to server with description ServerDescription{address=ac-3mufzp1-shard-00-00.4nosy2u.mongodb.net:27017, type=REPLICA_SET_SECONDARY, state=CONNECTED, ok=true, minWireVersion=0, maxWireVersion=25, maxDocumentSize=16777216, logicalSessionTimeoutMinutes=30, roundTripTimeNanos=62303625, setName='atlas-hy5sqn-shard-0', canonicalAddress=ac-3mufzp1-shard-00-00.4nosy2u.mongodb.net:27017, hosts=[ac-3mufzp1-shard-00-00.4nosy2u.mongodb.net:27017, ac-3mufzp1-shard-00-02.4nosy2u.mongodb.net:27017, ac-3mufzp1-shard-00-01.4nosy2u.mongodb.net:27017], passives=[], arbiters=[], primary='ac-3mufzp1-shard-00-01.4nosy2u.mongodb.net:27017', tagSet=TagSet{[Tag{name='availabilityZone', value='aps1-az1'}, Tag{name='diskState', value='READY'}, Tag{name='nodeType', value='ELECTABLE'}, Tag{name='provider', value='AWS'}, Tag{name='region', value='AP_SOUTH_1'}, Tag{name='workloadType', value='OPERATIONAL'}]}, electionId=null, setVersion=46, topologyVersion=TopologyVersion{processId=69b30edff67384ce6d9efce1, counter=4}, lastWriteDate=Fri Mar 27 10:01:06 IST 2026, lastUpdateTimeNanos=156302009250583}
2026-03-27T10:01:09.148+05:30  INFO 99702 --- [academic-service] [ngodb.net:27017] org.mongodb.driver.cluster               : Exception in monitor thread while connecting to server ac-3mufzp1-shard-00-01.4nosy2u.mongodb.net:27017

com.mongodb.MongoSocketReadTimeoutException: Timeout while receiving message
	at com.mongodb.internal.connection.InternalStreamConnection.translateReadException(InternalStreamConnection.java:728) ~[mongodb-driver-core-4.11.2.jar:na]
	at com.mongodb.internal.connection.InternalStreamConnection.receiveMessageWithAdditionalTimeout(InternalStreamConnection.java:606) ~[mongodb-driver-core-4.11.2.jar:na]
	at com.mongodb.internal.connection.InternalStreamConnection.receiveCommandMessageResponse(InternalStreamConnection.java:451) ~[mongodb-driver-core-4.11.2.jar:na]
	at com.mongodb.internal.connection.InternalStreamConnection.receive(InternalStreamConnection.java:404) ~[mongodb-driver-core-4.11.2.jar:na]
	at com.mongodb.internal.connection.DefaultServerMonitor$ServerMonitorRunnable.lookupServerDescription(DefaultServerMonitor.java:221) ~[mongodb-driver-core-4.11.2.jar:na]
	at com.mongodb.internal.connection.DefaultServerMonitor$ServerMonitorRunnable.run(DefaultServerMonitor.java:153) ~[mongodb-driver-core-4.11.2.jar:na]
	at java.base/java.lang.Thread.run(Thread.java:1583) ~[na:na]
Caused by: java.net.SocketTimeoutException: Read timed out
	at java.base/sun.nio.ch.NioSocketImpl.timedRead(NioSocketImpl.java:278) ~[na:na]
	at java.base/sun.nio.ch.NioSocketImpl.implRead(NioSocketImpl.java:304) ~[na:na]
	at java.base/sun.nio.ch.NioSocketImpl.read(NioSocketImpl.java:346) ~[na:na]
	at java.base/sun.nio.ch.NioSocketImpl$1.read(NioSocketImpl.java:796) ~[na:na]
	at java.base/java.net.Socket$SocketInputStream.read(Socket.java:1099) ~[na:na]
	at java.base/sun.security.ssl.SSLSocketInputRecord.read(SSLSocketInputRecord.java:489) ~[na:na]
	at java.base/sun.security.ssl.SSLSocketInputRecord.readHeader(SSLSocketInputRecord.java:483) ~[na:na]
	at java.base/sun.security.ssl.SSLSocketInputRecord.bytesInCompletePacket(SSLSocketInputRecord.java:70) ~[na:na]
	at java.base/sun.security.ssl.SSLSocketImpl.readApplicationRecord(SSLSocketImpl.java:1461) ~[na:na]
	at java.base/sun.security.ssl.SSLSocketImpl$AppInputStream.read(SSLSocketImpl.java:1066) ~[na:na]
	at com.mongodb.internal.connection.SocketStream.read(SocketStream.java:175) ~[mongodb-driver-core-4.11.2.jar:na]
	at com.mongodb.internal.connection.SocketStream.read(SocketStream.java:200) ~[mongodb-driver-core-4.11.2.jar:na]
	at com.mongodb.internal.connection.InternalStreamConnection.receiveResponseBuffers(InternalStreamConnection.java:739) ~[mongodb-driver-core-4.11.2.jar:na]
	at com.mongodb.internal.connection.InternalStreamConnection.receiveMessageWithAdditionalTimeout(InternalStreamConnection.java:603) ~[mongodb-driver-core-4.11.2.jar:na]
	... 5 common frames omitted

2026-03-27T10:01:09.593+05:30  INFO 99702 --- [academic-service] [ngodb.net:27017] org.mongodb.driver.cluster               : Monitor thread successfully connected to server with description ServerDescription{address=ac-3mufzp1-shard-00-01.4nosy2u.mongodb.net:27017, type=REPLICA_SET_PRIMARY, state=CONNECTED, ok=true, minWireVersion=0, maxWireVersion=25, maxDocumentSize=16777216, logicalSessionTimeoutMinutes=30, roundTripTimeNanos=189620542, setName='atlas-hy5sqn-shard-0', canonicalAddress=ac-3mufzp1-shard-00-01.4nosy2u.mongodb.net:27017, hosts=[ac-3mufzp1-shard-00-00.4nosy2u.mongodb.net:27017, ac-3mufzp1-shard-00-02.4nosy2u.mongodb.net:27017, ac-3mufzp1-shard-00-01.4nosy2u.mongodb.net:27017], passives=[], arbiters=[], primary='ac-3mufzp1-shard-00-01.4nosy2u.mongodb.net:27017', tagSet=TagSet{[Tag{name='availabilityZone', value='aps1-az3'}, Tag{name='diskState', value='READY'}, Tag{name='nodeType', value='ELECTABLE'}, Tag{name='provider', value='AWS'}, Tag{name='region', value='AP_SOUTH_1'}, Tag{name='workloadType', value='OPERATIONAL'}]}, electionId=7fffffff00000000000000ca, setVersion=46, topologyVersion=TopologyVersion{processId=69b311797648454b51f7c7a8, counter=6}, lastWriteDate=Fri Mar 27 10:01:09 IST 2026, lastUpdateTimeNanos=156305035250250}
2026-03-27T10:01:09.593+05:30  INFO 99702 --- [academic-service] [ngodb.net:27017] org.mongodb.driver.cluster               : Discovered replica set primary ac-3mufzp1-shard-00-01.4nosy2u.mongodb.net:27017 with max election id 7fffffff00000000000000ca and max set version 46
2026-03-27T10:11:39.543+05:30  INFO 99702 --- [academic-service] [ngodb.net:27017] org.mongodb.driver.cluster               : Exception in monitor thread while connecting to server ac-3mufzp1-shard-00-00.4nosy2u.mongodb.net:27017

com.mongodb.MongoSocketReadTimeoutException: Timeout while receiving message
	at com.mongodb.internal.connection.InternalStreamConnection.translateReadException(InternalStreamConnection.java:728) ~[mongodb-driver-core-4.11.2.jar:na]
	at com.mongodb.internal.connection.InternalStreamConnection.receiveMessageWithAdditionalTimeout(InternalStreamConnection.java:606) ~[mongodb-driver-core-4.11.2.jar:na]
	at com.mongodb.internal.connection.InternalStreamConnection.receiveCommandMessageResponse(InternalStreamConnection.java:451) ~[mongodb-driver-core-4.11.2.jar:na]
	at com.mongodb.internal.connection.InternalStreamConnection.receive(InternalStreamConnection.java:404) ~[mongodb-driver-core-4.11.2.jar:na]
	at com.mongodb.internal.connection.DefaultServerMonitor$ServerMonitorRunnable.lookupServerDescription(DefaultServerMonitor.java:221) ~[mongodb-driver-core-4.11.2.jar:na]
	at com.mongodb.internal.connection.DefaultServerMonitor$ServerMonitorRunnable.run(DefaultServerMonitor.java:153) ~[mongodb-driver-core-4.11.2.jar:na]
	at java.base/java.lang.Thread.run(Thread.java:1583) ~[na:na]
Caused by: java.net.SocketTimeoutException: Read timed out
	at java.base/sun.nio.ch.NioSocketImpl.timedRead(NioSocketImpl.java:278) ~[na:na]
	at java.base/sun.nio.ch.NioSocketImpl.implRead(NioSocketImpl.java:304) ~[na:na]
	at java.base/sun.nio.ch.NioSocketImpl.read(NioSocketImpl.java:346) ~[na:na]
	at java.base/sun.nio.ch.NioSocketImpl$1.read(NioSocketImpl.java:796) ~[na:na]
	at java.base/java.net.Socket$SocketInputStream.read(Socket.java:1099) ~[na:na]
	at java.base/sun.security.ssl.SSLSocketInputRecord.read(SSLSocketInputRecord.java:489) ~[na:na]
	at java.base/sun.security.ssl.SSLSocketInputRecord.readHeader(SSLSocketInputRecord.java:483) ~[na:na]
	at java.base/sun.security.ssl.SSLSocketInputRecord.bytesInCompletePacket(SSLSocketInputRecord.java:70) ~[na:na]
	at java.base/sun.security.ssl.SSLSocketImpl.readApplicationRecord(SSLSocketImpl.java:1461) ~[na:na]
	at java.base/sun.security.ssl.SSLSocketImpl$AppInputStream.read(SSLSocketImpl.java:1066) ~[na:na]
	at com.mongodb.internal.connection.SocketStream.read(SocketStream.java:175) ~[mongodb-driver-core-4.11.2.jar:na]
	at com.mongodb.internal.connection.SocketStream.read(SocketStream.java:200) ~[mongodb-driver-core-4.11.2.jar:na]
	at com.mongodb.internal.connection.InternalStreamConnection.receiveResponseBuffers(InternalStreamConnection.java:739) ~[mongodb-driver-core-4.11.2.jar:na]
	at com.mongodb.internal.connection.InternalStreamConnection.receiveMessageWithAdditionalTimeout(InternalStreamConnection.java:603) ~[mongodb-driver-core-4.11.2.jar:na]
	... 5 common frames omitted

2026-03-27T10:11:39.649+05:30  INFO 99702 --- [academic-service] [ngodb.net:27017] org.mongodb.driver.cluster               : Monitor thread successfully connected to server with description ServerDescription{address=ac-3mufzp1-shard-00-00.4nosy2u.mongodb.net:27017, type=REPLICA_SET_SECONDARY, state=CONNECTED, ok=true, minWireVersion=0, maxWireVersion=25, maxDocumentSize=16777216, logicalSessionTimeoutMinutes=30, roundTripTimeNanos=43703917, setName='atlas-hy5sqn-shard-0', canonicalAddress=ac-3mufzp1-shard-00-00.4nosy2u.mongodb.net:27017, hosts=[ac-3mufzp1-shard-00-00.4nosy2u.mongodb.net:27017, ac-3mufzp1-shard-00-02.4nosy2u.mongodb.net:27017, ac-3mufzp1-shard-00-01.4nosy2u.mongodb.net:27017], passives=[], arbiters=[], primary='ac-3mufzp1-shard-00-01.4nosy2u.mongodb.net:27017', tagSet=TagSet{[Tag{name='availabilityZone', value='aps1-az1'}, Tag{name='diskState', value='READY'}, Tag{name='nodeType', value='ELECTABLE'}, Tag{name='provider', value='AWS'}, Tag{name='region', value='AP_SOUTH_1'}, Tag{name='workloadType', value='OPERATIONAL'}]}, electionId=null, setVersion=46, topologyVersion=TopologyVersion{processId=69b30edff67384ce6d9efce1, counter=4}, lastWriteDate=Fri Mar 27 10:11:39 IST 2026, lastUpdateTimeNanos=156402214462291}
2026-03-27T10:11:42.540+05:30  INFO 99702 --- [academic-service] [ngodb.net:27017] org.mongodb.driver.cluster               : Exception in monitor thread while connecting to server ac-3mufzp1-shard-00-01.4nosy2u.mongodb.net:27017

com.mongodb.MongoSocketReadTimeoutException: Timeout while receiving message
	at com.mongodb.internal.connection.InternalStreamConnection.translateReadException(InternalStreamConnection.java:728) ~[mongodb-driver-core-4.11.2.jar:na]
	at com.mongodb.internal.connection.InternalStreamConnection.receiveMessageWithAdditionalTimeout(InternalStreamConnection.java:606) ~[mongodb-driver-core-4.11.2.jar:na]
	at com.mongodb.internal.connection.InternalStreamConnection.receiveCommandMessageResponse(InternalStreamConnection.java:451) ~[mongodb-driver-core-4.11.2.jar:na]
	at com.mongodb.internal.connection.InternalStreamConnection.receive(InternalStreamConnection.java:404) ~[mongodb-driver-core-4.11.2.jar:na]
	at com.mongodb.internal.connection.DefaultServerMonitor$ServerMonitorRunnable.lookupServerDescription(DefaultServerMonitor.java:221) ~[mongodb-driver-core-4.11.2.jar:na]
	at com.mongodb.internal.connection.DefaultServerMonitor$ServerMonitorRunnable.run(DefaultServerMonitor.java:153) ~[mongodb-driver-core-4.11.2.jar:na]
	at java.base/java.lang.Thread.run(Thread.java:1583) ~[na:na]
Caused by: java.net.SocketTimeoutException: Read timed out
	at java.base/sun.nio.ch.NioSocketImpl.timedRead(NioSocketImpl.java:278) ~[na:na]
	at java.base/sun.nio.ch.NioSocketImpl.implRead(NioSocketImpl.java:304) ~[na:na]
	at java.base/sun.nio.ch.NioSocketImpl.read(NioSocketImpl.java:346) ~[na:na]
	at java.base/sun.nio.ch.NioSocketImpl$1.read(NioSocketImpl.java:796) ~[na:na]
	at java.base/java.net.Socket$SocketInputStream.read(Socket.java:1099) ~[na:na]
	at java.base/sun.security.ssl.SSLSocketInputRecord.read(SSLSocketInputRecord.java:489) ~[na:na]
	at java.base/sun.security.ssl.SSLSocketInputRecord.readHeader(SSLSocketInputRecord.java:483) ~[na:na]
	at java.base/sun.security.ssl.SSLSocketInputRecord.bytesInCompletePacket(SSLSocketInputRecord.java:70) ~[na:na]
	at java.base/sun.security.ssl.SSLSocketImpl.readApplicationRecord(SSLSocketImpl.java:1461) ~[na:na]
	at java.base/sun.security.ssl.SSLSocketImpl$AppInputStream.read(SSLSocketImpl.java:1066) ~[na:na]
	at com.mongodb.internal.connection.SocketStream.read(SocketStream.java:175) ~[mongodb-driver-core-4.11.2.jar:na]
	at com.mongodb.internal.connection.SocketStream.read(SocketStream.java:200) ~[mongodb-driver-core-4.11.2.jar:na]
	at com.mongodb.internal.connection.InternalStreamConnection.receiveResponseBuffers(InternalStreamConnection.java:739) ~[mongodb-driver-core-4.11.2.jar:na]
	at com.mongodb.internal.connection.InternalStreamConnection.receiveMessageWithAdditionalTimeout(InternalStreamConnection.java:603) ~[mongodb-driver-core-4.11.2.jar:na]
	... 5 common frames omitted

2026-03-27T10:11:42.680+05:30  INFO 99702 --- [academic-service] [ngodb.net:27017] org.mongodb.driver.cluster               : Monitor thread successfully connected to server with description ServerDescription{address=ac-3mufzp1-shard-00-01.4nosy2u.mongodb.net:27017, type=REPLICA_SET_PRIMARY, state=CONNECTED, ok=true, minWireVersion=0, maxWireVersion=25, maxDocumentSize=16777216, logicalSessionTimeoutMinutes=30, roundTripTimeNanos=72533916, setName='atlas-hy5sqn-shard-0', canonicalAddress=ac-3mufzp1-shard-00-01.4nosy2u.mongodb.net:27017, hosts=[ac-3mufzp1-shard-00-00.4nosy2u.mongodb.net:27017, ac-3mufzp1-shard-00-02.4nosy2u.mongodb.net:27017, ac-3mufzp1-shard-00-01.4nosy2u.mongodb.net:27017], passives=[], arbiters=[], primary='ac-3mufzp1-shard-00-01.4nosy2u.mongodb.net:27017', tagSet=TagSet{[Tag{name='availabilityZone', value='aps1-az3'}, Tag{name='diskState', value='READY'}, Tag{name='nodeType', value='ELECTABLE'}, Tag{name='provider', value='AWS'}, Tag{name='region', value='AP_SOUTH_1'}, Tag{name='workloadType', value='OPERATIONAL'}]}, electionId=7fffffff00000000000000ca, setVersion=46, topologyVersion=TopologyVersion{processId=69b311797648454b51f7c7a8, counter=6}, lastWriteDate=Fri Mar 27 10:11:42 IST 2026, lastUpdateTimeNanos=156405247269000}
2026-03-27T10:11:42.681+05:30  INFO 99702 --- [academic-service] [ngodb.net:27017] org.mongodb.driver.cluster               : Discovered replica set primary ac-3mufzp1-shard-00-01.4nosy2u.mongodb.net:27017 with max election id 7fffffff00000000000000ca and max set version 46
2026-03-27T10:11:44.023+05:30  INFO 99702 --- [academic-service] [ngodb.net:27017] org.mongodb.driver.cluster               : Exception in monitor thread while connecting to server ac-3mufzp1-shard-00-02.4nosy2u.mongodb.net:27017

com.mongodb.MongoSocketReadTimeoutException: Timeout while receiving message
	at com.mongodb.internal.connection.InternalStreamConnection.translateReadException(InternalStreamConnection.java:728) ~[mongodb-driver-core-4.11.2.jar:na]
	at com.mongodb.internal.connection.InternalStreamConnection.receiveMessageWithAdditionalTimeout(InternalStreamConnection.java:606) ~[mongodb-driver-core-4.11.2.jar:na]
	at com.mongodb.internal.connection.InternalStreamConnection.receiveCommandMessageResponse(InternalStreamConnection.java:451) ~[mongodb-driver-core-4.11.2.jar:na]
	at com.mongodb.internal.connection.InternalStreamConnection.receive(InternalStreamConnection.java:404) ~[mongodb-driver-core-4.11.2.jar:na]
	at com.mongodb.internal.connection.DefaultServerMonitor$ServerMonitorRunnable.lookupServerDescription(DefaultServerMonitor.java:221) ~[mongodb-driver-core-4.11.2.jar:na]
	at com.mongodb.internal.connection.DefaultServerMonitor$ServerMonitorRunnable.run(DefaultServerMonitor.java:153) ~[mongodb-driver-core-4.11.2.jar:na]
	at java.base/java.lang.Thread.run(Thread.java:1583) ~[na:na]
Caused by: java.net.SocketTimeoutException: Read timed out
	at java.base/sun.nio.ch.NioSocketImpl.timedRead(NioSocketImpl.java:278) ~[na:na]
	at java.base/sun.nio.ch.NioSocketImpl.implRead(NioSocketImpl.java:304) ~[na:na]
	at java.base/sun.nio.ch.NioSocketImpl.read(NioSocketImpl.java:346) ~[na:na]
	at java.base/sun.nio.ch.NioSocketImpl$1.read(NioSocketImpl.java:796) ~[na:na]
	at java.base/java.net.Socket$SocketInputStream.read(Socket.java:1099) ~[na:na]
	at java.base/sun.security.ssl.SSLSocketInputRecord.read(SSLSocketInputRecord.java:489) ~[na:na]
	at java.base/sun.security.ssl.SSLSocketInputRecord.readHeader(SSLSocketInputRecord.java:483) ~[na:na]
	at java.base/sun.security.ssl.SSLSocketInputRecord.bytesInCompletePacket(SSLSocketInputRecord.java:70) ~[na:na]
	at java.base/sun.security.ssl.SSLSocketImpl.readApplicationRecord(SSLSocketImpl.java:1461) ~[na:na]
	at java.base/sun.security.ssl.SSLSocketImpl$AppInputStream.read(SSLSocketImpl.java:1066) ~[na:na]
	at com.mongodb.internal.connection.SocketStream.read(SocketStream.java:175) ~[mongodb-driver-core-4.11.2.jar:na]
	at com.mongodb.internal.connection.SocketStream.read(SocketStream.java:200) ~[mongodb-driver-core-4.11.2.jar:na]
	at com.mongodb.internal.connection.InternalStreamConnection.receiveResponseBuffers(InternalStreamConnection.java:739) ~[mongodb-driver-core-4.11.2.jar:na]
	at com.mongodb.internal.connection.InternalStreamConnection.receiveMessageWithAdditionalTimeout(InternalStreamConnection.java:603) ~[mongodb-driver-core-4.11.2.jar:na]
	... 5 common frames omitted

2026-03-27T10:11:44.179+05:30  INFO 99702 --- [academic-service] [ngodb.net:27017] org.mongodb.driver.cluster               : Monitor thread successfully connected to server with description ServerDescription{address=ac-3mufzp1-shard-00-02.4nosy2u.mongodb.net:27017, type=REPLICA_SET_SECONDARY, state=CONNECTED, ok=true, minWireVersion=0, maxWireVersion=25, maxDocumentSize=16777216, logicalSessionTimeoutMinutes=30, roundTripTimeNanos=52100416, setName='atlas-hy5sqn-shard-0', canonicalAddress=ac-3mufzp1-shard-00-02.4nosy2u.mongodb.net:27017, hosts=[ac-3mufzp1-shard-00-00.4nosy2u.mongodb.net:27017, ac-3mufzp1-shard-00-02.4nosy2u.mongodb.net:27017, ac-3mufzp1-shard-00-01.4nosy2u.mongodb.net:27017], passives=[], arbiters=[], primary='ac-3mufzp1-shard-00-01.4nosy2u.mongodb.net:27017', tagSet=TagSet{[Tag{name='availabilityZone', value='aps1-az2'}, Tag{name='diskState', value='READY'}, Tag{name='nodeType', value='ELECTABLE'}, Tag{name='provider', value='AWS'}, Tag{name='region', value='AP_SOUTH_1'}, Tag{name='workloadType', value='OPERATIONAL'}]}, electionId=null, setVersion=46, topologyVersion=TopologyVersion{processId=69b31436cf980eb974c6b7c1, counter=3}, lastWriteDate=Fri Mar 27 10:11:44 IST 2026, lastUpdateTimeNanos=156406746764500}
2026-03-27T10:18:18.578+05:30  INFO 99702 --- [academic-service] [ngodb.net:27017] org.mongodb.driver.cluster               : Exception in monitor thread while connecting to server ac-3mufzp1-shard-00-00.4nosy2u.mongodb.net:27017

com.mongodb.MongoSocketReadTimeoutException: Timeout while receiving message
	at com.mongodb.internal.connection.InternalStreamConnection.translateReadException(InternalStreamConnection.java:728) ~[mongodb-driver-core-4.11.2.jar:na]
	at com.mongodb.internal.connection.InternalStreamConnection.receiveMessageWithAdditionalTimeout(InternalStreamConnection.java:606) ~[mongodb-driver-core-4.11.2.jar:na]
	at com.mongodb.internal.connection.InternalStreamConnection.receiveCommandMessageResponse(InternalStreamConnection.java:451) ~[mongodb-driver-core-4.11.2.jar:na]
	at com.mongodb.internal.connection.InternalStreamConnection.receive(InternalStreamConnection.java:404) ~[mongodb-driver-core-4.11.2.jar:na]
	at com.mongodb.internal.connection.DefaultServerMonitor$ServerMonitorRunnable.lookupServerDescription(DefaultServerMonitor.java:221) ~[mongodb-driver-core-4.11.2.jar:na]
	at com.mongodb.internal.connection.DefaultServerMonitor$ServerMonitorRunnable.run(DefaultServerMonitor.java:153) ~[mongodb-driver-core-4.11.2.jar:na]
	at java.base/java.lang.Thread.run(Thread.java:1583) ~[na:na]
Caused by: java.net.SocketTimeoutException: Read timed out
	at java.base/sun.nio.ch.NioSocketImpl.timedRead(NioSocketImpl.java:278) ~[na:na]
	at java.base/sun.nio.ch.NioSocketImpl.implRead(NioSocketImpl.java:304) ~[na:na]
	at java.base/sun.nio.ch.NioSocketImpl.read(NioSocketImpl.java:346) ~[na:na]
	at java.base/sun.nio.ch.NioSocketImpl$1.read(NioSocketImpl.java:796) ~[na:na]
	at java.base/java.net.Socket$SocketInputStream.read(Socket.java:1099) ~[na:na]
	at java.base/sun.security.ssl.SSLSocketInputRecord.read(SSLSocketInputRecord.java:489) ~[na:na]
	at java.base/sun.security.ssl.SSLSocketInputRecord.readHeader(SSLSocketInputRecord.java:483) ~[na:na]
	at java.base/sun.security.ssl.SSLSocketInputRecord.bytesInCompletePacket(SSLSocketInputRecord.java:70) ~[na:na]
	at java.base/sun.security.ssl.SSLSocketImpl.readApplicationRecord(SSLSocketImpl.java:1461) ~[na:na]
	at java.base/sun.security.ssl.SSLSocketImpl$AppInputStream.read(SSLSocketImpl.java:1066) ~[na:na]
	at com.mongodb.internal.connection.SocketStream.read(SocketStream.java:175) ~[mongodb-driver-core-4.11.2.jar:na]
	at com.mongodb.internal.connection.SocketStream.read(SocketStream.java:200) ~[mongodb-driver-core-4.11.2.jar:na]
	at com.mongodb.internal.connection.InternalStreamConnection.receiveResponseBuffers(InternalStreamConnection.java:739) ~[mongodb-driver-core-4.11.2.jar:na]
	at com.mongodb.internal.connection.InternalStreamConnection.receiveMessageWithAdditionalTimeout(InternalStreamConnection.java:603) ~[mongodb-driver-core-4.11.2.jar:na]
	... 5 common frames omitted

2026-03-27T10:18:18.709+05:30  INFO 99702 --- [academic-service] [ngodb.net:27017] org.mongodb.driver.cluster               : Monitor thread successfully connected to server with description ServerDescription{address=ac-3mufzp1-shard-00-00.4nosy2u.mongodb.net:27017, type=REPLICA_SET_SECONDARY, state=CONNECTED, ok=true, minWireVersion=0, maxWireVersion=25, maxDocumentSize=16777216, logicalSessionTimeoutMinutes=30, roundTripTimeNanos=50289458, setName='atlas-hy5sqn-shard-0', canonicalAddress=ac-3mufzp1-shard-00-00.4nosy2u.mongodb.net:27017, hosts=[ac-3mufzp1-shard-00-00.4nosy2u.mongodb.net:27017, ac-3mufzp1-shard-00-02.4nosy2u.mongodb.net:27017, ac-3mufzp1-shard-00-01.4nosy2u.mongodb.net:27017], passives=[], arbiters=[], primary='ac-3mufzp1-shard-00-01.4nosy2u.mongodb.net:27017', tagSet=TagSet{[Tag{name='availabilityZone', value='aps1-az1'}, Tag{name='diskState', value='READY'}, Tag{name='nodeType', value='ELECTABLE'}, Tag{name='provider', value='AWS'}, Tag{name='region', value='AP_SOUTH_1'}, Tag{name='workloadType', value='OPERATIONAL'}]}, electionId=null, setVersion=46, topologyVersion=TopologyVersion{processId=69b30edff67384ce6d9efce1, counter=4}, lastWriteDate=Fri Mar 27 10:18:18 IST 2026, lastUpdateTimeNanos=156432353727333}
2026-03-27T10:18:21.610+05:30  INFO 99702 --- [academic-service] [ngodb.net:27017] org.mongodb.driver.cluster               : Exception in monitor thread while connecting to server ac-3mufzp1-shard-00-01.4nosy2u.mongodb.net:27017

com.mongodb.MongoSocketReadTimeoutException: Timeout while receiving message
	at com.mongodb.internal.connection.InternalStreamConnection.translateReadException(InternalStreamConnection.java:728) ~[mongodb-driver-core-4.11.2.jar:na]
	at com.mongodb.internal.connection.InternalStreamConnection.receiveMessageWithAdditionalTimeout(InternalStreamConnection.java:606) ~[mongodb-driver-core-4.11.2.jar:na]
	at com.mongodb.internal.connection.InternalStreamConnection.receiveCommandMessageResponse(InternalStreamConnection.java:451) ~[mongodb-driver-core-4.11.2.jar:na]
	at com.mongodb.internal.connection.InternalStreamConnection.receive(InternalStreamConnection.java:404) ~[mongodb-driver-core-4.11.2.jar:na]
	at com.mongodb.internal.connection.DefaultServerMonitor$ServerMonitorRunnable.lookupServerDescription(DefaultServerMonitor.java:221) ~[mongodb-driver-core-4.11.2.jar:na]
	at com.mongodb.internal.connection.DefaultServerMonitor$ServerMonitorRunnable.run(DefaultServerMonitor.java:153) ~[mongodb-driver-core-4.11.2.jar:na]
	at java.base/java.lang.Thread.run(Thread.java:1583) ~[na:na]
Caused by: java.net.SocketTimeoutException: Read timed out
	at java.base/sun.nio.ch.NioSocketImpl.timedRead(NioSocketImpl.java:278) ~[na:na]
	at java.base/sun.nio.ch.NioSocketImpl.implRead(NioSocketImpl.java:304) ~[na:na]
	at java.base/sun.nio.ch.NioSocketImpl.read(NioSocketImpl.java:346) ~[na:na]
	at java.base/sun.nio.ch.NioSocketImpl$1.read(NioSocketImpl.java:796) ~[na:na]
	at java.base/java.net.Socket$SocketInputStream.read(Socket.java:1099) ~[na:na]
	at java.base/sun.security.ssl.SSLSocketInputRecord.read(SSLSocketInputRecord.java:489) ~[na:na]
	at java.base/sun.security.ssl.SSLSocketInputRecord.readHeader(SSLSocketInputRecord.java:483) ~[na:na]
	at java.base/sun.security.ssl.SSLSocketInputRecord.bytesInCompletePacket(SSLSocketInputRecord.java:70) ~[na:na]
	at java.base/sun.security.ssl.SSLSocketImpl.readApplicationRecord(SSLSocketImpl.java:1461) ~[na:na]
	at java.base/sun.security.ssl.SSLSocketImpl$AppInputStream.read(SSLSocketImpl.java:1066) ~[na:na]
	at com.mongodb.internal.connection.SocketStream.read(SocketStream.java:175) ~[mongodb-driver-core-4.11.2.jar:na]
	at com.mongodb.internal.connection.SocketStream.read(SocketStream.java:200) ~[mongodb-driver-core-4.11.2.jar:na]
	at com.mongodb.internal.connection.InternalStreamConnection.receiveResponseBuffers(InternalStreamConnection.java:739) ~[mongodb-driver-core-4.11.2.jar:na]
	at com.mongodb.internal.connection.InternalStreamConnection.receiveMessageWithAdditionalTimeout(InternalStreamConnection.java:603) ~[mongodb-driver-core-4.11.2.jar:na]
	... 5 common frames omitted

2026-03-27T10:18:21.764+05:30  INFO 99702 --- [academic-service] [ngodb.net:27017] org.mongodb.driver.cluster               : Monitor thread successfully connected to server with description ServerDescription{address=ac-3mufzp1-shard-00-01.4nosy2u.mongodb.net:27017, type=REPLICA_SET_PRIMARY, state=CONNECTED, ok=true, minWireVersion=0, maxWireVersion=25, maxDocumentSize=16777216, logicalSessionTimeoutMinutes=30, roundTripTimeNanos=56245250, setName='atlas-hy5sqn-shard-0', canonicalAddress=ac-3mufzp1-shard-00-01.4nosy2u.mongodb.net:27017, hosts=[ac-3mufzp1-shard-00-00.4nosy2u.mongodb.net:27017, ac-3mufzp1-shard-00-02.4nosy2u.mongodb.net:27017, ac-3mufzp1-shard-00-01.4nosy2u.mongodb.net:27017], passives=[], arbiters=[], primary='ac-3mufzp1-shard-00-01.4nosy2u.mongodb.net:27017', tagSet=TagSet{[Tag{name='availabilityZone', value='aps1-az3'}, Tag{name='diskState', value='READY'}, Tag{name='nodeType', value='ELECTABLE'}, Tag{name='provider', value='AWS'}, Tag{name='region', value='AP_SOUTH_1'}, Tag{name='workloadType', value='OPERATIONAL'}]}, electionId=7fffffff00000000000000ca, setVersion=46, topologyVersion=TopologyVersion{processId=69b311797648454b51f7c7a8, counter=6}, lastWriteDate=Fri Mar 27 10:18:21 IST 2026, lastUpdateTimeNanos=156435409222166}
2026-03-27T10:18:21.765+05:30  INFO 99702 --- [academic-service] [ngodb.net:27017] org.mongodb.driver.cluster               : Discovered replica set primary ac-3mufzp1-shard-00-01.4nosy2u.mongodb.net:27017 with max election id 7fffffff00000000000000ca and max set version 46
2026-03-27T10:19:20.956+05:30  INFO 99702 --- [academic-service] [ngodb.net:27017] org.mongodb.driver.cluster               : Exception in monitor thread while connecting to server ac-3mufzp1-shard-00-02.4nosy2u.mongodb.net:27017

com.mongodb.MongoSocketReadTimeoutException: Timeout while receiving message
	at com.mongodb.internal.connection.InternalStreamConnection.translateReadException(InternalStreamConnection.java:728) ~[mongodb-driver-core-4.11.2.jar:na]
	at com.mongodb.internal.connection.InternalStreamConnection.receiveMessageWithAdditionalTimeout(InternalStreamConnection.java:606) ~[mongodb-driver-core-4.11.2.jar:na]
	at com.mongodb.internal.connection.InternalStreamConnection.receiveCommandMessageResponse(InternalStreamConnection.java:451) ~[mongodb-driver-core-4.11.2.jar:na]
	at com.mongodb.internal.connection.InternalStreamConnection.receive(InternalStreamConnection.java:404) ~[mongodb-driver-core-4.11.2.jar:na]
	at com.mongodb.internal.connection.DefaultServerMonitor$ServerMonitorRunnable.lookupServerDescription(DefaultServerMonitor.java:221) ~[mongodb-driver-core-4.11.2.jar:na]
	at com.mongodb.internal.connection.DefaultServerMonitor$ServerMonitorRunnable.run(DefaultServerMonitor.java:153) ~[mongodb-driver-core-4.11.2.jar:na]
	at java.base/java.lang.Thread.run(Thread.java:1583) ~[na:na]
Caused by: java.net.SocketTimeoutException: Read timed out
	at java.base/sun.nio.ch.NioSocketImpl.timedRead(NioSocketImpl.java:278) ~[na:na]
	at java.base/sun.nio.ch.NioSocketImpl.implRead(NioSocketImpl.java:304) ~[na:na]
	at java.base/sun.nio.ch.NioSocketImpl.read(NioSocketImpl.java:346) ~[na:na]
	at java.base/sun.nio.ch.NioSocketImpl$1.read(NioSocketImpl.java:796) ~[na:na]
	at java.base/java.net.Socket$SocketInputStream.read(Socket.java:1099) ~[na:na]
	at java.base/sun.security.ssl.SSLSocketInputRecord.read(SSLSocketInputRecord.java:489) ~[na:na]
	at java.base/sun.security.ssl.SSLSocketInputRecord.readHeader(SSLSocketInputRecord.java:483) ~[na:na]
	at java.base/sun.security.ssl.SSLSocketInputRecord.bytesInCompletePacket(SSLSocketInputRecord.java:70) ~[na:na]
	at java.base/sun.security.ssl.SSLSocketImpl.readApplicationRecord(SSLSocketImpl.java:1461) ~[na:na]
	at java.base/sun.security.ssl.SSLSocketImpl$AppInputStream.read(SSLSocketImpl.java:1066) ~[na:na]
	at com.mongodb.internal.connection.SocketStream.read(SocketStream.java:175) ~[mongodb-driver-core-4.11.2.jar:na]
	at com.mongodb.internal.connection.SocketStream.read(SocketStream.java:200) ~[mongodb-driver-core-4.11.2.jar:na]
	at com.mongodb.internal.connection.InternalStreamConnection.receiveResponseBuffers(InternalStreamConnection.java:739) ~[mongodb-driver-core-4.11.2.jar:na]
	at com.mongodb.internal.connection.InternalStreamConnection.receiveMessageWithAdditionalTimeout(InternalStreamConnection.java:603) ~[mongodb-driver-core-4.11.2.jar:na]
	... 5 common frames omitted

2026-03-27T10:19:21.077+05:30  INFO 99702 --- [academic-service] [ngodb.net:27017] org.mongodb.driver.cluster               : Monitor thread successfully connected to server with description ServerDescription{address=ac-3mufzp1-shard-00-02.4nosy2u.mongodb.net:27017, type=REPLICA_SET_SECONDARY, state=CONNECTED, ok=true, minWireVersion=0, maxWireVersion=25, maxDocumentSize=16777216, logicalSessionTimeoutMinutes=30, roundTripTimeNanos=51515334, setName='atlas-hy5sqn-shard-0', canonicalAddress=ac-3mufzp1-shard-00-02.4nosy2u.mongodb.net:27017, hosts=[ac-3mufzp1-shard-00-00.4nosy2u.mongodb.net:27017, ac-3mufzp1-shard-00-02.4nosy2u.mongodb.net:27017, ac-3mufzp1-shard-00-01.4nosy2u.mongodb.net:27017], passives=[], arbiters=[], primary='ac-3mufzp1-shard-00-01.4nosy2u.mongodb.net:27017', tagSet=TagSet{[Tag{name='availabilityZone', value='aps1-az2'}, Tag{name='diskState', value='READY'}, Tag{name='nodeType', value='ELECTABLE'}, Tag{name='provider', value='AWS'}, Tag{name='region', value='AP_SOUTH_1'}, Tag{name='workloadType', value='OPERATIONAL'}]}, electionId=null, setVersion=46, topologyVersion=TopologyVersion{processId=69b31436cf980eb974c6b7c1, counter=3}, lastWriteDate=Fri Mar 27 10:19:21 IST 2026, lastUpdateTimeNanos=156436874422125}
2026-03-27T10:28:26.763+05:30  INFO 99702 --- [academic-service] [ngodb.net:27017] org.mongodb.driver.cluster               : Exception in monitor thread while connecting to server ac-3mufzp1-shard-00-01.4nosy2u.mongodb.net:27017

com.mongodb.MongoSocketReadTimeoutException: Timeout while receiving message
	at com.mongodb.internal.connection.InternalStreamConnection.translateReadException(InternalStreamConnection.java:728) ~[mongodb-driver-core-4.11.2.jar:na]
	at com.mongodb.internal.connection.InternalStreamConnection.receiveMessageWithAdditionalTimeout(InternalStreamConnection.java:606) ~[mongodb-driver-core-4.11.2.jar:na]
	at com.mongodb.internal.connection.InternalStreamConnection.receiveCommandMessageResponse(InternalStreamConnection.java:451) ~[mongodb-driver-core-4.11.2.jar:na]
	at com.mongodb.internal.connection.InternalStreamConnection.receive(InternalStreamConnection.java:404) ~[mongodb-driver-core-4.11.2.jar:na]
	at com.mongodb.internal.connection.DefaultServerMonitor$ServerMonitorRunnable.lookupServerDescription(DefaultServerMonitor.java:221) ~[mongodb-driver-core-4.11.2.jar:na]
	at com.mongodb.internal.connection.DefaultServerMonitor$ServerMonitorRunnable.run(DefaultServerMonitor.java:153) ~[mongodb-driver-core-4.11.2.jar:na]
	at java.base/java.lang.Thread.run(Thread.java:1583) ~[na:na]
Caused by: java.net.SocketTimeoutException: Read timed out
	at java.base/sun.nio.ch.NioSocketImpl.timedRead(NioSocketImpl.java:278) ~[na:na]
	at java.base/sun.nio.ch.NioSocketImpl.implRead(NioSocketImpl.java:304) ~[na:na]
	at java.base/sun.nio.ch.NioSocketImpl.read(NioSocketImpl.java:346) ~[na:na]
	at java.base/sun.nio.ch.NioSocketImpl$1.read(NioSocketImpl.java:796) ~[na:na]
	at java.base/java.net.Socket$SocketInputStream.read(Socket.java:1099) ~[na:na]
	at java.base/sun.security.ssl.SSLSocketInputRecord.read(SSLSocketInputRecord.java:489) ~[na:na]
	at java.base/sun.security.ssl.SSLSocketInputRecord.readHeader(SSLSocketInputRecord.java:483) ~[na:na]
	at java.base/sun.security.ssl.SSLSocketInputRecord.bytesInCompletePacket(SSLSocketInputRecord.java:70) ~[na:na]
	at java.base/sun.security.ssl.SSLSocketImpl.readApplicationRecord(SSLSocketImpl.java:1461) ~[na:na]
	at java.base/sun.security.ssl.SSLSocketImpl$AppInputStream.read(SSLSocketImpl.java:1066) ~[na:na]
	at com.mongodb.internal.connection.SocketStream.read(SocketStream.java:175) ~[mongodb-driver-core-4.11.2.jar:na]
	at com.mongodb.internal.connection.SocketStream.read(SocketStream.java:200) ~[mongodb-driver-core-4.11.2.jar:na]
	at com.mongodb.internal.connection.InternalStreamConnection.receiveResponseBuffers(InternalStreamConnection.java:739) ~[mongodb-driver-core-4.11.2.jar:na]
	at com.mongodb.internal.connection.InternalStreamConnection.receiveMessageWithAdditionalTimeout(InternalStreamConnection.java:603) ~[mongodb-driver-core-4.11.2.jar:na]
	... 5 common frames omitted

2026-03-27T10:28:27.120+05:30  INFO 99702 --- [academic-service] [ngodb.net:27017] org.mongodb.driver.cluster               : Monitor thread successfully connected to server with description ServerDescription{address=ac-3mufzp1-shard-00-01.4nosy2u.mongodb.net:27017, type=REPLICA_SET_PRIMARY, state=CONNECTED, ok=true, minWireVersion=0, maxWireVersion=25, maxDocumentSize=16777216, logicalSessionTimeoutMinutes=30, roundTripTimeNanos=122748333, setName='atlas-hy5sqn-shard-0', canonicalAddress=ac-3mufzp1-shard-00-01.4nosy2u.mongodb.net:27017, hosts=[ac-3mufzp1-shard-00-00.4nosy2u.mongodb.net:27017, ac-3mufzp1-shard-00-02.4nosy2u.mongodb.net:27017, ac-3mufzp1-shard-00-01.4nosy2u.mongodb.net:27017], passives=[], arbiters=[], primary='ac-3mufzp1-shard-00-01.4nosy2u.mongodb.net:27017', tagSet=TagSet{[Tag{name='availabilityZone', value='aps1-az3'}, Tag{name='diskState', value='READY'}, Tag{name='nodeType', value='ELECTABLE'}, Tag{name='provider', value='AWS'}, Tag{name='region', value='AP_SOUTH_1'}, Tag{name='workloadType', value='OPERATIONAL'}]}, electionId=7fffffff00000000000000ca, setVersion=46, topologyVersion=TopologyVersion{processId=69b311797648454b51f7c7a8, counter=6}, lastWriteDate=Fri Mar 27 10:28:27 IST 2026, lastUpdateTimeNanos=156498869885291}
2026-03-27T10:28:27.120+05:30  INFO 99702 --- [academic-service] [ngodb.net:27017] org.mongodb.driver.cluster               : Discovered replica set primary ac-3mufzp1-shard-00-01.4nosy2u.mongodb.net:27017 with max election id 7fffffff00000000000000ca and max set version 46
2026-03-27T10:28:56.204+05:30  INFO 99702 --- [academic-service] [trap-executor-0] c.n.d.s.r.aws.ConfigClusterResolver      : Resolving eureka endpoints via configuration
2026-03-27T10:33:56.198+05:30  INFO 99702 --- [academic-service] [trap-executor-0] c.n.d.s.r.aws.ConfigClusterResolver      : Resolving eureka endpoints via configuration
2026-03-27T10:38:56.195+05:30  INFO 99702 --- [academic-service] [trap-executor-0] c.n.d.s.r.aws.ConfigClusterResolver      : Resolving eureka endpoints via configuration
2026-03-27T10:43:56.190+05:30  INFO 99702 --- [academic-service] [trap-executor-0] c.n.d.s.r.aws.ConfigClusterResolver      : Resolving eureka endpoints via configuration
2026-03-27T10:48:56.190+05:30  INFO 99702 --- [academic-service] [trap-executor-0] c.n.d.s.r.aws.ConfigClusterResolver      : Resolving eureka endpoints via configuration
2026-03-27T10:53:56.197+05:30  INFO 99702 --- [academic-service] [trap-executor-0] c.n.d.s.r.aws.ConfigClusterResolver      : Resolving eureka endpoints via configuration
2026-03-27T10:58:56.235+05:30  INFO 99702 --- [academic-service] [trap-executor-0] c.n.d.s.r.aws.ConfigClusterResolver      : Resolving eureka endpoints via configuration
2026-03-27T11:03:56.236+05:30  INFO 99702 --- [academic-service] [trap-executor-0] c.n.d.s.r.aws.ConfigClusterResolver      : Resolving eureka endpoints via configuration
2026-03-27T11:08:56.239+05:30  INFO 99702 --- [academic-service] [trap-executor-0] c.n.d.s.r.aws.ConfigClusterResolver      : Resolving eureka endpoints via configuration
2026-03-27T11:13:56.244+05:30  INFO 99702 --- [academic-service] [trap-executor-0] c.n.d.s.r.aws.ConfigClusterResolver      : Resolving eureka endpoints via configuration
2026-03-27T11:18:56.240+05:30  INFO 99702 --- [academic-service] [trap-executor-0] c.n.d.s.r.aws.ConfigClusterResolver      : Resolving eureka endpoints via configuration
2026-03-27T11:23:56.238+05:30  INFO 99702 --- [academic-service] [trap-executor-0] c.n.d.s.r.aws.ConfigClusterResolver      : Resolving eureka endpoints via configuration
2026-03-27T11:37:18.280+05:30  INFO 99702 --- [academic-service] [trap-executor-0] c.n.d.s.r.aws.ConfigClusterResolver      : Resolving eureka endpoints via configuration
2026-03-27T11:37:41.096+05:30  INFO 99702 --- [academic-service] [ngodb.net:27017] org.mongodb.driver.cluster               : Exception in monitor thread while connecting to server ac-3mufzp1-shard-00-01.4nosy2u.mongodb.net:27017

com.mongodb.MongoSocketReadTimeoutException: Timeout while receiving message
	at com.mongodb.internal.connection.InternalStreamConnection.translateReadException(InternalStreamConnection.java:728) ~[mongodb-driver-core-4.11.2.jar:na]
	at com.mongodb.internal.connection.InternalStreamConnection.receiveMessageWithAdditionalTimeout(InternalStreamConnection.java:606) ~[mongodb-driver-core-4.11.2.jar:na]
	at com.mongodb.internal.connection.InternalStreamConnection.receiveCommandMessageResponse(InternalStreamConnection.java:451) ~[mongodb-driver-core-4.11.2.jar:na]
	at com.mongodb.internal.connection.InternalStreamConnection.receive(InternalStreamConnection.java:404) ~[mongodb-driver-core-4.11.2.jar:na]
	at com.mongodb.internal.connection.DefaultServerMonitor$ServerMonitorRunnable.lookupServerDescription(DefaultServerMonitor.java:221) ~[mongodb-driver-core-4.11.2.jar:na]
	at com.mongodb.internal.connection.DefaultServerMonitor$ServerMonitorRunnable.run(DefaultServerMonitor.java:153) ~[mongodb-driver-core-4.11.2.jar:na]
	at java.base/java.lang.Thread.run(Thread.java:1583) ~[na:na]
Caused by: java.net.SocketTimeoutException: Read timed out
	at java.base/sun.nio.ch.NioSocketImpl.timedRead(NioSocketImpl.java:278) ~[na:na]
	at java.base/sun.nio.ch.NioSocketImpl.implRead(NioSocketImpl.java:304) ~[na:na]
	at java.base/sun.nio.ch.NioSocketImpl.read(NioSocketImpl.java:346) ~[na:na]
	at java.base/sun.nio.ch.NioSocketImpl$1.read(NioSocketImpl.java:796) ~[na:na]
	at java.base/java.net.Socket$SocketInputStream.read(Socket.java:1099) ~[na:na]
	at java.base/sun.security.ssl.SSLSocketInputRecord.read(SSLSocketInputRecord.java:489) ~[na:na]
	at java.base/sun.security.ssl.SSLSocketInputRecord.readHeader(SSLSocketInputRecord.java:483) ~[na:na]
	at java.base/sun.security.ssl.SSLSocketInputRecord.bytesInCompletePacket(SSLSocketInputRecord.java:70) ~[na:na]
	at java.base/sun.security.ssl.SSLSocketImpl.readApplicationRecord(SSLSocketImpl.java:1461) ~[na:na]
	at java.base/sun.security.ssl.SSLSocketImpl$AppInputStream.read(SSLSocketImpl.java:1066) ~[na:na]
	at com.mongodb.internal.connection.SocketStream.read(SocketStream.java:175) ~[mongodb-driver-core-4.11.2.jar:na]
	at com.mongodb.internal.connection.SocketStream.read(SocketStream.java:200) ~[mongodb-driver-core-4.11.2.jar:na]
	at com.mongodb.internal.connection.InternalStreamConnection.receiveResponseBuffers(InternalStreamConnection.java:739) ~[mongodb-driver-core-4.11.2.jar:na]
	at com.mongodb.internal.connection.InternalStreamConnection.receiveMessageWithAdditionalTimeout(InternalStreamConnection.java:603) ~[mongodb-driver-core-4.11.2.jar:na]
	... 5 common frames omitted

2026-03-27T11:37:41.659+05:30  INFO 99702 --- [academic-service] [ngodb.net:27017] org.mongodb.driver.cluster               : Monitor thread successfully connected to server with description ServerDescription{address=ac-3mufzp1-shard-00-01.4nosy2u.mongodb.net:27017, type=REPLICA_SET_PRIMARY, state=CONNECTED, ok=true, minWireVersion=0, maxWireVersion=25, maxDocumentSize=16777216, logicalSessionTimeoutMinutes=30, roundTripTimeNanos=327776541, setName='atlas-hy5sqn-shard-0', canonicalAddress=ac-3mufzp1-shard-00-01.4nosy2u.mongodb.net:27017, hosts=[ac-3mufzp1-shard-00-00.4nosy2u.mongodb.net:27017, ac-3mufzp1-shard-00-02.4nosy2u.mongodb.net:27017, ac-3mufzp1-shard-00-01.4nosy2u.mongodb.net:27017], passives=[], arbiters=[], primary='ac-3mufzp1-shard-00-01.4nosy2u.mongodb.net:27017', tagSet=TagSet{[Tag{name='availabilityZone', value='aps1-az3'}, Tag{name='diskState', value='READY'}, Tag{name='nodeType', value='ELECTABLE'}, Tag{name='provider', value='AWS'}, Tag{name='region', value='AP_SOUTH_1'}, Tag{name='workloadType', value='OPERATIONAL'}]}, electionId=7fffffff00000000000000ca, setVersion=46, topologyVersion=TopologyVersion{processId=69b311797648454b51f7c7a8, counter=6}, lastWriteDate=Fri Mar 27 11:37:41 IST 2026, lastUpdateTimeNanos=160151592464125}
2026-03-27T11:37:41.661+05:30  INFO 99702 --- [academic-service] [ngodb.net:27017] org.mongodb.driver.cluster               : Discovered replica set primary ac-3mufzp1-shard-00-01.4nosy2u.mongodb.net:27017 with max election id 7fffffff00000000000000ca and max set version 46
2026-03-27T11:41:08.299+05:30  INFO 99702 --- [academic-service] [ngodb.net:27017] org.mongodb.driver.cluster               : Exception in monitor thread while connecting to server ac-3mufzp1-shard-00-02.4nosy2u.mongodb.net:27017

com.mongodb.MongoSocketReadTimeoutException: Timeout while receiving message
	at com.mongodb.internal.connection.InternalStreamConnection.translateReadException(InternalStreamConnection.java:728) ~[mongodb-driver-core-4.11.2.jar:na]
	at com.mongodb.internal.connection.InternalStreamConnection.receiveMessageWithAdditionalTimeout(InternalStreamConnection.java:606) ~[mongodb-driver-core-4.11.2.jar:na]
	at com.mongodb.internal.connection.InternalStreamConnection.receiveCommandMessageResponse(InternalStreamConnection.java:451) ~[mongodb-driver-core-4.11.2.jar:na]
	at com.mongodb.internal.connection.InternalStreamConnection.receive(InternalStreamConnection.java:404) ~[mongodb-driver-core-4.11.2.jar:na]
	at com.mongodb.internal.connection.DefaultServerMonitor$ServerMonitorRunnable.lookupServerDescription(DefaultServerMonitor.java:221) ~[mongodb-driver-core-4.11.2.jar:na]
	at com.mongodb.internal.connection.DefaultServerMonitor$ServerMonitorRunnable.run(DefaultServerMonitor.java:153) ~[mongodb-driver-core-4.11.2.jar:na]
	at java.base/java.lang.Thread.run(Thread.java:1583) ~[na:na]
Caused by: java.net.SocketTimeoutException: Read timed out
	at java.base/sun.nio.ch.NioSocketImpl.timedRead(NioSocketImpl.java:278) ~[na:na]
	at java.base/sun.nio.ch.NioSocketImpl.implRead(NioSocketImpl.java:304) ~[na:na]
	at java.base/sun.nio.ch.NioSocketImpl.read(NioSocketImpl.java:346) ~[na:na]
	at java.base/sun.nio.ch.NioSocketImpl$1.read(NioSocketImpl.java:796) ~[na:na]
	at java.base/java.net.Socket$SocketInputStream.read(Socket.java:1099) ~[na:na]
	at java.base/sun.security.ssl.SSLSocketInputRecord.read(SSLSocketInputRecord.java:489) ~[na:na]
	at java.base/sun.security.ssl.SSLSocketInputRecord.readHeader(SSLSocketInputRecord.java:483) ~[na:na]
	at java.base/sun.security.ssl.SSLSocketInputRecord.bytesInCompletePacket(SSLSocketInputRecord.java:70) ~[na:na]
	at java.base/sun.security.ssl.SSLSocketImpl.readApplicationRecord(SSLSocketImpl.java:1461) ~[na:na]
	at java.base/sun.security.ssl.SSLSocketImpl$AppInputStream.read(SSLSocketImpl.java:1066) ~[na:na]
	at com.mongodb.internal.connection.SocketStream.read(SocketStream.java:175) ~[mongodb-driver-core-4.11.2.jar:na]
	at com.mongodb.internal.connection.SocketStream.read(SocketStream.java:200) ~[mongodb-driver-core-4.11.2.jar:na]
	at com.mongodb.internal.connection.InternalStreamConnection.receiveResponseBuffers(InternalStreamConnection.java:739) ~[mongodb-driver-core-4.11.2.jar:na]
	at com.mongodb.internal.connection.InternalStreamConnection.receiveMessageWithAdditionalTimeout(InternalStreamConnection.java:603) ~[mongodb-driver-core-4.11.2.jar:na]
	... 5 common frames omitted

2026-03-27T11:41:08.386+05:30  INFO 99702 --- [academic-service] [ngodb.net:27017] org.mongodb.driver.cluster               : Monitor thread successfully connected to server with description ServerDescription{address=ac-3mufzp1-shard-00-02.4nosy2u.mongodb.net:27017, type=REPLICA_SET_SECONDARY, state=CONNECTED, ok=true, minWireVersion=0, maxWireVersion=25, maxDocumentSize=16777216, logicalSessionTimeoutMinutes=30, roundTripTimeNanos=58113042, setName='atlas-hy5sqn-shard-0', canonicalAddress=ac-3mufzp1-shard-00-02.4nosy2u.mongodb.net:27017, hosts=[ac-3mufzp1-shard-00-00.4nosy2u.mongodb.net:27017, ac-3mufzp1-shard-00-02.4nosy2u.mongodb.net:27017, ac-3mufzp1-shard-00-01.4nosy2u.mongodb.net:27017], passives=[], arbiters=[], primary='ac-3mufzp1-shard-00-01.4nosy2u.mongodb.net:27017', tagSet=TagSet{[Tag{name='availabilityZone', value='aps1-az2'}, Tag{name='diskState', value='READY'}, Tag{name='nodeType', value='ELECTABLE'}, Tag{name='provider', value='AWS'}, Tag{name='region', value='AP_SOUTH_1'}, Tag{name='workloadType', value='OPERATIONAL'}]}, electionId=null, setVersion=46, topologyVersion=TopologyVersion{processId=69b31436cf980eb974c6b7c1, counter=3}, lastWriteDate=Fri Mar 27 11:41:08 IST 2026, lastUpdateTimeNanos=160194862496541}
2026-03-27T11:41:15.302+05:30  INFO 99702 --- [academic-service] [ngodb.net:27017] org.mongodb.driver.cluster               : Exception in monitor thread while connecting to server ac-3mufzp1-shard-00-01.4nosy2u.mongodb.net:27017

com.mongodb.MongoSocketReadTimeoutException: Timeout while receiving message
	at com.mongodb.internal.connection.InternalStreamConnection.translateReadException(InternalStreamConnection.java:728) ~[mongodb-driver-core-4.11.2.jar:na]
	at com.mongodb.internal.connection.InternalStreamConnection.receiveMessageWithAdditionalTimeout(InternalStreamConnection.java:606) ~[mongodb-driver-core-4.11.2.jar:na]
	at com.mongodb.internal.connection.InternalStreamConnection.receiveCommandMessageResponse(InternalStreamConnection.java:451) ~[mongodb-driver-core-4.11.2.jar:na]
	at com.mongodb.internal.connection.InternalStreamConnection.receive(InternalStreamConnection.java:404) ~[mongodb-driver-core-4.11.2.jar:na]
	at com.mongodb.internal.connection.DefaultServerMonitor$ServerMonitorRunnable.lookupServerDescription(DefaultServerMonitor.java:221) ~[mongodb-driver-core-4.11.2.jar:na]
	at com.mongodb.internal.connection.DefaultServerMonitor$ServerMonitorRunnable.run(DefaultServerMonitor.java:153) ~[mongodb-driver-core-4.11.2.jar:na]
	at java.base/java.lang.Thread.run(Thread.java:1583) ~[na:na]
Caused by: java.net.SocketTimeoutException: Read timed out
	at java.base/sun.nio.ch.NioSocketImpl.timedRead(NioSocketImpl.java:278) ~[na:na]
	at java.base/sun.nio.ch.NioSocketImpl.implRead(NioSocketImpl.java:304) ~[na:na]
	at java.base/sun.nio.ch.NioSocketImpl.read(NioSocketImpl.java:346) ~[na:na]
	at java.base/sun.nio.ch.NioSocketImpl$1.read(NioSocketImpl.java:796) ~[na:na]
	at java.base/java.net.Socket$SocketInputStream.read(Socket.java:1099) ~[na:na]
	at java.base/sun.security.ssl.SSLSocketInputRecord.read(SSLSocketInputRecord.java:489) ~[na:na]
	at java.base/sun.security.ssl.SSLSocketInputRecord.readHeader(SSLSocketInputRecord.java:483) ~[na:na]
	at java.base/sun.security.ssl.SSLSocketInputRecord.bytesInCompletePacket(SSLSocketInputRecord.java:70) ~[na:na]
	at java.base/sun.security.ssl.SSLSocketImpl.readApplicationRecord(SSLSocketImpl.java:1461) ~[na:na]
	at java.base/sun.security.ssl.SSLSocketImpl$AppInputStream.read(SSLSocketImpl.java:1066) ~[na:na]
	at com.mongodb.internal.connection.SocketStream.read(SocketStream.java:175) ~[mongodb-driver-core-4.11.2.jar:na]
	at com.mongodb.internal.connection.SocketStream.read(SocketStream.java:200) ~[mongodb-driver-core-4.11.2.jar:na]
	at com.mongodb.internal.connection.InternalStreamConnection.receiveResponseBuffers(InternalStreamConnection.java:739) ~[mongodb-driver-core-4.11.2.jar:na]
	at com.mongodb.internal.connection.InternalStreamConnection.receiveMessageWithAdditionalTimeout(InternalStreamConnection.java:603) ~[mongodb-driver-core-4.11.2.jar:na]
	... 5 common frames omitted

2026-03-27T11:41:15.408+05:30  INFO 99702 --- [academic-service] [ngodb.net:27017] org.mongodb.driver.cluster               : Monitor thread successfully connected to server with description ServerDescription{address=ac-3mufzp1-shard-00-01.4nosy2u.mongodb.net:27017, type=REPLICA_SET_PRIMARY, state=CONNECTED, ok=true, minWireVersion=0, maxWireVersion=25, maxDocumentSize=16777216, logicalSessionTimeoutMinutes=30, roundTripTimeNanos=42148583, setName='atlas-hy5sqn-shard-0', canonicalAddress=ac-3mufzp1-shard-00-01.4nosy2u.mongodb.net:27017, hosts=[ac-3mufzp1-shard-00-00.4nosy2u.mongodb.net:27017, ac-3mufzp1-shard-00-02.4nosy2u.mongodb.net:27017, ac-3mufzp1-shard-00-01.4nosy2u.mongodb.net:27017], passives=[], arbiters=[], primary='ac-3mufzp1-shard-00-01.4nosy2u.mongodb.net:27017', tagSet=TagSet{[Tag{name='availabilityZone', value='aps1-az3'}, Tag{name='diskState', value='READY'}, Tag{name='nodeType', value='ELECTABLE'}, Tag{name='provider', value='AWS'}, Tag{name='region', value='AP_SOUTH_1'}, Tag{name='workloadType', value='OPERATIONAL'}]}, electionId=7fffffff00000000000000ca, setVersion=46, topologyVersion=TopologyVersion{processId=69b311797648454b51f7c7a8, counter=6}, lastWriteDate=Fri Mar 27 11:41:15 IST 2026, lastUpdateTimeNanos=160201881689291}
2026-03-27T11:41:15.409+05:30  INFO 99702 --- [academic-service] [ngodb.net:27017] org.mongodb.driver.cluster               : Discovered replica set primary ac-3mufzp1-shard-00-01.4nosy2u.mongodb.net:27017 with max election id 7fffffff00000000000000ca and max set version 46
2026-03-27T11:41:16.094+05:30  INFO 99702 --- [academic-service] [ngodb.net:27017] org.mongodb.driver.cluster               : Exception in monitor thread while connecting to server ac-3mufzp1-shard-00-00.4nosy2u.mongodb.net:27017

com.mongodb.MongoSocketReadTimeoutException: Timeout while receiving message
	at com.mongodb.internal.connection.InternalStreamConnection.translateReadException(InternalStreamConnection.java:728) ~[mongodb-driver-core-4.11.2.jar:na]
	at com.mongodb.internal.connection.InternalStreamConnection.receiveMessageWithAdditionalTimeout(InternalStreamConnection.java:606) ~[mongodb-driver-core-4.11.2.jar:na]
	at com.mongodb.internal.connection.InternalStreamConnection.receiveCommandMessageResponse(InternalStreamConnection.java:451) ~[mongodb-driver-core-4.11.2.jar:na]
	at com.mongodb.internal.connection.InternalStreamConnection.receive(InternalStreamConnection.java:404) ~[mongodb-driver-core-4.11.2.jar:na]
	at com.mongodb.internal.connection.DefaultServerMonitor$ServerMonitorRunnable.lookupServerDescription(DefaultServerMonitor.java:221) ~[mongodb-driver-core-4.11.2.jar:na]
	at com.mongodb.internal.connection.DefaultServerMonitor$ServerMonitorRunnable.run(DefaultServerMonitor.java:153) ~[mongodb-driver-core-4.11.2.jar:na]
	at java.base/java.lang.Thread.run(Thread.java:1583) ~[na:na]
Caused by: java.net.SocketTimeoutException: Read timed out
	at java.base/sun.nio.ch.NioSocketImpl.timedRead(NioSocketImpl.java:278) ~[na:na]
	at java.base/sun.nio.ch.NioSocketImpl.implRead(NioSocketImpl.java:304) ~[na:na]
	at java.base/sun.nio.ch.NioSocketImpl.read(NioSocketImpl.java:346) ~[na:na]
	at java.base/sun.nio.ch.NioSocketImpl$1.read(NioSocketImpl.java:796) ~[na:na]
	at java.base/java.net.Socket$SocketInputStream.read(Socket.java:1099) ~[na:na]
	at java.base/sun.security.ssl.SSLSocketInputRecord.read(SSLSocketInputRecord.java:489) ~[na:na]
	at java.base/sun.security.ssl.SSLSocketInputRecord.readHeader(SSLSocketInputRecord.java:483) ~[na:na]
	at java.base/sun.security.ssl.SSLSocketInputRecord.bytesInCompletePacket(SSLSocketInputRecord.java:70) ~[na:na]
	at java.base/sun.security.ssl.SSLSocketImpl.readApplicationRecord(SSLSocketImpl.java:1461) ~[na:na]
	at java.base/sun.security.ssl.SSLSocketImpl$AppInputStream.read(SSLSocketImpl.java:1066) ~[na:na]
	at com.mongodb.internal.connection.SocketStream.read(SocketStream.java:175) ~[mongodb-driver-core-4.11.2.jar:na]
	at com.mongodb.internal.connection.SocketStream.read(SocketStream.java:200) ~[mongodb-driver-core-4.11.2.jar:na]
	at com.mongodb.internal.connection.InternalStreamConnection.receiveResponseBuffers(InternalStreamConnection.java:739) ~[mongodb-driver-core-4.11.2.jar:na]
	at com.mongodb.internal.connection.InternalStreamConnection.receiveMessageWithAdditionalTimeout(InternalStreamConnection.java:603) ~[mongodb-driver-core-4.11.2.jar:na]
	... 5 common frames omitted

2026-03-27T11:41:16.210+05:30  INFO 99702 --- [academic-service] [ngodb.net:27017] org.mongodb.driver.cluster               : Monitor thread successfully connected to server with description ServerDescription{address=ac-3mufzp1-shard-00-00.4nosy2u.mongodb.net:27017, type=REPLICA_SET_SECONDARY, state=CONNECTED, ok=true, minWireVersion=0, maxWireVersion=25, maxDocumentSize=16777216, logicalSessionTimeoutMinutes=30, roundTripTimeNanos=45814541, setName='atlas-hy5sqn-shard-0', canonicalAddress=ac-3mufzp1-shard-00-00.4nosy2u.mongodb.net:27017, hosts=[ac-3mufzp1-shard-00-00.4nosy2u.mongodb.net:27017, ac-3mufzp1-shard-00-02.4nosy2u.mongodb.net:27017, ac-3mufzp1-shard-00-01.4nosy2u.mongodb.net:27017], passives=[], arbiters=[], primary='ac-3mufzp1-shard-00-01.4nosy2u.mongodb.net:27017', tagSet=TagSet{[Tag{name='availabilityZone', value='aps1-az1'}, Tag{name='diskState', value='READY'}, Tag{name='nodeType', value='ELECTABLE'}, Tag{name='provider', value='AWS'}, Tag{name='region', value='AP_SOUTH_1'}, Tag{name='workloadType', value='OPERATIONAL'}]}, electionId=null, setVersion=46, topologyVersion=TopologyVersion{processId=69b30edff67384ce6d9efce1, counter=4}, lastWriteDate=Fri Mar 27 11:41:16 IST 2026, lastUpdateTimeNanos=160202684190875}
2026-03-27T11:45:01.806+05:30  INFO 99702 --- [academic-service] [trap-executor-0] c.n.d.s.r.aws.ConfigClusterResolver      : Resolving eureka endpoints via configuration
2026-03-27T11:50:01.810+05:30  INFO 99702 --- [academic-service] [trap-executor-0] c.n.d.s.r.aws.ConfigClusterResolver      : Resolving eureka endpoints via configuration
2026-03-27T11:55:01.826+05:30  INFO 99702 --- [academic-service] [trap-executor-0] c.n.d.s.r.aws.ConfigClusterResolver      : Resolving eureka endpoints via configuration
2026-03-27T12:05:01.115+05:30  INFO 99702 --- [academic-service] [ngodb.net:27017] org.mongodb.driver.cluster               : Exception in monitor thread while connecting to server ac-3mufzp1-shard-00-01.4nosy2u.mongodb.net:27017

com.mongodb.MongoSocketReadTimeoutException: Timeout while receiving message
	at com.mongodb.internal.connection.InternalStreamConnection.translateReadException(InternalStreamConnection.java:728) ~[mongodb-driver-core-4.11.2.jar:na]
	at com.mongodb.internal.connection.InternalStreamConnection.receiveMessageWithAdditionalTimeout(InternalStreamConnection.java:606) ~[mongodb-driver-core-4.11.2.jar:na]
	at com.mongodb.internal.connection.InternalStreamConnection.receiveCommandMessageResponse(InternalStreamConnection.java:451) ~[mongodb-driver-core-4.11.2.jar:na]
	at com.mongodb.internal.connection.InternalStreamConnection.receive(InternalStreamConnection.java:404) ~[mongodb-driver-core-4.11.2.jar:na]
	at com.mongodb.internal.connection.DefaultServerMonitor$ServerMonitorRunnable.lookupServerDescription(DefaultServerMonitor.java:221) ~[mongodb-driver-core-4.11.2.jar:na]
	at com.mongodb.internal.connection.DefaultServerMonitor$ServerMonitorRunnable.run(DefaultServerMonitor.java:153) ~[mongodb-driver-core-4.11.2.jar:na]
	at java.base/java.lang.Thread.run(Thread.java:1583) ~[na:na]
Caused by: java.net.SocketTimeoutException: Read timed out
	at java.base/sun.nio.ch.NioSocketImpl.timedRead(NioSocketImpl.java:278) ~[na:na]
	at java.base/sun.nio.ch.NioSocketImpl.implRead(NioSocketImpl.java:304) ~[na:na]
	at java.base/sun.nio.ch.NioSocketImpl.read(NioSocketImpl.java:346) ~[na:na]
	at java.base/sun.nio.ch.NioSocketImpl$1.read(NioSocketImpl.java:796) ~[na:na]
	at java.base/java.net.Socket$SocketInputStream.read(Socket.java:1099) ~[na:na]
	at java.base/sun.security.ssl.SSLSocketInputRecord.read(SSLSocketInputRecord.java:489) ~[na:na]
	at java.base/sun.security.ssl.SSLSocketInputRecord.readHeader(SSLSocketInputRecord.java:483) ~[na:na]
	at java.base/sun.security.ssl.SSLSocketInputRecord.bytesInCompletePacket(SSLSocketInputRecord.java:70) ~[na:na]
	at java.base/sun.security.ssl.SSLSocketImpl.readApplicationRecord(SSLSocketImpl.java:1461) ~[na:na]
	at java.base/sun.security.ssl.SSLSocketImpl$AppInputStream.read(SSLSocketImpl.java:1066) ~[na:na]
	at com.mongodb.internal.connection.SocketStream.read(SocketStream.java:175) ~[mongodb-driver-core-4.11.2.jar:na]
	at com.mongodb.internal.connection.SocketStream.read(SocketStream.java:200) ~[mongodb-driver-core-4.11.2.jar:na]
	at com.mongodb.internal.connection.InternalStreamConnection.receiveResponseBuffers(InternalStreamConnection.java:739) ~[mongodb-driver-core-4.11.2.jar:na]
	at com.mongodb.internal.connection.InternalStreamConnection.receiveMessageWithAdditionalTimeout(InternalStreamConnection.java:603) ~[mongodb-driver-core-4.11.2.jar:na]
	... 5 common frames omitted

2026-03-27T12:05:01.288+05:30  INFO 99702 --- [academic-service] [ngodb.net:27017] org.mongodb.driver.cluster               : Monitor thread successfully connected to server with description ServerDescription{address=ac-3mufzp1-shard-00-01.4nosy2u.mongodb.net:27017, type=REPLICA_SET_PRIMARY, state=CONNECTED, ok=true, minWireVersion=0, maxWireVersion=25, maxDocumentSize=16777216, logicalSessionTimeoutMinutes=30, roundTripTimeNanos=70155708, setName='atlas-hy5sqn-shard-0', canonicalAddress=ac-3mufzp1-shard-00-01.4nosy2u.mongodb.net:27017, hosts=[ac-3mufzp1-shard-00-00.4nosy2u.mongodb.net:27017, ac-3mufzp1-shard-00-02.4nosy2u.mongodb.net:27017, ac-3mufzp1-shard-00-01.4nosy2u.mongodb.net:27017], passives=[], arbiters=[], primary='ac-3mufzp1-shard-00-01.4nosy2u.mongodb.net:27017', tagSet=TagSet{[Tag{name='availabilityZone', value='aps1-az3'}, Tag{name='diskState', value='READY'}, Tag{name='nodeType', value='ELECTABLE'}, Tag{name='provider', value='AWS'}, Tag{name='region', value='AP_SOUTH_1'}, Tag{name='workloadType', value='OPERATIONAL'}]}, electionId=7fffffff00000000000000ca, setVersion=46, topologyVersion=TopologyVersion{processId=69b311797648454b51f7c7a8, counter=6}, lastWriteDate=Fri Mar 27 12:05:01 IST 2026, lastUpdateTimeNanos=161162693431000}
2026-03-27T12:05:01.289+05:30  INFO 99702 --- [academic-service] [ngodb.net:27017] org.mongodb.driver.cluster               : Discovered replica set primary ac-3mufzp1-shard-00-01.4nosy2u.mongodb.net:27017 with max election id 7fffffff00000000000000ca and max set version 46
2026-03-27T12:05:01.998+05:30  INFO 99702 --- [academic-service] [ngodb.net:27017] org.mongodb.driver.cluster               : Exception in monitor thread while connecting to server ac-3mufzp1-shard-00-00.4nosy2u.mongodb.net:27017

com.mongodb.MongoSocketReadTimeoutException: Timeout while receiving message
	at com.mongodb.internal.connection.InternalStreamConnection.translateReadException(InternalStreamConnection.java:728) ~[mongodb-driver-core-4.11.2.jar:na]
	at com.mongodb.internal.connection.InternalStreamConnection.receiveMessageWithAdditionalTimeout(InternalStreamConnection.java:606) ~[mongodb-driver-core-4.11.2.jar:na]
	at com.mongodb.internal.connection.InternalStreamConnection.receiveCommandMessageResponse(InternalStreamConnection.java:451) ~[mongodb-driver-core-4.11.2.jar:na]
	at com.mongodb.internal.connection.InternalStreamConnection.receive(InternalStreamConnection.java:404) ~[mongodb-driver-core-4.11.2.jar:na]
	at com.mongodb.internal.connection.DefaultServerMonitor$ServerMonitorRunnable.lookupServerDescription(DefaultServerMonitor.java:221) ~[mongodb-driver-core-4.11.2.jar:na]
	at com.mongodb.internal.connection.DefaultServerMonitor$ServerMonitorRunnable.run(DefaultServerMonitor.java:153) ~[mongodb-driver-core-4.11.2.jar:na]
	at java.base/java.lang.Thread.run(Thread.java:1583) ~[na:na]
Caused by: java.net.SocketTimeoutException: Read timed out
	at java.base/sun.nio.ch.NioSocketImpl.timedRead(NioSocketImpl.java:278) ~[na:na]
	at java.base/sun.nio.ch.NioSocketImpl.implRead(NioSocketImpl.java:304) ~[na:na]
	at java.base/sun.nio.ch.NioSocketImpl.read(NioSocketImpl.java:346) ~[na:na]
	at java.base/sun.nio.ch.NioSocketImpl$1.read(NioSocketImpl.java:796) ~[na:na]
	at java.base/java.net.Socket$SocketInputStream.read(Socket.java:1099) ~[na:na]
	at java.base/sun.security.ssl.SSLSocketInputRecord.read(SSLSocketInputRecord.java:489) ~[na:na]
	at java.base/sun.security.ssl.SSLSocketInputRecord.readHeader(SSLSocketInputRecord.java:483) ~[na:na]
	at java.base/sun.security.ssl.SSLSocketInputRecord.bytesInCompletePacket(SSLSocketInputRecord.java:70) ~[na:na]
	at java.base/sun.security.ssl.SSLSocketImpl.readApplicationRecord(SSLSocketImpl.java:1461) ~[na:na]
	at java.base/sun.security.ssl.SSLSocketImpl$AppInputStream.read(SSLSocketImpl.java:1066) ~[na:na]
	at com.mongodb.internal.connection.SocketStream.read(SocketStream.java:175) ~[mongodb-driver-core-4.11.2.jar:na]
	at com.mongodb.internal.connection.SocketStream.read(SocketStream.java:200) ~[mongodb-driver-core-4.11.2.jar:na]
	at com.mongodb.internal.connection.InternalStreamConnection.receiveResponseBuffers(InternalStreamConnection.java:739) ~[mongodb-driver-core-4.11.2.jar:na]
	at com.mongodb.internal.connection.InternalStreamConnection.receiveMessageWithAdditionalTimeout(InternalStreamConnection.java:603) ~[mongodb-driver-core-4.11.2.jar:na]
	... 5 common frames omitted

2026-03-27T12:05:02.291+05:30  INFO 99702 --- [academic-service] [ngodb.net:27017] org.mongodb.driver.cluster               : Monitor thread successfully connected to server with description ServerDescription{address=ac-3mufzp1-shard-00-00.4nosy2u.mongodb.net:27017, type=REPLICA_SET_SECONDARY, state=CONNECTED, ok=true, minWireVersion=0, maxWireVersion=25, maxDocumentSize=16777216, logicalSessionTimeoutMinutes=30, roundTripTimeNanos=115788375, setName='atlas-hy5sqn-shard-0', canonicalAddress=ac-3mufzp1-shard-00-00.4nosy2u.mongodb.net:27017, hosts=[ac-3mufzp1-shard-00-00.4nosy2u.mongodb.net:27017, ac-3mufzp1-shard-00-02.4nosy2u.mongodb.net:27017, ac-3mufzp1-shard-00-01.4nosy2u.mongodb.net:27017], passives=[], arbiters=[], primary='ac-3mufzp1-shard-00-01.4nosy2u.mongodb.net:27017', tagSet=TagSet{[Tag{name='availabilityZone', value='aps1-az1'}, Tag{name='diskState', value='READY'}, Tag{name='nodeType', value='ELECTABLE'}, Tag{name='provider', value='AWS'}, Tag{name='region', value='AP_SOUTH_1'}, Tag{name='workloadType', value='OPERATIONAL'}]}, electionId=null, setVersion=46, topologyVersion=TopologyVersion{processId=69b30edff67384ce6d9efce1, counter=4}, lastWriteDate=Fri Mar 27 12:05:02 IST 2026, lastUpdateTimeNanos=161163698281708}
2026-03-27T12:05:04.341+05:30  INFO 99702 --- [academic-service] [ngodb.net:27017] org.mongodb.driver.cluster               : Exception in monitor thread while connecting to server ac-3mufzp1-shard-00-02.4nosy2u.mongodb.net:27017

com.mongodb.MongoSocketReadTimeoutException: Timeout while receiving message
	at com.mongodb.internal.connection.InternalStreamConnection.translateReadException(InternalStreamConnection.java:728) ~[mongodb-driver-core-4.11.2.jar:na]
	at com.mongodb.internal.connection.InternalStreamConnection.receiveMessageWithAdditionalTimeout(InternalStreamConnection.java:606) ~[mongodb-driver-core-4.11.2.jar:na]
	at com.mongodb.internal.connection.InternalStreamConnection.receiveCommandMessageResponse(InternalStreamConnection.java:451) ~[mongodb-driver-core-4.11.2.jar:na]
	at com.mongodb.internal.connection.InternalStreamConnection.receive(InternalStreamConnection.java:404) ~[mongodb-driver-core-4.11.2.jar:na]
	at com.mongodb.internal.connection.DefaultServerMonitor$ServerMonitorRunnable.lookupServerDescription(DefaultServerMonitor.java:221) ~[mongodb-driver-core-4.11.2.jar:na]
	at com.mongodb.internal.connection.DefaultServerMonitor$ServerMonitorRunnable.run(DefaultServerMonitor.java:153) ~[mongodb-driver-core-4.11.2.jar:na]
	at java.base/java.lang.Thread.run(Thread.java:1583) ~[na:na]
Caused by: java.net.SocketTimeoutException: Read timed out
	at java.base/sun.nio.ch.NioSocketImpl.timedRead(NioSocketImpl.java:278) ~[na:na]
	at java.base/sun.nio.ch.NioSocketImpl.implRead(NioSocketImpl.java:304) ~[na:na]
	at java.base/sun.nio.ch.NioSocketImpl.read(NioSocketImpl.java:346) ~[na:na]
	at java.base/sun.nio.ch.NioSocketImpl$1.read(NioSocketImpl.java:796) ~[na:na]
	at java.base/java.net.Socket$SocketInputStream.read(Socket.java:1099) ~[na:na]
	at java.base/sun.security.ssl.SSLSocketInputRecord.read(SSLSocketInputRecord.java:489) ~[na:na]
	at java.base/sun.security.ssl.SSLSocketInputRecord.readHeader(SSLSocketInputRecord.java:483) ~[na:na]
	at java.base/sun.security.ssl.SSLSocketInputRecord.bytesInCompletePacket(SSLSocketInputRecord.java:70) ~[na:na]
	at java.base/sun.security.ssl.SSLSocketImpl.readApplicationRecord(SSLSocketImpl.java:1461) ~[na:na]
	at java.base/sun.security.ssl.SSLSocketImpl$AppInputStream.read(SSLSocketImpl.java:1066) ~[na:na]
	at com.mongodb.internal.connection.SocketStream.read(SocketStream.java:175) ~[mongodb-driver-core-4.11.2.jar:na]
	at com.mongodb.internal.connection.SocketStream.read(SocketStream.java:200) ~[mongodb-driver-core-4.11.2.jar:na]
	at com.mongodb.internal.connection.InternalStreamConnection.receiveResponseBuffers(InternalStreamConnection.java:739) ~[mongodb-driver-core-4.11.2.jar:na]
	at com.mongodb.internal.connection.InternalStreamConnection.receiveMessageWithAdditionalTimeout(InternalStreamConnection.java:603) ~[mongodb-driver-core-4.11.2.jar:na]
	... 5 common frames omitted

2026-03-27T12:05:04.733+05:30  INFO 99702 --- [academic-service] [ngodb.net:27017] org.mongodb.driver.cluster               : Monitor thread successfully connected to server with description ServerDescription{address=ac-3mufzp1-shard-00-02.4nosy2u.mongodb.net:27017, type=REPLICA_SET_SECONDARY, state=CONNECTED, ok=true, minWireVersion=0, maxWireVersion=25, maxDocumentSize=16777216, logicalSessionTimeoutMinutes=30, roundTripTimeNanos=171573208, setName='atlas-hy5sqn-shard-0', canonicalAddress=ac-3mufzp1-shard-00-02.4nosy2u.mongodb.net:27017, hosts=[ac-3mufzp1-shard-00-00.4nosy2u.mongodb.net:27017, ac-3mufzp1-shard-00-02.4nosy2u.mongodb.net:27017, ac-3mufzp1-shard-00-01.4nosy2u.mongodb.net:27017], passives=[], arbiters=[], primary='ac-3mufzp1-shard-00-01.4nosy2u.mongodb.net:27017', tagSet=TagSet{[Tag{name='availabilityZone', value='aps1-az2'}, Tag{name='diskState', value='READY'}, Tag{name='nodeType', value='ELECTABLE'}, Tag{name='provider', value='AWS'}, Tag{name='region', value='AP_SOUTH_1'}, Tag{name='workloadType', value='OPERATIONAL'}]}, electionId=null, setVersion=46, topologyVersion=TopologyVersion{processId=69b31436cf980eb974c6b7c1, counter=3}, lastWriteDate=Fri Mar 27 12:05:04 IST 2026, lastUpdateTimeNanos=161166140734166}
2026-03-27T12:07:46.914+05:30  INFO 99702 --- [academic-service] [trap-executor-0] c.n.d.s.r.aws.ConfigClusterResolver      : Resolving eureka endpoints via configuration
2026-03-27T12:12:46.919+05:30  INFO 99702 --- [academic-service] [trap-executor-0] c.n.d.s.r.aws.ConfigClusterResolver      : Resolving eureka endpoints via configuration
2026-03-27T12:17:46.928+05:30  INFO 99702 --- [academic-service] [trap-executor-0] c.n.d.s.r.aws.ConfigClusterResolver      : Resolving eureka endpoints via configuration
2026-03-27T12:22:46.935+05:30  INFO 99702 --- [academic-service] [trap-executor-0] c.n.d.s.r.aws.ConfigClusterResolver      : Resolving eureka endpoints via configuration
2026-03-27T12:24:00.946+05:30  INFO 99702 --- [academic-service] [ngodb.net:27017] org.mongodb.driver.cluster               : Exception in monitor thread while connecting to server ac-3mufzp1-shard-00-02.4nosy2u.mongodb.net:27017

com.mongodb.MongoSocketReadTimeoutException: Timeout while receiving message
	at com.mongodb.internal.connection.InternalStreamConnection.translateReadException(InternalStreamConnection.java:728) ~[mongodb-driver-core-4.11.2.jar:na]
	at com.mongodb.internal.connection.InternalStreamConnection.receiveMessageWithAdditionalTimeout(InternalStreamConnection.java:606) ~[mongodb-driver-core-4.11.2.jar:na]
	at com.mongodb.internal.connection.InternalStreamConnection.receiveCommandMessageResponse(InternalStreamConnection.java:451) ~[mongodb-driver-core-4.11.2.jar:na]
	at com.mongodb.internal.connection.InternalStreamConnection.receive(InternalStreamConnection.java:404) ~[mongodb-driver-core-4.11.2.jar:na]
	at com.mongodb.internal.connection.DefaultServerMonitor$ServerMonitorRunnable.lookupServerDescription(DefaultServerMonitor.java:221) ~[mongodb-driver-core-4.11.2.jar:na]
	at com.mongodb.internal.connection.DefaultServerMonitor$ServerMonitorRunnable.run(DefaultServerMonitor.java:153) ~[mongodb-driver-core-4.11.2.jar:na]
	at java.base/java.lang.Thread.run(Thread.java:1583) ~[na:na]
Caused by: java.net.SocketTimeoutException: Read timed out
	at java.base/sun.nio.ch.NioSocketImpl.timedRead(NioSocketImpl.java:278) ~[na:na]
	at java.base/sun.nio.ch.NioSocketImpl.implRead(NioSocketImpl.java:304) ~[na:na]
	at java.base/sun.nio.ch.NioSocketImpl.read(NioSocketImpl.java:346) ~[na:na]
	at java.base/sun.nio.ch.NioSocketImpl$1.read(NioSocketImpl.java:796) ~[na:na]
	at java.base/java.net.Socket$SocketInputStream.read(Socket.java:1099) ~[na:na]
	at java.base/sun.security.ssl.SSLSocketInputRecord.read(SSLSocketInputRecord.java:489) ~[na:na]
	at java.base/sun.security.ssl.SSLSocketInputRecord.readHeader(SSLSocketInputRecord.java:483) ~[na:na]
	at java.base/sun.security.ssl.SSLSocketInputRecord.bytesInCompletePacket(SSLSocketInputRecord.java:70) ~[na:na]
	at java.base/sun.security.ssl.SSLSocketImpl.readApplicationRecord(SSLSocketImpl.java:1461) ~[na:na]
	at java.base/sun.security.ssl.SSLSocketImpl$AppInputStream.read(SSLSocketImpl.java:1066) ~[na:na]
	at com.mongodb.internal.connection.SocketStream.read(SocketStream.java:175) ~[mongodb-driver-core-4.11.2.jar:na]
	at com.mongodb.internal.connection.SocketStream.read(SocketStream.java:200) ~[mongodb-driver-core-4.11.2.jar:na]
	at com.mongodb.internal.connection.InternalStreamConnection.receiveResponseBuffers(InternalStreamConnection.java:739) ~[mongodb-driver-core-4.11.2.jar:na]
	at com.mongodb.internal.connection.InternalStreamConnection.receiveMessageWithAdditionalTimeout(InternalStreamConnection.java:603) ~[mongodb-driver-core-4.11.2.jar:na]
	... 5 common frames omitted

2026-03-27T12:24:01.083+05:30  INFO 99702 --- [academic-service] [ngodb.net:27017] org.mongodb.driver.cluster               : Monitor thread successfully connected to server with description ServerDescription{address=ac-3mufzp1-shard-00-02.4nosy2u.mongodb.net:27017, type=REPLICA_SET_SECONDARY, state=CONNECTED, ok=true, minWireVersion=0, maxWireVersion=25, maxDocumentSize=16777216, logicalSessionTimeoutMinutes=30, roundTripTimeNanos=43008166, setName='atlas-hy5sqn-shard-0', canonicalAddress=ac-3mufzp1-shard-00-02.4nosy2u.mongodb.net:27017, hosts=[ac-3mufzp1-shard-00-00.4nosy2u.mongodb.net:27017, ac-3mufzp1-shard-00-02.4nosy2u.mongodb.net:27017, ac-3mufzp1-shard-00-01.4nosy2u.mongodb.net:27017], passives=[], arbiters=[], primary='ac-3mufzp1-shard-00-01.4nosy2u.mongodb.net:27017', tagSet=TagSet{[Tag{name='availabilityZone', value='aps1-az2'}, Tag{name='diskState', value='READY'}, Tag{name='nodeType', value='ELECTABLE'}, Tag{name='provider', value='AWS'}, Tag{name='region', value='AP_SOUTH_1'}, Tag{name='workloadType', value='OPERATIONAL'}]}, electionId=null, setVersion=46, topologyVersion=TopologyVersion{processId=69b31436cf980eb974c6b7c1, counter=3}, lastWriteDate=Fri Mar 27 12:24:01 IST 2026, lastUpdateTimeNanos=162257258571041}
2026-03-27T12:24:07.271+05:30  INFO 99702 --- [academic-service] [ngodb.net:27017] org.mongodb.driver.cluster               : Exception in monitor thread while connecting to server ac-3mufzp1-shard-00-01.4nosy2u.mongodb.net:27017

com.mongodb.MongoSocketReadTimeoutException: Timeout while receiving message
	at com.mongodb.internal.connection.InternalStreamConnection.translateReadException(InternalStreamConnection.java:728) ~[mongodb-driver-core-4.11.2.jar:na]
	at com.mongodb.internal.connection.InternalStreamConnection.receiveMessageWithAdditionalTimeout(InternalStreamConnection.java:606) ~[mongodb-driver-core-4.11.2.jar:na]
	at com.mongodb.internal.connection.InternalStreamConnection.receiveCommandMessageResponse(InternalStreamConnection.java:451) ~[mongodb-driver-core-4.11.2.jar:na]
	at com.mongodb.internal.connection.InternalStreamConnection.receive(InternalStreamConnection.java:404) ~[mongodb-driver-core-4.11.2.jar:na]
	at com.mongodb.internal.connection.DefaultServerMonitor$ServerMonitorRunnable.lookupServerDescription(DefaultServerMonitor.java:221) ~[mongodb-driver-core-4.11.2.jar:na]
	at com.mongodb.internal.connection.DefaultServerMonitor$ServerMonitorRunnable.run(DefaultServerMonitor.java:153) ~[mongodb-driver-core-4.11.2.jar:na]
	at java.base/java.lang.Thread.run(Thread.java:1583) ~[na:na]
Caused by: java.net.SocketTimeoutException: Read timed out
	at java.base/sun.nio.ch.NioSocketImpl.timedRead(NioSocketImpl.java:278) ~[na:na]
	at java.base/sun.nio.ch.NioSocketImpl.implRead(NioSocketImpl.java:304) ~[na:na]
	at java.base/sun.nio.ch.NioSocketImpl.read(NioSocketImpl.java:346) ~[na:na]
	at java.base/sun.nio.ch.NioSocketImpl$1.read(NioSocketImpl.java:796) ~[na:na]
	at java.base/java.net.Socket$SocketInputStream.read(Socket.java:1099) ~[na:na]
	at java.base/sun.security.ssl.SSLSocketInputRecord.read(SSLSocketInputRecord.java:489) ~[na:na]
	at java.base/sun.security.ssl.SSLSocketInputRecord.readHeader(SSLSocketInputRecord.java:483) ~[na:na]
	at java.base/sun.security.ssl.SSLSocketInputRecord.bytesInCompletePacket(SSLSocketInputRecord.java:70) ~[na:na]
	at java.base/sun.security.ssl.SSLSocketImpl.readApplicationRecord(SSLSocketImpl.java:1461) ~[na:na]
	at java.base/sun.security.ssl.SSLSocketImpl$AppInputStream.read(SSLSocketImpl.java:1066) ~[na:na]
	at com.mongodb.internal.connection.SocketStream.read(SocketStream.java:175) ~[mongodb-driver-core-4.11.2.jar:na]
	at com.mongodb.internal.connection.SocketStream.read(SocketStream.java:200) ~[mongodb-driver-core-4.11.2.jar:na]
	at com.mongodb.internal.connection.InternalStreamConnection.receiveResponseBuffers(InternalStreamConnection.java:739) ~[mongodb-driver-core-4.11.2.jar:na]
	at com.mongodb.internal.connection.InternalStreamConnection.receiveMessageWithAdditionalTimeout(InternalStreamConnection.java:603) ~[mongodb-driver-core-4.11.2.jar:na]
	... 5 common frames omitted

2026-03-27T12:24:07.646+05:30  INFO 99702 --- [academic-service] [ngodb.net:27017] org.mongodb.driver.cluster               : Monitor thread successfully connected to server with description ServerDescription{address=ac-3mufzp1-shard-00-01.4nosy2u.mongodb.net:27017, type=REPLICA_SET_PRIMARY, state=CONNECTED, ok=true, minWireVersion=0, maxWireVersion=25, maxDocumentSize=16777216, logicalSessionTimeoutMinutes=30, roundTripTimeNanos=181301500, setName='atlas-hy5sqn-shard-0', canonicalAddress=ac-3mufzp1-shard-00-01.4nosy2u.mongodb.net:27017, hosts=[ac-3mufzp1-shard-00-00.4nosy2u.mongodb.net:27017, ac-3mufzp1-shard-00-02.4nosy2u.mongodb.net:27017, ac-3mufzp1-shard-00-01.4nosy2u.mongodb.net:27017], passives=[], arbiters=[], primary='ac-3mufzp1-shard-00-01.4nosy2u.mongodb.net:27017', tagSet=TagSet{[Tag{name='availabilityZone', value='aps1-az3'}, Tag{name='diskState', value='READY'}, Tag{name='nodeType', value='ELECTABLE'}, Tag{name='provider', value='AWS'}, Tag{name='region', value='AP_SOUTH_1'}, Tag{name='workloadType', value='OPERATIONAL'}]}, electionId=7fffffff00000000000000ca, setVersion=46, topologyVersion=TopologyVersion{processId=69b311797648454b51f7c7a8, counter=6}, lastWriteDate=Fri Mar 27 12:24:07 IST 2026, lastUpdateTimeNanos=162263821422875}
2026-03-27T12:24:07.648+05:30  INFO 99702 --- [academic-service] [ngodb.net:27017] org.mongodb.driver.cluster               : Discovered replica set primary ac-3mufzp1-shard-00-01.4nosy2u.mongodb.net:27017 with max election id 7fffffff00000000000000ca and max set version 46
2026-03-27T12:24:08.458+05:30  INFO 99702 --- [academic-service] [ngodb.net:27017] org.mongodb.driver.cluster               : Exception in monitor thread while connecting to server ac-3mufzp1-shard-00-00.4nosy2u.mongodb.net:27017

com.mongodb.MongoSocketReadTimeoutException: Timeout while receiving message
	at com.mongodb.internal.connection.InternalStreamConnection.translateReadException(InternalStreamConnection.java:728) ~[mongodb-driver-core-4.11.2.jar:na]
	at com.mongodb.internal.connection.InternalStreamConnection.receiveMessageWithAdditionalTimeout(InternalStreamConnection.java:606) ~[mongodb-driver-core-4.11.2.jar:na]
	at com.mongodb.internal.connection.InternalStreamConnection.receiveCommandMessageResponse(InternalStreamConnection.java:451) ~[mongodb-driver-core-4.11.2.jar:na]
	at com.mongodb.internal.connection.InternalStreamConnection.receive(InternalStreamConnection.java:404) ~[mongodb-driver-core-4.11.2.jar:na]
	at com.mongodb.internal.connection.DefaultServerMonitor$ServerMonitorRunnable.lookupServerDescription(DefaultServerMonitor.java:221) ~[mongodb-driver-core-4.11.2.jar:na]
	at com.mongodb.internal.connection.DefaultServerMonitor$ServerMonitorRunnable.run(DefaultServerMonitor.java:153) ~[mongodb-driver-core-4.11.2.jar:na]
	at java.base/java.lang.Thread.run(Thread.java:1583) ~[na:na]
Caused by: java.net.SocketTimeoutException: Read timed out
	at java.base/sun.nio.ch.NioSocketImpl.timedRead(NioSocketImpl.java:278) ~[na:na]
	at java.base/sun.nio.ch.NioSocketImpl.implRead(NioSocketImpl.java:304) ~[na:na]
	at java.base/sun.nio.ch.NioSocketImpl.read(NioSocketImpl.java:346) ~[na:na]
	at java.base/sun.nio.ch.NioSocketImpl$1.read(NioSocketImpl.java:796) ~[na:na]
	at java.base/java.net.Socket$SocketInputStream.read(Socket.java:1099) ~[na:na]
	at java.base/sun.security.ssl.SSLSocketInputRecord.read(SSLSocketInputRecord.java:489) ~[na:na]
	at java.base/sun.security.ssl.SSLSocketInputRecord.readHeader(SSLSocketInputRecord.java:483) ~[na:na]
	at java.base/sun.security.ssl.SSLSocketInputRecord.bytesInCompletePacket(SSLSocketInputRecord.java:70) ~[na:na]
	at java.base/sun.security.ssl.SSLSocketImpl.readApplicationRecord(SSLSocketImpl.java:1461) ~[na:na]
	at java.base/sun.security.ssl.SSLSocketImpl$AppInputStream.read(SSLSocketImpl.java:1066) ~[na:na]
	at com.mongodb.internal.connection.SocketStream.read(SocketStream.java:175) ~[mongodb-driver-core-4.11.2.jar:na]
	at com.mongodb.internal.connection.SocketStream.read(SocketStream.java:200) ~[mongodb-driver-core-4.11.2.jar:na]
	at com.mongodb.internal.connection.InternalStreamConnection.receiveResponseBuffers(InternalStreamConnection.java:739) ~[mongodb-driver-core-4.11.2.jar:na]
	at com.mongodb.internal.connection.InternalStreamConnection.receiveMessageWithAdditionalTimeout(InternalStreamConnection.java:603) ~[mongodb-driver-core-4.11.2.jar:na]
	... 5 common frames omitted

2026-03-27T12:24:08.586+05:30  INFO 99702 --- [academic-service] [ngodb.net:27017] org.mongodb.driver.cluster               : Monitor thread successfully connected to server with description ServerDescription{address=ac-3mufzp1-shard-00-00.4nosy2u.mongodb.net:27017, type=REPLICA_SET_SECONDARY, state=CONNECTED, ok=true, minWireVersion=0, maxWireVersion=25, maxDocumentSize=16777216, logicalSessionTimeoutMinutes=30, roundTripTimeNanos=47561166, setName='atlas-hy5sqn-shard-0', canonicalAddress=ac-3mufzp1-shard-00-00.4nosy2u.mongodb.net:27017, hosts=[ac-3mufzp1-shard-00-00.4nosy2u.mongodb.net:27017, ac-3mufzp1-shard-00-02.4nosy2u.mongodb.net:27017, ac-3mufzp1-shard-00-01.4nosy2u.mongodb.net:27017], passives=[], arbiters=[], primary='ac-3mufzp1-shard-00-01.4nosy2u.mongodb.net:27017', tagSet=TagSet{[Tag{name='availabilityZone', value='aps1-az1'}, Tag{name='diskState', value='READY'}, Tag{name='nodeType', value='ELECTABLE'}, Tag{name='provider', value='AWS'}, Tag{name='region', value='AP_SOUTH_1'}, Tag{name='workloadType', value='OPERATIONAL'}]}, electionId=null, setVersion=46, topologyVersion=TopologyVersion{processId=69b30edff67384ce6d9efce1, counter=4}, lastWriteDate=Fri Mar 27 12:24:08 IST 2026, lastUpdateTimeNanos=162264761929333}
2026-03-27T12:27:54.787+05:30  INFO 99702 --- [academic-service] [ngodb.net:27017] org.mongodb.driver.cluster               : Exception in monitor thread while connecting to server ac-3mufzp1-shard-00-02.4nosy2u.mongodb.net:27017

com.mongodb.MongoSocketReadTimeoutException: Timeout while receiving message
	at com.mongodb.internal.connection.InternalStreamConnection.translateReadException(InternalStreamConnection.java:728) ~[mongodb-driver-core-4.11.2.jar:na]
	at com.mongodb.internal.connection.InternalStreamConnection.receiveMessageWithAdditionalTimeout(InternalStreamConnection.java:606) ~[mongodb-driver-core-4.11.2.jar:na]
	at com.mongodb.internal.connection.InternalStreamConnection.receiveCommandMessageResponse(InternalStreamConnection.java:451) ~[mongodb-driver-core-4.11.2.jar:na]
	at com.mongodb.internal.connection.InternalStreamConnection.receive(InternalStreamConnection.java:404) ~[mongodb-driver-core-4.11.2.jar:na]
	at com.mongodb.internal.connection.DefaultServerMonitor$ServerMonitorRunnable.lookupServerDescription(DefaultServerMonitor.java:221) ~[mongodb-driver-core-4.11.2.jar:na]
	at com.mongodb.internal.connection.DefaultServerMonitor$ServerMonitorRunnable.run(DefaultServerMonitor.java:153) ~[mongodb-driver-core-4.11.2.jar:na]
	at java.base/java.lang.Thread.run(Thread.java:1583) ~[na:na]
Caused by: java.net.SocketTimeoutException: Read timed out
	at java.base/sun.nio.ch.NioSocketImpl.timedRead(NioSocketImpl.java:278) ~[na:na]
	at java.base/sun.nio.ch.NioSocketImpl.implRead(NioSocketImpl.java:304) ~[na:na]
	at java.base/sun.nio.ch.NioSocketImpl.read(NioSocketImpl.java:346) ~[na:na]
	at java.base/sun.nio.ch.NioSocketImpl$1.read(NioSocketImpl.java:796) ~[na:na]
	at java.base/java.net.Socket$SocketInputStream.read(Socket.java:1099) ~[na:na]
	at java.base/sun.security.ssl.SSLSocketInputRecord.read(SSLSocketInputRecord.java:489) ~[na:na]
	at java.base/sun.security.ssl.SSLSocketInputRecord.readHeader(SSLSocketInputRecord.java:483) ~[na:na]
	at java.base/sun.security.ssl.SSLSocketInputRecord.bytesInCompletePacket(SSLSocketInputRecord.java:70) ~[na:na]
	at java.base/sun.security.ssl.SSLSocketImpl.readApplicationRecord(SSLSocketImpl.java:1461) ~[na:na]
	at java.base/sun.security.ssl.SSLSocketImpl$AppInputStream.read(SSLSocketImpl.java:1066) ~[na:na]
	at com.mongodb.internal.connection.SocketStream.read(SocketStream.java:175) ~[mongodb-driver-core-4.11.2.jar:na]
	at com.mongodb.internal.connection.SocketStream.read(SocketStream.java:200) ~[mongodb-driver-core-4.11.2.jar:na]
	at com.mongodb.internal.connection.InternalStreamConnection.receiveResponseBuffers(InternalStreamConnection.java:739) ~[mongodb-driver-core-4.11.2.jar:na]
	at com.mongodb.internal.connection.InternalStreamConnection.receiveMessageWithAdditionalTimeout(InternalStreamConnection.java:603) ~[mongodb-driver-core-4.11.2.jar:na]
	... 5 common frames omitted

2026-03-27T12:27:55.164+05:30  INFO 99702 --- [academic-service] [ngodb.net:27017] org.mongodb.driver.cluster               : Monitor thread successfully connected to server with description ServerDescription{address=ac-3mufzp1-shard-00-02.4nosy2u.mongodb.net:27017, type=REPLICA_SET_SECONDARY, state=CONNECTED, ok=true, minWireVersion=0, maxWireVersion=25, maxDocumentSize=16777216, logicalSessionTimeoutMinutes=30, roundTripTimeNanos=182554000, setName='atlas-hy5sqn-shard-0', canonicalAddress=ac-3mufzp1-shard-00-02.4nosy2u.mongodb.net:27017, hosts=[ac-3mufzp1-shard-00-00.4nosy2u.mongodb.net:27017, ac-3mufzp1-shard-00-02.4nosy2u.mongodb.net:27017, ac-3mufzp1-shard-00-01.4nosy2u.mongodb.net:27017], passives=[], arbiters=[], primary='ac-3mufzp1-shard-00-01.4nosy2u.mongodb.net:27017', tagSet=TagSet{[Tag{name='availabilityZone', value='aps1-az2'}, Tag{name='diskState', value='READY'}, Tag{name='nodeType', value='ELECTABLE'}, Tag{name='provider', value='AWS'}, Tag{name='region', value='AP_SOUTH_1'}, Tag{name='workloadType', value='OPERATIONAL'}]}, electionId=null, setVersion=46, topologyVersion=TopologyVersion{processId=69b31436cf980eb974c6b7c1, counter=3}, lastWriteDate=Fri Mar 27 12:27:55 IST 2026, lastUpdateTimeNanos=162417793851333}
2026-03-27T12:28:02.291+05:30  INFO 99702 --- [academic-service] [ngodb.net:27017] org.mongodb.driver.cluster               : Exception in monitor thread while connecting to server ac-3mufzp1-shard-00-00.4nosy2u.mongodb.net:27017

com.mongodb.MongoSocketReadTimeoutException: Timeout while receiving message
	at com.mongodb.internal.connection.InternalStreamConnection.translateReadException(InternalStreamConnection.java:728) ~[mongodb-driver-core-4.11.2.jar:na]
	at com.mongodb.internal.connection.InternalStreamConnection.receiveMessageWithAdditionalTimeout(InternalStreamConnection.java:606) ~[mongodb-driver-core-4.11.2.jar:na]
	at com.mongodb.internal.connection.InternalStreamConnection.receiveCommandMessageResponse(InternalStreamConnection.java:451) ~[mongodb-driver-core-4.11.2.jar:na]
	at com.mongodb.internal.connection.InternalStreamConnection.receive(InternalStreamConnection.java:404) ~[mongodb-driver-core-4.11.2.jar:na]
	at com.mongodb.internal.connection.DefaultServerMonitor$ServerMonitorRunnable.lookupServerDescription(DefaultServerMonitor.java:221) ~[mongodb-driver-core-4.11.2.jar:na]
	at com.mongodb.internal.connection.DefaultServerMonitor$ServerMonitorRunnable.run(DefaultServerMonitor.java:153) ~[mongodb-driver-core-4.11.2.jar:na]
	at java.base/java.lang.Thread.run(Thread.java:1583) ~[na:na]
Caused by: java.net.SocketTimeoutException: Read timed out
	at java.base/sun.nio.ch.NioSocketImpl.timedRead(NioSocketImpl.java:278) ~[na:na]
	at java.base/sun.nio.ch.NioSocketImpl.implRead(NioSocketImpl.java:304) ~[na:na]
	at java.base/sun.nio.ch.NioSocketImpl.read(NioSocketImpl.java:346) ~[na:na]
	at java.base/sun.nio.ch.NioSocketImpl$1.read(NioSocketImpl.java:796) ~[na:na]
	at java.base/java.net.Socket$SocketInputStream.read(Socket.java:1099) ~[na:na]
	at java.base/sun.security.ssl.SSLSocketInputRecord.read(SSLSocketInputRecord.java:489) ~[na:na]
	at java.base/sun.security.ssl.SSLSocketInputRecord.readHeader(SSLSocketInputRecord.java:483) ~[na:na]
	at java.base/sun.security.ssl.SSLSocketInputRecord.bytesInCompletePacket(SSLSocketInputRecord.java:70) ~[na:na]
	at java.base/sun.security.ssl.SSLSocketImpl.readApplicationRecord(SSLSocketImpl.java:1461) ~[na:na]
	at java.base/sun.security.ssl.SSLSocketImpl$AppInputStream.read(SSLSocketImpl.java:1066) ~[na:na]
	at com.mongodb.internal.connection.SocketStream.read(SocketStream.java:175) ~[mongodb-driver-core-4.11.2.jar:na]
	at com.mongodb.internal.connection.SocketStream.read(SocketStream.java:200) ~[mongodb-driver-core-4.11.2.jar:na]
	at com.mongodb.internal.connection.InternalStreamConnection.receiveResponseBuffers(InternalStreamConnection.java:739) ~[mongodb-driver-core-4.11.2.jar:na]
	at com.mongodb.internal.connection.InternalStreamConnection.receiveMessageWithAdditionalTimeout(InternalStreamConnection.java:603) ~[mongodb-driver-core-4.11.2.jar:na]
	... 5 common frames omitted

2026-03-27T12:28:02.420+05:30  INFO 99702 --- [academic-service] [ngodb.net:27017] org.mongodb.driver.cluster               : Monitor thread successfully connected to server with description ServerDescription{address=ac-3mufzp1-shard-00-00.4nosy2u.mongodb.net:27017, type=REPLICA_SET_SECONDARY, state=CONNECTED, ok=true, minWireVersion=0, maxWireVersion=25, maxDocumentSize=16777216, logicalSessionTimeoutMinutes=30, roundTripTimeNanos=44608000, setName='atlas-hy5sqn-shard-0', canonicalAddress=ac-3mufzp1-shard-00-00.4nosy2u.mongodb.net:27017, hosts=[ac-3mufzp1-shard-00-00.4nosy2u.mongodb.net:27017, ac-3mufzp1-shard-00-02.4nosy2u.mongodb.net:27017, ac-3mufzp1-shard-00-01.4nosy2u.mongodb.net:27017], passives=[], arbiters=[], primary='ac-3mufzp1-shard-00-01.4nosy2u.mongodb.net:27017', tagSet=TagSet{[Tag{name='availabilityZone', value='aps1-az1'}, Tag{name='diskState', value='READY'}, Tag{name='nodeType', value='ELECTABLE'}, Tag{name='provider', value='AWS'}, Tag{name='region', value='AP_SOUTH_1'}, Tag{name='workloadType', value='OPERATIONAL'}]}, electionId=null, setVersion=46, topologyVersion=TopologyVersion{processId=69b30edff67384ce6d9efce1, counter=4}, lastWriteDate=Fri Mar 27 12:28:02 IST 2026, lastUpdateTimeNanos=162425051075916}
2026-03-27T12:29:45.763+05:30  INFO 99702 --- [academic-service] [trap-executor-0] c.n.d.s.r.aws.ConfigClusterResolver      : Resolving eureka endpoints via configuration
2026-03-27T12:34:45.762+05:30  INFO 99702 --- [academic-service] [trap-executor-0] c.n.d.s.r.aws.ConfigClusterResolver      : Resolving eureka endpoints via configuration
2026-03-27T12:39:45.771+05:30  INFO 99702 --- [academic-service] [trap-executor-0] c.n.d.s.r.aws.ConfigClusterResolver      : Resolving eureka endpoints via configuration
2026-03-27T12:45:07.810+05:30  INFO 99702 --- [academic-service] [trap-executor-0] c.n.d.s.r.aws.ConfigClusterResolver      : Resolving eureka endpoints via configuration
2026-03-27T12:50:07.818+05:30  INFO 99702 --- [academic-service] [trap-executor-0] c.n.d.s.r.aws.ConfigClusterResolver      : Resolving eureka endpoints via configuration
2026-03-27T12:55:07.822+05:30  INFO 99702 --- [academic-service] [trap-executor-0] c.n.d.s.r.aws.ConfigClusterResolver      : Resolving eureka endpoints via configuration
2026-03-27T13:13:52.276+05:30  INFO 99702 --- [academic-service] [ngodb.net:27017] org.mongodb.driver.cluster               : Exception in monitor thread while connecting to server ac-3mufzp1-shard-00-00.4nosy2u.mongodb.net:27017

com.mongodb.MongoSocketReadTimeoutException: Timeout while receiving message
	at com.mongodb.internal.connection.InternalStreamConnection.translateReadException(InternalStreamConnection.java:728) ~[mongodb-driver-core-4.11.2.jar:na]
	at com.mongodb.internal.connection.InternalStreamConnection.receiveMessageWithAdditionalTimeout(InternalStreamConnection.java:606) ~[mongodb-driver-core-4.11.2.jar:na]
	at com.mongodb.internal.connection.InternalStreamConnection.receiveCommandMessageResponse(InternalStreamConnection.java:451) ~[mongodb-driver-core-4.11.2.jar:na]
	at com.mongodb.internal.connection.InternalStreamConnection.receive(InternalStreamConnection.java:404) ~[mongodb-driver-core-4.11.2.jar:na]
	at com.mongodb.internal.connection.DefaultServerMonitor$ServerMonitorRunnable.lookupServerDescription(DefaultServerMonitor.java:221) ~[mongodb-driver-core-4.11.2.jar:na]
	at com.mongodb.internal.connection.DefaultServerMonitor$ServerMonitorRunnable.run(DefaultServerMonitor.java:153) ~[mongodb-driver-core-4.11.2.jar:na]
	at java.base/java.lang.Thread.run(Thread.java:1583) ~[na:na]
Caused by: java.net.SocketTimeoutException: Read timed out
	at java.base/sun.nio.ch.NioSocketImpl.timedRead(NioSocketImpl.java:278) ~[na:na]
	at java.base/sun.nio.ch.NioSocketImpl.implRead(NioSocketImpl.java:304) ~[na:na]
	at java.base/sun.nio.ch.NioSocketImpl.read(NioSocketImpl.java:346) ~[na:na]
	at java.base/sun.nio.ch.NioSocketImpl$1.read(NioSocketImpl.java:796) ~[na:na]
	at java.base/java.net.Socket$SocketInputStream.read(Socket.java:1099) ~[na:na]
	at java.base/sun.security.ssl.SSLSocketInputRecord.read(SSLSocketInputRecord.java:489) ~[na:na]
	at java.base/sun.security.ssl.SSLSocketInputRecord.readHeader(SSLSocketInputRecord.java:483) ~[na:na]
	at java.base/sun.security.ssl.SSLSocketInputRecord.bytesInCompletePacket(SSLSocketInputRecord.java:70) ~[na:na]
	at java.base/sun.security.ssl.SSLSocketImpl.readApplicationRecord(SSLSocketImpl.java:1461) ~[na:na]
	at java.base/sun.security.ssl.SSLSocketImpl$AppInputStream.read(SSLSocketImpl.java:1066) ~[na:na]
	at com.mongodb.internal.connection.SocketStream.read(SocketStream.java:175) ~[mongodb-driver-core-4.11.2.jar:na]
	at com.mongodb.internal.connection.SocketStream.read(SocketStream.java:200) ~[mongodb-driver-core-4.11.2.jar:na]
	at com.mongodb.internal.connection.InternalStreamConnection.receiveResponseBuffers(InternalStreamConnection.java:739) ~[mongodb-driver-core-4.11.2.jar:na]
	at com.mongodb.internal.connection.InternalStreamConnection.receiveMessageWithAdditionalTimeout(InternalStreamConnection.java:603) ~[mongodb-driver-core-4.11.2.jar:na]
	... 5 common frames omitted

2026-03-27T13:13:52.500+05:30  INFO 99702 --- [academic-service] [ngodb.net:27017] org.mongodb.driver.cluster               : Monitor thread successfully connected to server with description ServerDescription{address=ac-3mufzp1-shard-00-00.4nosy2u.mongodb.net:27017, type=REPLICA_SET_SECONDARY, state=CONNECTED, ok=true, minWireVersion=0, maxWireVersion=25, maxDocumentSize=16777216, logicalSessionTimeoutMinutes=30, roundTripTimeNanos=128795417, setName='atlas-hy5sqn-shard-0', canonicalAddress=ac-3mufzp1-shard-00-00.4nosy2u.mongodb.net:27017, hosts=[ac-3mufzp1-shard-00-00.4nosy2u.mongodb.net:27017, ac-3mufzp1-shard-00-02.4nosy2u.mongodb.net:27017, ac-3mufzp1-shard-00-01.4nosy2u.mongodb.net:27017], passives=[], arbiters=[], primary='ac-3mufzp1-shard-00-01.4nosy2u.mongodb.net:27017', tagSet=TagSet{[Tag{name='availabilityZone', value='aps1-az1'}, Tag{name='diskState', value='READY'}, Tag{name='nodeType', value='ELECTABLE'}, Tag{name='provider', value='AWS'}, Tag{name='region', value='AP_SOUTH_1'}, Tag{name='workloadType', value='OPERATIONAL'}]}, electionId=null, setVersion=46, topologyVersion=TopologyVersion{processId=69b30edff67384ce6d9efce1, counter=4}, lastWriteDate=Fri Mar 27 13:13:52 IST 2026, lastUpdateTimeNanos=164164692238916}
2026-03-27T13:13:55.186+05:30  INFO 99702 --- [academic-service] [ngodb.net:27017] org.mongodb.driver.cluster               : Exception in monitor thread while connecting to server ac-3mufzp1-shard-00-02.4nosy2u.mongodb.net:27017

com.mongodb.MongoSocketReadTimeoutException: Timeout while receiving message
	at com.mongodb.internal.connection.InternalStreamConnection.translateReadException(InternalStreamConnection.java:728) ~[mongodb-driver-core-4.11.2.jar:na]
	at com.mongodb.internal.connection.InternalStreamConnection.receiveMessageWithAdditionalTimeout(InternalStreamConnection.java:606) ~[mongodb-driver-core-4.11.2.jar:na]
	at com.mongodb.internal.connection.InternalStreamConnection.receiveCommandMessageResponse(InternalStreamConnection.java:451) ~[mongodb-driver-core-4.11.2.jar:na]
	at com.mongodb.internal.connection.InternalStreamConnection.receive(InternalStreamConnection.java:404) ~[mongodb-driver-core-4.11.2.jar:na]
	at com.mongodb.internal.connection.DefaultServerMonitor$ServerMonitorRunnable.lookupServerDescription(DefaultServerMonitor.java:221) ~[mongodb-driver-core-4.11.2.jar:na]
	at com.mongodb.internal.connection.DefaultServerMonitor$ServerMonitorRunnable.run(DefaultServerMonitor.java:153) ~[mongodb-driver-core-4.11.2.jar:na]
	at java.base/java.lang.Thread.run(Thread.java:1583) ~[na:na]
Caused by: java.net.SocketTimeoutException: Read timed out
	at java.base/sun.nio.ch.NioSocketImpl.timedRead(NioSocketImpl.java:278) ~[na:na]
	at java.base/sun.nio.ch.NioSocketImpl.implRead(NioSocketImpl.java:304) ~[na:na]
	at java.base/sun.nio.ch.NioSocketImpl.read(NioSocketImpl.java:346) ~[na:na]
	at java.base/sun.nio.ch.NioSocketImpl$1.read(NioSocketImpl.java:796) ~[na:na]
	at java.base/java.net.Socket$SocketInputStream.read(Socket.java:1099) ~[na:na]
	at java.base/sun.security.ssl.SSLSocketInputRecord.read(SSLSocketInputRecord.java:489) ~[na:na]
	at java.base/sun.security.ssl.SSLSocketInputRecord.readHeader(SSLSocketInputRecord.java:483) ~[na:na]
	at java.base/sun.security.ssl.SSLSocketInputRecord.bytesInCompletePacket(SSLSocketInputRecord.java:70) ~[na:na]
	at java.base/sun.security.ssl.SSLSocketImpl.readApplicationRecord(SSLSocketImpl.java:1461) ~[na:na]
	at java.base/sun.security.ssl.SSLSocketImpl$AppInputStream.read(SSLSocketImpl.java:1066) ~[na:na]
	at com.mongodb.internal.connection.SocketStream.read(SocketStream.java:175) ~[mongodb-driver-core-4.11.2.jar:na]
	at com.mongodb.internal.connection.SocketStream.read(SocketStream.java:200) ~[mongodb-driver-core-4.11.2.jar:na]
	at com.mongodb.internal.connection.InternalStreamConnection.receiveResponseBuffers(InternalStreamConnection.java:739) ~[mongodb-driver-core-4.11.2.jar:na]
	at com.mongodb.internal.connection.InternalStreamConnection.receiveMessageWithAdditionalTimeout(InternalStreamConnection.java:603) ~[mongodb-driver-core-4.11.2.jar:na]
	... 5 common frames omitted

2026-03-27T13:13:55.338+05:30  INFO 99702 --- [academic-service] [ngodb.net:27017] org.mongodb.driver.cluster               : Monitor thread successfully connected to server with description ServerDescription{address=ac-3mufzp1-shard-00-02.4nosy2u.mongodb.net:27017, type=REPLICA_SET_SECONDARY, state=CONNECTED, ok=true, minWireVersion=0, maxWireVersion=25, maxDocumentSize=16777216, logicalSessionTimeoutMinutes=30, roundTripTimeNanos=93543167, setName='atlas-hy5sqn-shard-0', canonicalAddress=ac-3mufzp1-shard-00-02.4nosy2u.mongodb.net:27017, hosts=[ac-3mufzp1-shard-00-00.4nosy2u.mongodb.net:27017, ac-3mufzp1-shard-00-02.4nosy2u.mongodb.net:27017, ac-3mufzp1-shard-00-01.4nosy2u.mongodb.net:27017], passives=[], arbiters=[], primary='ac-3mufzp1-shard-00-01.4nosy2u.mongodb.net:27017', tagSet=TagSet{[Tag{name='availabilityZone', value='aps1-az2'}, Tag{name='diskState', value='READY'}, Tag{name='nodeType', value='ELECTABLE'}, Tag{name='provider', value='AWS'}, Tag{name='region', value='AP_SOUTH_1'}, Tag{name='workloadType', value='OPERATIONAL'}]}, electionId=null, setVersion=46, topologyVersion=TopologyVersion{processId=69b31436cf980eb974c6b7c1, counter=3}, lastWriteDate=Fri Mar 27 13:13:55 IST 2026, lastUpdateTimeNanos=164167533587416}
2026-03-27T13:13:57.108+05:30  INFO 99702 --- [academic-service] [ngodb.net:27017] org.mongodb.driver.cluster               : Exception in monitor thread while connecting to server ac-3mufzp1-shard-00-01.4nosy2u.mongodb.net:27017

com.mongodb.MongoSocketReadTimeoutException: Timeout while receiving message
	at com.mongodb.internal.connection.InternalStreamConnection.translateReadException(InternalStreamConnection.java:728) ~[mongodb-driver-core-4.11.2.jar:na]
	at com.mongodb.internal.connection.InternalStreamConnection.receiveMessageWithAdditionalTimeout(InternalStreamConnection.java:606) ~[mongodb-driver-core-4.11.2.jar:na]
	at com.mongodb.internal.connection.InternalStreamConnection.receiveCommandMessageResponse(InternalStreamConnection.java:451) ~[mongodb-driver-core-4.11.2.jar:na]
	at com.mongodb.internal.connection.InternalStreamConnection.receive(InternalStreamConnection.java:404) ~[mongodb-driver-core-4.11.2.jar:na]
	at com.mongodb.internal.connection.DefaultServerMonitor$ServerMonitorRunnable.lookupServerDescription(DefaultServerMonitor.java:221) ~[mongodb-driver-core-4.11.2.jar:na]
	at com.mongodb.internal.connection.DefaultServerMonitor$ServerMonitorRunnable.run(DefaultServerMonitor.java:153) ~[mongodb-driver-core-4.11.2.jar:na]
	at java.base/java.lang.Thread.run(Thread.java:1583) ~[na:na]
Caused by: java.net.SocketTimeoutException: Read timed out
	at java.base/sun.nio.ch.NioSocketImpl.timedRead(NioSocketImpl.java:278) ~[na:na]
	at java.base/sun.nio.ch.NioSocketImpl.implRead(NioSocketImpl.java:304) ~[na:na]
	at java.base/sun.nio.ch.NioSocketImpl.read(NioSocketImpl.java:346) ~[na:na]
	at java.base/sun.nio.ch.NioSocketImpl$1.read(NioSocketImpl.java:796) ~[na:na]
	at java.base/java.net.Socket$SocketInputStream.read(Socket.java:1099) ~[na:na]
	at java.base/sun.security.ssl.SSLSocketInputRecord.read(SSLSocketInputRecord.java:489) ~[na:na]
	at java.base/sun.security.ssl.SSLSocketInputRecord.readHeader(SSLSocketInputRecord.java:483) ~[na:na]
	at java.base/sun.security.ssl.SSLSocketInputRecord.bytesInCompletePacket(SSLSocketInputRecord.java:70) ~[na:na]
	at java.base/sun.security.ssl.SSLSocketImpl.readApplicationRecord(SSLSocketImpl.java:1461) ~[na:na]
	at java.base/sun.security.ssl.SSLSocketImpl$AppInputStream.read(SSLSocketImpl.java:1066) ~[na:na]
	at com.mongodb.internal.connection.SocketStream.read(SocketStream.java:175) ~[mongodb-driver-core-4.11.2.jar:na]
	at com.mongodb.internal.connection.SocketStream.read(SocketStream.java:200) ~[mongodb-driver-core-4.11.2.jar:na]
	at com.mongodb.internal.connection.InternalStreamConnection.receiveResponseBuffers(InternalStreamConnection.java:739) ~[mongodb-driver-core-4.11.2.jar:na]
	at com.mongodb.internal.connection.InternalStreamConnection.receiveMessageWithAdditionalTimeout(InternalStreamConnection.java:603) ~[mongodb-driver-core-4.11.2.jar:na]
	... 5 common frames omitted

2026-03-27T13:13:57.252+05:30  INFO 99702 --- [academic-service] [ngodb.net:27017] org.mongodb.driver.cluster               : Monitor thread successfully connected to server with description ServerDescription{address=ac-3mufzp1-shard-00-01.4nosy2u.mongodb.net:27017, type=REPLICA_SET_PRIMARY, state=CONNECTED, ok=true, minWireVersion=0, maxWireVersion=25, maxDocumentSize=16777216, logicalSessionTimeoutMinutes=30, roundTripTimeNanos=82110625, setName='atlas-hy5sqn-shard-0', canonicalAddress=ac-3mufzp1-shard-00-01.4nosy2u.mongodb.net:27017, hosts=[ac-3mufzp1-shard-00-00.4nosy2u.mongodb.net:27017, ac-3mufzp1-shard-00-02.4nosy2u.mongodb.net:27017, ac-3mufzp1-shard-00-01.4nosy2u.mongodb.net:27017], passives=[], arbiters=[], primary='ac-3mufzp1-shard-00-01.4nosy2u.mongodb.net:27017', tagSet=TagSet{[Tag{name='availabilityZone', value='aps1-az3'}, Tag{name='diskState', value='READY'}, Tag{name='nodeType', value='ELECTABLE'}, Tag{name='provider', value='AWS'}, Tag{name='region', value='AP_SOUTH_1'}, Tag{name='workloadType', value='OPERATIONAL'}]}, electionId=7fffffff00000000000000ca, setVersion=46, topologyVersion=TopologyVersion{processId=69b311797648454b51f7c7a8, counter=6}, lastWriteDate=Fri Mar 27 13:13:57 IST 2026, lastUpdateTimeNanos=164169448250458}
2026-03-27T13:13:57.252+05:30  INFO 99702 --- [academic-service] [ngodb.net:27017] org.mongodb.driver.cluster               : Discovered replica set primary ac-3mufzp1-shard-00-01.4nosy2u.mongodb.net:27017 with max election id 7fffffff00000000000000ca and max set version 46
2026-03-27T13:18:02.598+05:30  INFO 99702 --- [academic-service] [ngodb.net:27017] org.mongodb.driver.cluster               : Exception in monitor thread while connecting to server ac-3mufzp1-shard-00-00.4nosy2u.mongodb.net:27017

com.mongodb.MongoSocketReadTimeoutException: Timeout while receiving message
	at com.mongodb.internal.connection.InternalStreamConnection.translateReadException(InternalStreamConnection.java:728) ~[mongodb-driver-core-4.11.2.jar:na]
	at com.mongodb.internal.connection.InternalStreamConnection.receiveMessageWithAdditionalTimeout(InternalStreamConnection.java:606) ~[mongodb-driver-core-4.11.2.jar:na]
	at com.mongodb.internal.connection.InternalStreamConnection.receiveCommandMessageResponse(InternalStreamConnection.java:451) ~[mongodb-driver-core-4.11.2.jar:na]
	at com.mongodb.internal.connection.InternalStreamConnection.receive(InternalStreamConnection.java:404) ~[mongodb-driver-core-4.11.2.jar:na]
	at com.mongodb.internal.connection.DefaultServerMonitor$ServerMonitorRunnable.lookupServerDescription(DefaultServerMonitor.java:221) ~[mongodb-driver-core-4.11.2.jar:na]
	at com.mongodb.internal.connection.DefaultServerMonitor$ServerMonitorRunnable.run(DefaultServerMonitor.java:153) ~[mongodb-driver-core-4.11.2.jar:na]
	at java.base/java.lang.Thread.run(Thread.java:1583) ~[na:na]
Caused by: java.net.SocketTimeoutException: Read timed out
	at java.base/sun.nio.ch.NioSocketImpl.timedRead(NioSocketImpl.java:278) ~[na:na]
	at java.base/sun.nio.ch.NioSocketImpl.implRead(NioSocketImpl.java:304) ~[na:na]
	at java.base/sun.nio.ch.NioSocketImpl.read(NioSocketImpl.java:346) ~[na:na]
	at java.base/sun.nio.ch.NioSocketImpl$1.read(NioSocketImpl.java:796) ~[na:na]
	at java.base/java.net.Socket$SocketInputStream.read(Socket.java:1099) ~[na:na]
	at java.base/sun.security.ssl.SSLSocketInputRecord.read(SSLSocketInputRecord.java:489) ~[na:na]
	at java.base/sun.security.ssl.SSLSocketInputRecord.readHeader(SSLSocketInputRecord.java:483) ~[na:na]
	at java.base/sun.security.ssl.SSLSocketInputRecord.bytesInCompletePacket(SSLSocketInputRecord.java:70) ~[na:na]
	at java.base/sun.security.ssl.SSLSocketImpl.readApplicationRecord(SSLSocketImpl.java:1461) ~[na:na]
	at java.base/sun.security.ssl.SSLSocketImpl$AppInputStream.read(SSLSocketImpl.java:1066) ~[na:na]
	at com.mongodb.internal.connection.SocketStream.read(SocketStream.java:175) ~[mongodb-driver-core-4.11.2.jar:na]
	at com.mongodb.internal.connection.SocketStream.read(SocketStream.java:200) ~[mongodb-driver-core-4.11.2.jar:na]
	at com.mongodb.internal.connection.InternalStreamConnection.receiveResponseBuffers(InternalStreamConnection.java:739) ~[mongodb-driver-core-4.11.2.jar:na]
	at com.mongodb.internal.connection.InternalStreamConnection.receiveMessageWithAdditionalTimeout(InternalStreamConnection.java:603) ~[mongodb-driver-core-4.11.2.jar:na]
	... 5 common frames omitted

2026-03-27T13:18:02.961+05:30  INFO 99702 --- [academic-service] [ngodb.net:27017] org.mongodb.driver.cluster               : Monitor thread successfully connected to server with description ServerDescription{address=ac-3mufzp1-shard-00-00.4nosy2u.mongodb.net:27017, type=REPLICA_SET_SECONDARY, state=CONNECTED, ok=true, minWireVersion=0, maxWireVersion=25, maxDocumentSize=16777216, logicalSessionTimeoutMinutes=30, roundTripTimeNanos=180743834, setName='atlas-hy5sqn-shard-0', canonicalAddress=ac-3mufzp1-shard-00-00.4nosy2u.mongodb.net:27017, hosts=[ac-3mufzp1-shard-00-00.4nosy2u.mongodb.net:27017, ac-3mufzp1-shard-00-02.4nosy2u.mongodb.net:27017, ac-3mufzp1-shard-00-01.4nosy2u.mongodb.net:27017], passives=[], arbiters=[], primary='ac-3mufzp1-shard-00-01.4nosy2u.mongodb.net:27017', tagSet=TagSet{[Tag{name='availabilityZone', value='aps1-az1'}, Tag{name='diskState', value='READY'}, Tag{name='nodeType', value='ELECTABLE'}, Tag{name='provider', value='AWS'}, Tag{name='region', value='AP_SOUTH_1'}, Tag{name='workloadType', value='OPERATIONAL'}]}, electionId=null, setVersion=46, topologyVersion=TopologyVersion{processId=69b30edff67384ce6d9efce1, counter=4}, lastWriteDate=Fri Mar 27 13:18:02 IST 2026, lastUpdateTimeNanos=164195077143208}
2026-03-27T13:18:05.419+05:30  INFO 99702 --- [academic-service] [ngodb.net:27017] org.mongodb.driver.cluster               : Exception in monitor thread while connecting to server ac-3mufzp1-shard-00-02.4nosy2u.mongodb.net:27017

com.mongodb.MongoSocketReadTimeoutException: Timeout while receiving message
	at com.mongodb.internal.connection.InternalStreamConnection.translateReadException(InternalStreamConnection.java:728) ~[mongodb-driver-core-4.11.2.jar:na]
	at com.mongodb.internal.connection.InternalStreamConnection.receiveMessageWithAdditionalTimeout(InternalStreamConnection.java:606) ~[mongodb-driver-core-4.11.2.jar:na]
	at com.mongodb.internal.connection.InternalStreamConnection.receiveCommandMessageResponse(InternalStreamConnection.java:451) ~[mongodb-driver-core-4.11.2.jar:na]
	at com.mongodb.internal.connection.InternalStreamConnection.receive(InternalStreamConnection.java:404) ~[mongodb-driver-core-4.11.2.jar:na]
	at com.mongodb.internal.connection.DefaultServerMonitor$ServerMonitorRunnable.lookupServerDescription(DefaultServerMonitor.java:221) ~[mongodb-driver-core-4.11.2.jar:na]
	at com.mongodb.internal.connection.DefaultServerMonitor$ServerMonitorRunnable.run(DefaultServerMonitor.java:153) ~[mongodb-driver-core-4.11.2.jar:na]
	at java.base/java.lang.Thread.run(Thread.java:1583) ~[na:na]
Caused by: java.net.SocketTimeoutException: Read timed out
	at java.base/sun.nio.ch.NioSocketImpl.timedRead(NioSocketImpl.java:278) ~[na:na]
	at java.base/sun.nio.ch.NioSocketImpl.implRead(NioSocketImpl.java:304) ~[na:na]
	at java.base/sun.nio.ch.NioSocketImpl.read(NioSocketImpl.java:346) ~[na:na]
	at java.base/sun.nio.ch.NioSocketImpl$1.read(NioSocketImpl.java:796) ~[na:na]
	at java.base/java.net.Socket$SocketInputStream.read(Socket.java:1099) ~[na:na]
	at java.base/sun.security.ssl.SSLSocketInputRecord.read(SSLSocketInputRecord.java:489) ~[na:na]
	at java.base/sun.security.ssl.SSLSocketInputRecord.readHeader(SSLSocketInputRecord.java:483) ~[na:na]
	at java.base/sun.security.ssl.SSLSocketInputRecord.bytesInCompletePacket(SSLSocketInputRecord.java:70) ~[na:na]
	at java.base/sun.security.ssl.SSLSocketImpl.readApplicationRecord(SSLSocketImpl.java:1461) ~[na:na]
	at java.base/sun.security.ssl.SSLSocketImpl$AppInputStream.read(SSLSocketImpl.java:1066) ~[na:na]
	at com.mongodb.internal.connection.SocketStream.read(SocketStream.java:175) ~[mongodb-driver-core-4.11.2.jar:na]
	at com.mongodb.internal.connection.SocketStream.read(SocketStream.java:200) ~[mongodb-driver-core-4.11.2.jar:na]
	at com.mongodb.internal.connection.InternalStreamConnection.receiveResponseBuffers(InternalStreamConnection.java:739) ~[mongodb-driver-core-4.11.2.jar:na]
	at com.mongodb.internal.connection.InternalStreamConnection.receiveMessageWithAdditionalTimeout(InternalStreamConnection.java:603) ~[mongodb-driver-core-4.11.2.jar:na]
	... 5 common frames omitted

2026-03-27T13:18:05.894+05:30  INFO 99702 --- [academic-service] [ngodb.net:27017] org.mongodb.driver.cluster               : Monitor thread successfully connected to server with description ServerDescription{address=ac-3mufzp1-shard-00-02.4nosy2u.mongodb.net:27017, type=REPLICA_SET_SECONDARY, state=CONNECTED, ok=true, minWireVersion=0, maxWireVersion=25, maxDocumentSize=16777216, logicalSessionTimeoutMinutes=30, roundTripTimeNanos=180943250, setName='atlas-hy5sqn-shard-0', canonicalAddress=ac-3mufzp1-shard-00-02.4nosy2u.mongodb.net:27017, hosts=[ac-3mufzp1-shard-00-00.4nosy2u.mongodb.net:27017, ac-3mufzp1-shard-00-02.4nosy2u.mongodb.net:27017, ac-3mufzp1-shard-00-01.4nosy2u.mongodb.net:27017], passives=[], arbiters=[], primary='ac-3mufzp1-shard-00-01.4nosy2u.mongodb.net:27017', tagSet=TagSet{[Tag{name='availabilityZone', value='aps1-az2'}, Tag{name='diskState', value='READY'}, Tag{name='nodeType', value='ELECTABLE'}, Tag{name='provider', value='AWS'}, Tag{name='region', value='AP_SOUTH_1'}, Tag{name='workloadType', value='OPERATIONAL'}]}, electionId=null, setVersion=46, topologyVersion=TopologyVersion{processId=69b31436cf980eb974c6b7c1, counter=3}, lastWriteDate=Fri Mar 27 13:18:05 IST 2026, lastUpdateTimeNanos=164198011260250}
2026-03-27T13:18:07.336+05:30  INFO 99702 --- [academic-service] [ngodb.net:27017] org.mongodb.driver.cluster               : Exception in monitor thread while connecting to server ac-3mufzp1-shard-00-01.4nosy2u.mongodb.net:27017

com.mongodb.MongoSocketReadTimeoutException: Timeout while receiving message
	at com.mongodb.internal.connection.InternalStreamConnection.translateReadException(InternalStreamConnection.java:728) ~[mongodb-driver-core-4.11.2.jar:na]
	at com.mongodb.internal.connection.InternalStreamConnection.receiveMessageWithAdditionalTimeout(InternalStreamConnection.java:606) ~[mongodb-driver-core-4.11.2.jar:na]
	at com.mongodb.internal.connection.InternalStreamConnection.receiveCommandMessageResponse(InternalStreamConnection.java:451) ~[mongodb-driver-core-4.11.2.jar:na]
	at com.mongodb.internal.connection.InternalStreamConnection.receive(InternalStreamConnection.java:404) ~[mongodb-driver-core-4.11.2.jar:na]
	at com.mongodb.internal.connection.DefaultServerMonitor$ServerMonitorRunnable.lookupServerDescription(DefaultServerMonitor.java:221) ~[mongodb-driver-core-4.11.2.jar:na]
	at com.mongodb.internal.connection.DefaultServerMonitor$ServerMonitorRunnable.run(DefaultServerMonitor.java:153) ~[mongodb-driver-core-4.11.2.jar:na]
	at java.base/java.lang.Thread.run(Thread.java:1583) ~[na:na]
Caused by: java.net.SocketTimeoutException: Read timed out
	at java.base/sun.nio.ch.NioSocketImpl.timedRead(NioSocketImpl.java:278) ~[na:na]
	at java.base/sun.nio.ch.NioSocketImpl.implRead(NioSocketImpl.java:304) ~[na:na]
	at java.base/sun.nio.ch.NioSocketImpl.read(NioSocketImpl.java:346) ~[na:na]
	at java.base/sun.nio.ch.NioSocketImpl$1.read(NioSocketImpl.java:796) ~[na:na]
	at java.base/java.net.Socket$SocketInputStream.read(Socket.java:1099) ~[na:na]
	at java.base/sun.security.ssl.SSLSocketInputRecord.read(SSLSocketInputRecord.java:489) ~[na:na]
	at java.base/sun.security.ssl.SSLSocketInputRecord.readHeader(SSLSocketInputRecord.java:483) ~[na:na]
	at java.base/sun.security.ssl.SSLSocketInputRecord.bytesInCompletePacket(SSLSocketInputRecord.java:70) ~[na:na]
	at java.base/sun.security.ssl.SSLSocketImpl.readApplicationRecord(SSLSocketImpl.java:1461) ~[na:na]
	at java.base/sun.security.ssl.SSLSocketImpl$AppInputStream.read(SSLSocketImpl.java:1066) ~[na:na]
	at com.mongodb.internal.connection.SocketStream.read(SocketStream.java:175) ~[mongodb-driver-core-4.11.2.jar:na]
	at com.mongodb.internal.connection.SocketStream.read(SocketStream.java:200) ~[mongodb-driver-core-4.11.2.jar:na]
	at com.mongodb.internal.connection.InternalStreamConnection.receiveResponseBuffers(InternalStreamConnection.java:739) ~[mongodb-driver-core-4.11.2.jar:na]
	at com.mongodb.internal.connection.InternalStreamConnection.receiveMessageWithAdditionalTimeout(InternalStreamConnection.java:603) ~[mongodb-driver-core-4.11.2.jar:na]
	... 5 common frames omitted

2026-03-27T13:18:07.477+05:30  INFO 99702 --- [academic-service] [ngodb.net:27017] org.mongodb.driver.cluster               : Monitor thread successfully connected to server with description ServerDescription{address=ac-3mufzp1-shard-00-01.4nosy2u.mongodb.net:27017, type=REPLICA_SET_PRIMARY, state=CONNECTED, ok=true, minWireVersion=0, maxWireVersion=25, maxDocumentSize=16777216, logicalSessionTimeoutMinutes=30, roundTripTimeNanos=42390125, setName='atlas-hy5sqn-shard-0', canonicalAddress=ac-3mufzp1-shard-00-01.4nosy2u.mongodb.net:27017, hosts=[ac-3mufzp1-shard-00-00.4nosy2u.mongodb.net:27017, ac-3mufzp1-shard-00-02.4nosy2u.mongodb.net:27017, ac-3mufzp1-shard-00-01.4nosy2u.mongodb.net:27017], passives=[], arbiters=[], primary='ac-3mufzp1-shard-00-01.4nosy2u.mongodb.net:27017', tagSet=TagSet{[Tag{name='availabilityZone', value='aps1-az3'}, Tag{name='diskState', value='READY'}, Tag{name='nodeType', value='ELECTABLE'}, Tag{name='provider', value='AWS'}, Tag{name='region', value='AP_SOUTH_1'}, Tag{name='workloadType', value='OPERATIONAL'}]}, electionId=7fffffff00000000000000ca, setVersion=46, topologyVersion=TopologyVersion{processId=69b311797648454b51f7c7a8, counter=6}, lastWriteDate=Fri Mar 27 13:18:07 IST 2026, lastUpdateTimeNanos=164199593838000}
2026-03-27T13:18:07.478+05:30  INFO 99702 --- [academic-service] [ngodb.net:27017] org.mongodb.driver.cluster               : Discovered replica set primary ac-3mufzp1-shard-00-01.4nosy2u.mongodb.net:27017 with max election id 7fffffff00000000000000ca and max set version 46
2026-03-27T13:20:16.339+05:30  INFO 99702 --- [academic-service] [trap-executor-0] c.n.d.s.r.aws.ConfigClusterResolver      : Resolving eureka endpoints via configuration
2026-03-27T13:25:16.337+05:30  INFO 99702 --- [academic-service] [trap-executor-0] c.n.d.s.r.aws.ConfigClusterResolver      : Resolving eureka endpoints via configuration
2026-03-27T13:30:16.343+05:30  INFO 99702 --- [academic-service] [trap-executor-0] c.n.d.s.r.aws.ConfigClusterResolver      : Resolving eureka endpoints via configuration
2026-03-27T13:35:16.347+05:30  INFO 99702 --- [academic-service] [trap-executor-0] c.n.d.s.r.aws.ConfigClusterResolver      : Resolving eureka endpoints via configuration
2026-03-27T13:40:16.345+05:30  INFO 99702 --- [academic-service] [trap-executor-0] c.n.d.s.r.aws.ConfigClusterResolver      : Resolving eureka endpoints via configuration
2026-03-27T13:45:16.348+05:30  INFO 99702 --- [academic-service] [trap-executor-0] c.n.d.s.r.aws.ConfigClusterResolver      : Resolving eureka endpoints via configuration
2026-03-27T13:50:16.348+05:30  INFO 99702 --- [academic-service] [trap-executor-0] c.n.d.s.r.aws.ConfigClusterResolver      : Resolving eureka endpoints via configuration
2026-03-27T13:55:16.355+05:30  INFO 99702 --- [academic-service] [trap-executor-0] c.n.d.s.r.aws.ConfigClusterResolver      : Resolving eureka endpoints via configuration
2026-03-27T14:00:16.359+05:30  INFO 99702 --- [academic-service] [trap-executor-0] c.n.d.s.r.aws.ConfigClusterResolver      : Resolving eureka endpoints via configuration
2026-03-27T14:05:16.357+05:30  INFO 99702 --- [academic-service] [trap-executor-0] c.n.d.s.r.aws.ConfigClusterResolver      : Resolving eureka endpoints via configuration
2026-03-27T14:10:16.360+05:30  INFO 99702 --- [academic-service] [trap-executor-0] c.n.d.s.r.aws.ConfigClusterResolver      : Resolving eureka endpoints via configuration
2026-03-27T14:15:16.359+05:30  INFO 99702 --- [academic-service] [trap-executor-0] c.n.d.s.r.aws.ConfigClusterResolver      : Resolving eureka endpoints via configuration
2026-03-27T14:20:16.367+05:30  INFO 99702 --- [academic-service] [trap-executor-0] c.n.d.s.r.aws.ConfigClusterResolver      : Resolving eureka endpoints via configuration
2026-03-27T14:25:16.369+05:30  INFO 99702 --- [academic-service] [trap-executor-0] c.n.d.s.r.aws.ConfigClusterResolver      : Resolving eureka endpoints via configuration
2026-03-27T14:30:16.337+05:30  INFO 99702 --- [academic-service] [trap-executor-0] c.n.d.s.r.aws.ConfigClusterResolver      : Resolving eureka endpoints via configuration
2026-03-27T14:35:16.334+05:30  INFO 99702 --- [academic-service] [trap-executor-0] c.n.d.s.r.aws.ConfigClusterResolver      : Resolving eureka endpoints via configuration
2026-03-27T14:40:16.335+05:30  INFO 99702 --- [academic-service] [trap-executor-0] c.n.d.s.r.aws.ConfigClusterResolver      : Resolving eureka endpoints via configuration
2026-03-27T14:45:16.328+05:30  INFO 99702 --- [academic-service] [trap-executor-0] c.n.d.s.r.aws.ConfigClusterResolver      : Resolving eureka endpoints via configuration
2026-03-27T14:50:16.332+05:30  INFO 99702 --- [academic-service] [trap-executor-0] c.n.d.s.r.aws.ConfigClusterResolver      : Resolving eureka endpoints via configuration
2026-03-27T14:55:16.336+05:30  INFO 99702 --- [academic-service] [trap-executor-0] c.n.d.s.r.aws.ConfigClusterResolver      : Resolving eureka endpoints via configuration
2026-03-27T15:00:16.336+05:30  INFO 99702 --- [academic-service] [trap-executor-0] c.n.d.s.r.aws.ConfigClusterResolver      : Resolving eureka endpoints via configuration
2026-03-27T15:05:16.338+05:30  INFO 99702 --- [academic-service] [trap-executor-0] c.n.d.s.r.aws.ConfigClusterResolver      : Resolving eureka endpoints via configuration
2026-03-27T15:10:16.336+05:30  INFO 99702 --- [academic-service] [trap-executor-0] c.n.d.s.r.aws.ConfigClusterResolver      : Resolving eureka endpoints via configuration
2026-03-27T15:15:16.307+05:30  INFO 99702 --- [academic-service] [trap-executor-0] c.n.d.s.r.aws.ConfigClusterResolver      : Resolving eureka endpoints via configuration
2026-03-27T15:20:16.301+05:30  INFO 99702 --- [academic-service] [trap-executor-0] c.n.d.s.r.aws.ConfigClusterResolver      : Resolving eureka endpoints via configuration
2026-03-27T15:25:16.298+05:30  INFO 99702 --- [academic-service] [trap-executor-0] c.n.d.s.r.aws.ConfigClusterResolver      : Resolving eureka endpoints via configuration
2026-03-27T15:30:16.273+05:30  INFO 99702 --- [academic-service] [trap-executor-0] c.n.d.s.r.aws.ConfigClusterResolver      : Resolving eureka endpoints via configuration
2026-03-27T15:35:16.266+05:30  INFO 99702 --- [academic-service] [trap-executor-0] c.n.d.s.r.aws.ConfigClusterResolver      : Resolving eureka endpoints via configuration
2026-03-27T15:40:16.259+05:30  INFO 99702 --- [academic-service] [trap-executor-0] c.n.d.s.r.aws.ConfigClusterResolver      : Resolving eureka endpoints via configuration
2026-03-27T15:42:19.797+05:30  INFO 99702 --- [academic-service] [ngodb.net:27017] org.mongodb.driver.cluster               : Exception in monitor thread while connecting to server ac-3mufzp1-shard-00-00.4nosy2u.mongodb.net:27017

com.mongodb.MongoSocketReadTimeoutException: Timeout while receiving message
	at com.mongodb.internal.connection.InternalStreamConnection.translateReadException(InternalStreamConnection.java:728) ~[mongodb-driver-core-4.11.2.jar:na]
	at com.mongodb.internal.connection.InternalStreamConnection.receiveMessageWithAdditionalTimeout(InternalStreamConnection.java:606) ~[mongodb-driver-core-4.11.2.jar:na]
	at com.mongodb.internal.connection.InternalStreamConnection.receiveCommandMessageResponse(InternalStreamConnection.java:451) ~[mongodb-driver-core-4.11.2.jar:na]
	at com.mongodb.internal.connection.InternalStreamConnection.receive(InternalStreamConnection.java:404) ~[mongodb-driver-core-4.11.2.jar:na]
	at com.mongodb.internal.connection.DefaultServerMonitor$ServerMonitorRunnable.lookupServerDescription(DefaultServerMonitor.java:221) ~[mongodb-driver-core-4.11.2.jar:na]
	at com.mongodb.internal.connection.DefaultServerMonitor$ServerMonitorRunnable.run(DefaultServerMonitor.java:153) ~[mongodb-driver-core-4.11.2.jar:na]
	at java.base/java.lang.Thread.run(Thread.java:1583) ~[na:na]
Caused by: java.net.SocketTimeoutException: Read timed out
	at java.base/sun.nio.ch.NioSocketImpl.timedRead(NioSocketImpl.java:278) ~[na:na]
	at java.base/sun.nio.ch.NioSocketImpl.implRead(NioSocketImpl.java:304) ~[na:na]
	at java.base/sun.nio.ch.NioSocketImpl.read(NioSocketImpl.java:346) ~[na:na]
	at java.base/sun.nio.ch.NioSocketImpl$1.read(NioSocketImpl.java:796) ~[na:na]
	at java.base/java.net.Socket$SocketInputStream.read(Socket.java:1099) ~[na:na]
	at java.base/sun.security.ssl.SSLSocketInputRecord.read(SSLSocketInputRecord.java:489) ~[na:na]
	at java.base/sun.security.ssl.SSLSocketInputRecord.readHeader(SSLSocketInputRecord.java:483) ~[na:na]
	at java.base/sun.security.ssl.SSLSocketInputRecord.bytesInCompletePacket(SSLSocketInputRecord.java:70) ~[na:na]
	at java.base/sun.security.ssl.SSLSocketImpl.readApplicationRecord(SSLSocketImpl.java:1461) ~[na:na]
	at java.base/sun.security.ssl.SSLSocketImpl$AppInputStream.read(SSLSocketImpl.java:1066) ~[na:na]
	at com.mongodb.internal.connection.SocketStream.read(SocketStream.java:175) ~[mongodb-driver-core-4.11.2.jar:na]
	at com.mongodb.internal.connection.SocketStream.read(SocketStream.java:200) ~[mongodb-driver-core-4.11.2.jar:na]
	at com.mongodb.internal.connection.InternalStreamConnection.receiveResponseBuffers(InternalStreamConnection.java:739) ~[mongodb-driver-core-4.11.2.jar:na]
	at com.mongodb.internal.connection.InternalStreamConnection.receiveMessageWithAdditionalTimeout(InternalStreamConnection.java:603) ~[mongodb-driver-core-4.11.2.jar:na]
	... 5 common frames omitted

2026-03-27T15:42:20.062+05:30  INFO 99702 --- [academic-service] [ngodb.net:27017] org.mongodb.driver.cluster               : Monitor thread successfully connected to server with description ServerDescription{address=ac-3mufzp1-shard-00-00.4nosy2u.mongodb.net:27017, type=REPLICA_SET_SECONDARY, state=CONNECTED, ok=true, minWireVersion=0, maxWireVersion=25, maxDocumentSize=16777216, logicalSessionTimeoutMinutes=30, roundTripTimeNanos=136955416, setName='atlas-hy5sqn-shard-0', canonicalAddress=ac-3mufzp1-shard-00-00.4nosy2u.mongodb.net:27017, hosts=[ac-3mufzp1-shard-00-00.4nosy2u.mongodb.net:27017, ac-3mufzp1-shard-00-02.4nosy2u.mongodb.net:27017, ac-3mufzp1-shard-00-01.4nosy2u.mongodb.net:27017], passives=[], arbiters=[], primary='ac-3mufzp1-shard-00-01.4nosy2u.mongodb.net:27017', tagSet=TagSet{[Tag{name='availabilityZone', value='aps1-az1'}, Tag{name='diskState', value='READY'}, Tag{name='nodeType', value='ELECTABLE'}, Tag{name='provider', value='AWS'}, Tag{name='region', value='AP_SOUTH_1'}, Tag{name='workloadType', value='OPERATIONAL'}]}, electionId=null, setVersion=46, topologyVersion=TopologyVersion{processId=69b30edff67384ce6d9efce1, counter=4}, lastWriteDate=Fri Mar 27 15:42:20 IST 2026, lastUpdateTimeNanos=172852518112875}
2026-03-27T15:42:22.148+05:30  INFO 99702 --- [academic-service] [ngodb.net:27017] org.mongodb.driver.cluster               : Exception in monitor thread while connecting to server ac-3mufzp1-shard-00-01.4nosy2u.mongodb.net:27017

com.mongodb.MongoSocketReadTimeoutException: Timeout while receiving message
	at com.mongodb.internal.connection.InternalStreamConnection.translateReadException(InternalStreamConnection.java:728) ~[mongodb-driver-core-4.11.2.jar:na]
	at com.mongodb.internal.connection.InternalStreamConnection.receiveMessageWithAdditionalTimeout(InternalStreamConnection.java:606) ~[mongodb-driver-core-4.11.2.jar:na]
	at com.mongodb.internal.connection.InternalStreamConnection.receiveCommandMessageResponse(InternalStreamConnection.java:451) ~[mongodb-driver-core-4.11.2.jar:na]
	at com.mongodb.internal.connection.InternalStreamConnection.receive(InternalStreamConnection.java:404) ~[mongodb-driver-core-4.11.2.jar:na]
	at com.mongodb.internal.connection.DefaultServerMonitor$ServerMonitorRunnable.lookupServerDescription(DefaultServerMonitor.java:221) ~[mongodb-driver-core-4.11.2.jar:na]
	at com.mongodb.internal.connection.DefaultServerMonitor$ServerMonitorRunnable.run(DefaultServerMonitor.java:153) ~[mongodb-driver-core-4.11.2.jar:na]
	at java.base/java.lang.Thread.run(Thread.java:1583) ~[na:na]
Caused by: java.net.SocketTimeoutException: Read timed out
	at java.base/sun.nio.ch.NioSocketImpl.timedRead(NioSocketImpl.java:278) ~[na:na]
	at java.base/sun.nio.ch.NioSocketImpl.implRead(NioSocketImpl.java:304) ~[na:na]
	at java.base/sun.nio.ch.NioSocketImpl.read(NioSocketImpl.java:346) ~[na:na]
	at java.base/sun.nio.ch.NioSocketImpl$1.read(NioSocketImpl.java:796) ~[na:na]
	at java.base/java.net.Socket$SocketInputStream.read(Socket.java:1099) ~[na:na]
	at java.base/sun.security.ssl.SSLSocketInputRecord.read(SSLSocketInputRecord.java:489) ~[na:na]
	at java.base/sun.security.ssl.SSLSocketInputRecord.readHeader(SSLSocketInputRecord.java:483) ~[na:na]
	at java.base/sun.security.ssl.SSLSocketInputRecord.bytesInCompletePacket(SSLSocketInputRecord.java:70) ~[na:na]
	at java.base/sun.security.ssl.SSLSocketImpl.readApplicationRecord(SSLSocketImpl.java:1461) ~[na:na]
	at java.base/sun.security.ssl.SSLSocketImpl$AppInputStream.read(SSLSocketImpl.java:1066) ~[na:na]
	at com.mongodb.internal.connection.SocketStream.read(SocketStream.java:175) ~[mongodb-driver-core-4.11.2.jar:na]
	at com.mongodb.internal.connection.SocketStream.read(SocketStream.java:200) ~[mongodb-driver-core-4.11.2.jar:na]
	at com.mongodb.internal.connection.InternalStreamConnection.receiveResponseBuffers(InternalStreamConnection.java:739) ~[mongodb-driver-core-4.11.2.jar:na]
	at com.mongodb.internal.connection.InternalStreamConnection.receiveMessageWithAdditionalTimeout(InternalStreamConnection.java:603) ~[mongodb-driver-core-4.11.2.jar:na]
	... 5 common frames omitted

2026-03-27T15:42:22.320+05:30  INFO 99702 --- [academic-service] [ngodb.net:27017] org.mongodb.driver.cluster               : Monitor thread successfully connected to server with description ServerDescription{address=ac-3mufzp1-shard-00-01.4nosy2u.mongodb.net:27017, type=REPLICA_SET_PRIMARY, state=CONNECTED, ok=true, minWireVersion=0, maxWireVersion=25, maxDocumentSize=16777216, logicalSessionTimeoutMinutes=30, roundTripTimeNanos=81668291, setName='atlas-hy5sqn-shard-0', canonicalAddress=ac-3mufzp1-shard-00-01.4nosy2u.mongodb.net:27017, hosts=[ac-3mufzp1-shard-00-00.4nosy2u.mongodb.net:27017, ac-3mufzp1-shard-00-02.4nosy2u.mongodb.net:27017, ac-3mufzp1-shard-00-01.4nosy2u.mongodb.net:27017], passives=[], arbiters=[], primary='ac-3mufzp1-shard-00-01.4nosy2u.mongodb.net:27017', tagSet=TagSet{[Tag{name='availabilityZone', value='aps1-az3'}, Tag{name='diskState', value='READY'}, Tag{name='nodeType', value='ELECTABLE'}, Tag{name='provider', value='AWS'}, Tag{name='region', value='AP_SOUTH_1'}, Tag{name='workloadType', value='OPERATIONAL'}]}, electionId=7fffffff00000000000000ca, setVersion=46, topologyVersion=TopologyVersion{processId=69b311797648454b51f7c7a8, counter=6}, lastWriteDate=Fri Mar 27 15:42:22 IST 2026, lastUpdateTimeNanos=172854790001208}
2026-03-27T15:42:22.321+05:30  INFO 99702 --- [academic-service] [ngodb.net:27017] org.mongodb.driver.cluster               : Discovered replica set primary ac-3mufzp1-shard-00-01.4nosy2u.mongodb.net:27017 with max election id 7fffffff00000000000000ca and max set version 46
2026-03-27T15:42:23.055+05:30  INFO 99702 --- [academic-service] [ngodb.net:27017] org.mongodb.driver.cluster               : Exception in monitor thread while connecting to server ac-3mufzp1-shard-00-02.4nosy2u.mongodb.net:27017

com.mongodb.MongoSocketReadTimeoutException: Timeout while receiving message
	at com.mongodb.internal.connection.InternalStreamConnection.translateReadException(InternalStreamConnection.java:728) ~[mongodb-driver-core-4.11.2.jar:na]
	at com.mongodb.internal.connection.InternalStreamConnection.receiveMessageWithAdditionalTimeout(InternalStreamConnection.java:606) ~[mongodb-driver-core-4.11.2.jar:na]
	at com.mongodb.internal.connection.InternalStreamConnection.receiveCommandMessageResponse(InternalStreamConnection.java:451) ~[mongodb-driver-core-4.11.2.jar:na]
	at com.mongodb.internal.connection.InternalStreamConnection.receive(InternalStreamConnection.java:404) ~[mongodb-driver-core-4.11.2.jar:na]
	at com.mongodb.internal.connection.DefaultServerMonitor$ServerMonitorRunnable.lookupServerDescription(DefaultServerMonitor.java:221) ~[mongodb-driver-core-4.11.2.jar:na]
	at com.mongodb.internal.connection.DefaultServerMonitor$ServerMonitorRunnable.run(DefaultServerMonitor.java:153) ~[mongodb-driver-core-4.11.2.jar:na]
	at java.base/java.lang.Thread.run(Thread.java:1583) ~[na:na]
Caused by: java.net.SocketTimeoutException: Read timed out
	at java.base/sun.nio.ch.NioSocketImpl.timedRead(NioSocketImpl.java:278) ~[na:na]
	at java.base/sun.nio.ch.NioSocketImpl.implRead(NioSocketImpl.java:304) ~[na:na]
	at java.base/sun.nio.ch.NioSocketImpl.read(NioSocketImpl.java:346) ~[na:na]
	at java.base/sun.nio.ch.NioSocketImpl$1.read(NioSocketImpl.java:796) ~[na:na]
	at java.base/java.net.Socket$SocketInputStream.read(Socket.java:1099) ~[na:na]
	at java.base/sun.security.ssl.SSLSocketInputRecord.read(SSLSocketInputRecord.java:489) ~[na:na]
	at java.base/sun.security.ssl.SSLSocketInputRecord.readHeader(SSLSocketInputRecord.java:483) ~[na:na]
	at java.base/sun.security.ssl.SSLSocketInputRecord.bytesInCompletePacket(SSLSocketInputRecord.java:70) ~[na:na]
	at java.base/sun.security.ssl.SSLSocketImpl.readApplicationRecord(SSLSocketImpl.java:1461) ~[na:na]
	at java.base/sun.security.ssl.SSLSocketImpl$AppInputStream.read(SSLSocketImpl.java:1066) ~[na:na]
	at com.mongodb.internal.connection.SocketStream.read(SocketStream.java:175) ~[mongodb-driver-core-4.11.2.jar:na]
	at com.mongodb.internal.connection.SocketStream.read(SocketStream.java:200) ~[mongodb-driver-core-4.11.2.jar:na]
	at com.mongodb.internal.connection.InternalStreamConnection.receiveResponseBuffers(InternalStreamConnection.java:739) ~[mongodb-driver-core-4.11.2.jar:na]
	at com.mongodb.internal.connection.InternalStreamConnection.receiveMessageWithAdditionalTimeout(InternalStreamConnection.java:603) ~[mongodb-driver-core-4.11.2.jar:na]
	... 5 common frames omitted

2026-03-27T15:42:23.233+05:30  INFO 99702 --- [academic-service] [ngodb.net:27017] org.mongodb.driver.cluster               : Monitor thread successfully connected to server with description ServerDescription{address=ac-3mufzp1-shard-00-02.4nosy2u.mongodb.net:27017, type=REPLICA_SET_SECONDARY, state=CONNECTED, ok=true, minWireVersion=0, maxWireVersion=25, maxDocumentSize=16777216, logicalSessionTimeoutMinutes=30, roundTripTimeNanos=92864708, setName='atlas-hy5sqn-shard-0', canonicalAddress=ac-3mufzp1-shard-00-02.4nosy2u.mongodb.net:27017, hosts=[ac-3mufzp1-shard-00-00.4nosy2u.mongodb.net:27017, ac-3mufzp1-shard-00-02.4nosy2u.mongodb.net:27017, ac-3mufzp1-shard-00-01.4nosy2u.mongodb.net:27017], passives=[], arbiters=[], primary='ac-3mufzp1-shard-00-01.4nosy2u.mongodb.net:27017', tagSet=TagSet{[Tag{name='availabilityZone', value='aps1-az2'}, Tag{name='diskState', value='READY'}, Tag{name='nodeType', value='ELECTABLE'}, Tag{name='provider', value='AWS'}, Tag{name='region', value='AP_SOUTH_1'}, Tag{name='workloadType', value='OPERATIONAL'}]}, electionId=null, setVersion=46, topologyVersion=TopologyVersion{processId=69b31436cf980eb974c6b7c1, counter=3}, lastWriteDate=Fri Mar 27 15:42:23 IST 2026, lastUpdateTimeNanos=172855702472083}
2026-03-27T15:45:16.247+05:30  INFO 99702 --- [academic-service] [trap-executor-0] c.n.d.s.r.aws.ConfigClusterResolver      : Resolving eureka endpoints via configuration
2026-03-27T15:50:16.244+05:30  INFO 99702 --- [academic-service] [trap-executor-0] c.n.d.s.r.aws.ConfigClusterResolver      : Resolving eureka endpoints via configuration
2026-03-27T15:55:16.241+05:30  INFO 99702 --- [academic-service] [trap-executor-0] c.n.d.s.r.aws.ConfigClusterResolver      : Resolving eureka endpoints via configuration
2026-03-27T16:00:16.254+05:30  INFO 99702 --- [academic-service] [trap-executor-0] c.n.d.s.r.aws.ConfigClusterResolver      : Resolving eureka endpoints via configuration
2026-03-27T16:05:16.246+05:30  INFO 99702 --- [academic-service] [trap-executor-0] c.n.d.s.r.aws.ConfigClusterResolver      : Resolving eureka endpoints via configuration
2026-03-27T16:10:16.245+05:30  INFO 99702 --- [academic-service] [trap-executor-0] c.n.d.s.r.aws.ConfigClusterResolver      : Resolving eureka endpoints via configuration
2026-03-27T16:28:51.205+05:30  INFO 99702 --- [academic-service] [ngodb.net:27017] org.mongodb.driver.cluster               : Exception in monitor thread while connecting to server ac-3mufzp1-shard-00-00.4nosy2u.mongodb.net:27017

com.mongodb.MongoSocketReadTimeoutException: Timeout while receiving message
	at com.mongodb.internal.connection.InternalStreamConnection.translateReadException(InternalStreamConnection.java:728) ~[mongodb-driver-core-4.11.2.jar:na]
	at com.mongodb.internal.connection.InternalStreamConnection.receiveMessageWithAdditionalTimeout(InternalStreamConnection.java:606) ~[mongodb-driver-core-4.11.2.jar:na]
	at com.mongodb.internal.connection.InternalStreamConnection.receiveCommandMessageResponse(InternalStreamConnection.java:451) ~[mongodb-driver-core-4.11.2.jar:na]
	at com.mongodb.internal.connection.InternalStreamConnection.receive(InternalStreamConnection.java:404) ~[mongodb-driver-core-4.11.2.jar:na]
	at com.mongodb.internal.connection.DefaultServerMonitor$ServerMonitorRunnable.lookupServerDescription(DefaultServerMonitor.java:221) ~[mongodb-driver-core-4.11.2.jar:na]
	at com.mongodb.internal.connection.DefaultServerMonitor$ServerMonitorRunnable.run(DefaultServerMonitor.java:153) ~[mongodb-driver-core-4.11.2.jar:na]
	at java.base/java.lang.Thread.run(Thread.java:1583) ~[na:na]
Caused by: java.net.SocketTimeoutException: Read timed out
	at java.base/sun.nio.ch.NioSocketImpl.timedRead(NioSocketImpl.java:278) ~[na:na]
	at java.base/sun.nio.ch.NioSocketImpl.implRead(NioSocketImpl.java:304) ~[na:na]
	at java.base/sun.nio.ch.NioSocketImpl.read(NioSocketImpl.java:346) ~[na:na]
	at java.base/sun.nio.ch.NioSocketImpl$1.read(NioSocketImpl.java:796) ~[na:na]
	at java.base/java.net.Socket$SocketInputStream.read(Socket.java:1099) ~[na:na]
	at java.base/sun.security.ssl.SSLSocketInputRecord.read(SSLSocketInputRecord.java:489) ~[na:na]
	at java.base/sun.security.ssl.SSLSocketInputRecord.readHeader(SSLSocketInputRecord.java:483) ~[na:na]
	at java.base/sun.security.ssl.SSLSocketInputRecord.bytesInCompletePacket(SSLSocketInputRecord.java:70) ~[na:na]
	at java.base/sun.security.ssl.SSLSocketImpl.readApplicationRecord(SSLSocketImpl.java:1461) ~[na:na]
	at java.base/sun.security.ssl.SSLSocketImpl$AppInputStream.read(SSLSocketImpl.java:1066) ~[na:na]
	at com.mongodb.internal.connection.SocketStream.read(SocketStream.java:175) ~[mongodb-driver-core-4.11.2.jar:na]
	at com.mongodb.internal.connection.SocketStream.read(SocketStream.java:200) ~[mongodb-driver-core-4.11.2.jar:na]
	at com.mongodb.internal.connection.InternalStreamConnection.receiveResponseBuffers(InternalStreamConnection.java:739) ~[mongodb-driver-core-4.11.2.jar:na]
	at com.mongodb.internal.connection.InternalStreamConnection.receiveMessageWithAdditionalTimeout(InternalStreamConnection.java:603) ~[mongodb-driver-core-4.11.2.jar:na]
	... 5 common frames omitted

2026-03-27T16:28:51.904+05:30  INFO 99702 --- [academic-service] [ngodb.net:27017] org.mongodb.driver.cluster               : Monitor thread successfully connected to server with description ServerDescription{address=ac-3mufzp1-shard-00-00.4nosy2u.mongodb.net:27017, type=REPLICA_SET_SECONDARY, state=CONNECTED, ok=true, minWireVersion=0, maxWireVersion=25, maxDocumentSize=16777216, logicalSessionTimeoutMinutes=30, roundTripTimeNanos=499125708, setName='atlas-hy5sqn-shard-0', canonicalAddress=ac-3mufzp1-shard-00-00.4nosy2u.mongodb.net:27017, hosts=[ac-3mufzp1-shard-00-00.4nosy2u.mongodb.net:27017, ac-3mufzp1-shard-00-02.4nosy2u.mongodb.net:27017, ac-3mufzp1-shard-00-01.4nosy2u.mongodb.net:27017], passives=[], arbiters=[], primary='ac-3mufzp1-shard-00-01.4nosy2u.mongodb.net:27017', tagSet=TagSet{[Tag{name='availabilityZone', value='aps1-az1'}, Tag{name='diskState', value='READY'}, Tag{name='nodeType', value='ELECTABLE'}, Tag{name='provider', value='AWS'}, Tag{name='region', value='AP_SOUTH_1'}, Tag{name='workloadType', value='OPERATIONAL'}]}, electionId=null, setVersion=46, topologyVersion=TopologyVersion{processId=69b30edff67384ce6d9efce1, counter=4}, lastWriteDate=Fri Mar 27 16:28:51 IST 2026, lastUpdateTimeNanos=174744847722416}
2026-03-27T16:28:52.889+05:30  INFO 99702 --- [academic-service] [ngodb.net:27017] org.mongodb.driver.cluster               : Exception in monitor thread while connecting to server ac-3mufzp1-shard-00-01.4nosy2u.mongodb.net:27017

com.mongodb.MongoSocketReadTimeoutException: Timeout while receiving message
	at com.mongodb.internal.connection.InternalStreamConnection.translateReadException(InternalStreamConnection.java:728) ~[mongodb-driver-core-4.11.2.jar:na]
	at com.mongodb.internal.connection.InternalStreamConnection.receiveMessageWithAdditionalTimeout(InternalStreamConnection.java:606) ~[mongodb-driver-core-4.11.2.jar:na]
	at com.mongodb.internal.connection.InternalStreamConnection.receiveCommandMessageResponse(InternalStreamConnection.java:451) ~[mongodb-driver-core-4.11.2.jar:na]
	at com.mongodb.internal.connection.InternalStreamConnection.receive(InternalStreamConnection.java:404) ~[mongodb-driver-core-4.11.2.jar:na]
	at com.mongodb.internal.connection.DefaultServerMonitor$ServerMonitorRunnable.lookupServerDescription(DefaultServerMonitor.java:221) ~[mongodb-driver-core-4.11.2.jar:na]
	at com.mongodb.internal.connection.DefaultServerMonitor$ServerMonitorRunnable.run(DefaultServerMonitor.java:153) ~[mongodb-driver-core-4.11.2.jar:na]
	at java.base/java.lang.Thread.run(Thread.java:1583) ~[na:na]
Caused by: java.net.SocketTimeoutException: Read timed out
	at java.base/sun.nio.ch.NioSocketImpl.timedRead(NioSocketImpl.java:278) ~[na:na]
	at java.base/sun.nio.ch.NioSocketImpl.implRead(NioSocketImpl.java:304) ~[na:na]
	at java.base/sun.nio.ch.NioSocketImpl.read(NioSocketImpl.java:346) ~[na:na]
	at java.base/sun.nio.ch.NioSocketImpl$1.read(NioSocketImpl.java:796) ~[na:na]
	at java.base/java.net.Socket$SocketInputStream.read(Socket.java:1099) ~[na:na]
	at java.base/sun.security.ssl.SSLSocketInputRecord.read(SSLSocketInputRecord.java:489) ~[na:na]
	at java.base/sun.security.ssl.SSLSocketInputRecord.readHeader(SSLSocketInputRecord.java:483) ~[na:na]
	at java.base/sun.security.ssl.SSLSocketInputRecord.bytesInCompletePacket(SSLSocketInputRecord.java:70) ~[na:na]
	at java.base/sun.security.ssl.SSLSocketImpl.readApplicationRecord(SSLSocketImpl.java:1461) ~[na:na]
	at java.base/sun.security.ssl.SSLSocketImpl$AppInputStream.read(SSLSocketImpl.java:1066) ~[na:na]
	at com.mongodb.internal.connection.SocketStream.read(SocketStream.java:175) ~[mongodb-driver-core-4.11.2.jar:na]
	at com.mongodb.internal.connection.SocketStream.read(SocketStream.java:200) ~[mongodb-driver-core-4.11.2.jar:na]
	at com.mongodb.internal.connection.InternalStreamConnection.receiveResponseBuffers(InternalStreamConnection.java:739) ~[mongodb-driver-core-4.11.2.jar:na]
	at com.mongodb.internal.connection.InternalStreamConnection.receiveMessageWithAdditionalTimeout(InternalStreamConnection.java:603) ~[mongodb-driver-core-4.11.2.jar:na]
	... 5 common frames omitted

2026-03-27T16:28:53.299+05:30  INFO 99702 --- [academic-service] [ngodb.net:27017] org.mongodb.driver.cluster               : Monitor thread successfully connected to server with description ServerDescription{address=ac-3mufzp1-shard-00-01.4nosy2u.mongodb.net:27017, type=REPLICA_SET_PRIMARY, state=CONNECTED, ok=true, minWireVersion=0, maxWireVersion=25, maxDocumentSize=16777216, logicalSessionTimeoutMinutes=30, roundTripTimeNanos=184401458, setName='atlas-hy5sqn-shard-0', canonicalAddress=ac-3mufzp1-shard-00-01.4nosy2u.mongodb.net:27017, hosts=[ac-3mufzp1-shard-00-00.4nosy2u.mongodb.net:27017, ac-3mufzp1-shard-00-02.4nosy2u.mongodb.net:27017, ac-3mufzp1-shard-00-01.4nosy2u.mongodb.net:27017], passives=[], arbiters=[], primary='ac-3mufzp1-shard-00-01.4nosy2u.mongodb.net:27017', tagSet=TagSet{[Tag{name='availabilityZone', value='aps1-az3'}, Tag{name='diskState', value='READY'}, Tag{name='nodeType', value='ELECTABLE'}, Tag{name='provider', value='AWS'}, Tag{name='region', value='AP_SOUTH_1'}, Tag{name='workloadType', value='OPERATIONAL'}]}, electionId=7fffffff00000000000000ca, setVersion=46, topologyVersion=TopologyVersion{processId=69b311797648454b51f7c7a8, counter=6}, lastWriteDate=Fri Mar 27 16:28:53 IST 2026, lastUpdateTimeNanos=174746244249916}
2026-03-27T16:28:53.300+05:30  INFO 99702 --- [academic-service] [ngodb.net:27017] org.mongodb.driver.cluster               : Discovered replica set primary ac-3mufzp1-shard-00-01.4nosy2u.mongodb.net:27017 with max election id 7fffffff00000000000000ca and max set version 46
2026-03-27T16:28:54.220+05:30  INFO 99702 --- [academic-service] [tbeatExecutor-0] com.netflix.discovery.DiscoveryClient    : DiscoveryClient_ACADEMIC-SERVICE/192.168.0.207:academic-service:8089 - Re-registering apps/ACADEMIC-SERVICE
2026-03-27T16:28:54.220+05:30  INFO 99702 --- [academic-service] [tbeatExecutor-0] com.netflix.discovery.DiscoveryClient    : DiscoveryClient_ACADEMIC-SERVICE/192.168.0.207:academic-service:8089: registering service...
2026-03-27T16:28:54.235+05:30  INFO 99702 --- [academic-service] [tbeatExecutor-0] com.netflix.discovery.DiscoveryClient    : DiscoveryClient_ACADEMIC-SERVICE/192.168.0.207:academic-service:8089 - registration status: 204
2026-03-27T16:28:54.441+05:30  INFO 99702 --- [academic-service] [ngodb.net:27017] org.mongodb.driver.cluster               : Exception in monitor thread while connecting to server ac-3mufzp1-shard-00-02.4nosy2u.mongodb.net:27017

com.mongodb.MongoSocketReadTimeoutException: Timeout while receiving message
	at com.mongodb.internal.connection.InternalStreamConnection.translateReadException(InternalStreamConnection.java:728) ~[mongodb-driver-core-4.11.2.jar:na]
	at com.mongodb.internal.connection.InternalStreamConnection.receiveMessageWithAdditionalTimeout(InternalStreamConnection.java:606) ~[mongodb-driver-core-4.11.2.jar:na]
	at com.mongodb.internal.connection.InternalStreamConnection.receiveCommandMessageResponse(InternalStreamConnection.java:451) ~[mongodb-driver-core-4.11.2.jar:na]
	at com.mongodb.internal.connection.InternalStreamConnection.receive(InternalStreamConnection.java:404) ~[mongodb-driver-core-4.11.2.jar:na]
	at com.mongodb.internal.connection.DefaultServerMonitor$ServerMonitorRunnable.lookupServerDescription(DefaultServerMonitor.java:221) ~[mongodb-driver-core-4.11.2.jar:na]
	at com.mongodb.internal.connection.DefaultServerMonitor$ServerMonitorRunnable.run(DefaultServerMonitor.java:153) ~[mongodb-driver-core-4.11.2.jar:na]
	at java.base/java.lang.Thread.run(Thread.java:1583) ~[na:na]
Caused by: java.net.SocketTimeoutException: Read timed out
	at java.base/sun.nio.ch.NioSocketImpl.timedRead(NioSocketImpl.java:278) ~[na:na]
	at java.base/sun.nio.ch.NioSocketImpl.implRead(NioSocketImpl.java:304) ~[na:na]
	at java.base/sun.nio.ch.NioSocketImpl.read(NioSocketImpl.java:346) ~[na:na]
	at java.base/sun.nio.ch.NioSocketImpl$1.read(NioSocketImpl.java:796) ~[na:na]
	at java.base/java.net.Socket$SocketInputStream.read(Socket.java:1099) ~[na:na]
	at java.base/sun.security.ssl.SSLSocketInputRecord.read(SSLSocketInputRecord.java:489) ~[na:na]
	at java.base/sun.security.ssl.SSLSocketInputRecord.readHeader(SSLSocketInputRecord.java:483) ~[na:na]
	at java.base/sun.security.ssl.SSLSocketInputRecord.bytesInCompletePacket(SSLSocketInputRecord.java:70) ~[na:na]
	at java.base/sun.security.ssl.SSLSocketImpl.readApplicationRecord(SSLSocketImpl.java:1461) ~[na:na]
	at java.base/sun.security.ssl.SSLSocketImpl$AppInputStream.read(SSLSocketImpl.java:1066) ~[na:na]
	at com.mongodb.internal.connection.SocketStream.read(SocketStream.java:175) ~[mongodb-driver-core-4.11.2.jar:na]
	at com.mongodb.internal.connection.SocketStream.read(SocketStream.java:200) ~[mongodb-driver-core-4.11.2.jar:na]
	at com.mongodb.internal.connection.InternalStreamConnection.receiveResponseBuffers(InternalStreamConnection.java:739) ~[mongodb-driver-core-4.11.2.jar:na]
	at com.mongodb.internal.connection.InternalStreamConnection.receiveMessageWithAdditionalTimeout(InternalStreamConnection.java:603) ~[mongodb-driver-core-4.11.2.jar:na]
	... 5 common frames omitted

2026-03-27T16:28:54.830+05:30  INFO 99702 --- [academic-service] [ngodb.net:27017] org.mongodb.driver.cluster               : Monitor thread successfully connected to server with description ServerDescription{address=ac-3mufzp1-shard-00-02.4nosy2u.mongodb.net:27017, type=REPLICA_SET_SECONDARY, state=CONNECTED, ok=true, minWireVersion=0, maxWireVersion=25, maxDocumentSize=16777216, logicalSessionTimeoutMinutes=30, roundTripTimeNanos=206650958, setName='atlas-hy5sqn-shard-0', canonicalAddress=ac-3mufzp1-shard-00-02.4nosy2u.mongodb.net:27017, hosts=[ac-3mufzp1-shard-00-00.4nosy2u.mongodb.net:27017, ac-3mufzp1-shard-00-02.4nosy2u.mongodb.net:27017, ac-3mufzp1-shard-00-01.4nosy2u.mongodb.net:27017], passives=[], arbiters=[], primary='ac-3mufzp1-shard-00-01.4nosy2u.mongodb.net:27017', tagSet=TagSet{[Tag{name='availabilityZone', value='aps1-az2'}, Tag{name='diskState', value='READY'}, Tag{name='nodeType', value='ELECTABLE'}, Tag{name='provider', value='AWS'}, Tag{name='region', value='AP_SOUTH_1'}, Tag{name='workloadType', value='OPERATIONAL'}]}, electionId=null, setVersion=46, topologyVersion=TopologyVersion{processId=69b31436cf980eb974c6b7c1, counter=3}, lastWriteDate=Fri Mar 27 16:28:54 IST 2026, lastUpdateTimeNanos=174747775283250}
2026-03-27T16:32:09.076+05:30  INFO 99702 --- [academic-service] [ngodb.net:27017] org.mongodb.driver.cluster               : Exception in monitor thread while connecting to server ac-3mufzp1-shard-00-00.4nosy2u.mongodb.net:27017

com.mongodb.MongoSocketReadTimeoutException: Timeout while receiving message
	at com.mongodb.internal.connection.InternalStreamConnection.translateReadException(InternalStreamConnection.java:728) ~[mongodb-driver-core-4.11.2.jar:na]
	at com.mongodb.internal.connection.InternalStreamConnection.receiveMessageWithAdditionalTimeout(InternalStreamConnection.java:606) ~[mongodb-driver-core-4.11.2.jar:na]
	at com.mongodb.internal.connection.InternalStreamConnection.receiveCommandMessageResponse(InternalStreamConnection.java:451) ~[mongodb-driver-core-4.11.2.jar:na]
	at com.mongodb.internal.connection.InternalStreamConnection.receive(InternalStreamConnection.java:404) ~[mongodb-driver-core-4.11.2.jar:na]
	at com.mongodb.internal.connection.DefaultServerMonitor$ServerMonitorRunnable.lookupServerDescription(DefaultServerMonitor.java:221) ~[mongodb-driver-core-4.11.2.jar:na]
	at com.mongodb.internal.connection.DefaultServerMonitor$ServerMonitorRunnable.run(DefaultServerMonitor.java:153) ~[mongodb-driver-core-4.11.2.jar:na]
	at java.base/java.lang.Thread.run(Thread.java:1583) ~[na:na]
Caused by: java.net.SocketTimeoutException: Read timed out
	at java.base/sun.nio.ch.NioSocketImpl.timedRead(NioSocketImpl.java:278) ~[na:na]
	at java.base/sun.nio.ch.NioSocketImpl.implRead(NioSocketImpl.java:304) ~[na:na]
	at java.base/sun.nio.ch.NioSocketImpl.read(NioSocketImpl.java:346) ~[na:na]
	at java.base/sun.nio.ch.NioSocketImpl$1.read(NioSocketImpl.java:796) ~[na:na]
	at java.base/java.net.Socket$SocketInputStream.read(Socket.java:1099) ~[na:na]
	at java.base/sun.security.ssl.SSLSocketInputRecord.read(SSLSocketInputRecord.java:489) ~[na:na]
	at java.base/sun.security.ssl.SSLSocketInputRecord.readHeader(SSLSocketInputRecord.java:483) ~[na:na]
	at java.base/sun.security.ssl.SSLSocketInputRecord.bytesInCompletePacket(SSLSocketInputRecord.java:70) ~[na:na]
	at java.base/sun.security.ssl.SSLSocketImpl.readApplicationRecord(SSLSocketImpl.java:1461) ~[na:na]
	at java.base/sun.security.ssl.SSLSocketImpl$AppInputStream.read(SSLSocketImpl.java:1066) ~[na:na]
	at com.mongodb.internal.connection.SocketStream.read(SocketStream.java:175) ~[mongodb-driver-core-4.11.2.jar:na]
	at com.mongodb.internal.connection.SocketStream.read(SocketStream.java:200) ~[mongodb-driver-core-4.11.2.jar:na]
	at com.mongodb.internal.connection.InternalStreamConnection.receiveResponseBuffers(InternalStreamConnection.java:739) ~[mongodb-driver-core-4.11.2.jar:na]
	at com.mongodb.internal.connection.InternalStreamConnection.receiveMessageWithAdditionalTimeout(InternalStreamConnection.java:603) ~[mongodb-driver-core-4.11.2.jar:na]
	... 5 common frames omitted

2026-03-27T16:32:09.472+05:30  INFO 99702 --- [academic-service] [ngodb.net:27017] org.mongodb.driver.cluster               : Monitor thread successfully connected to server with description ServerDescription{address=ac-3mufzp1-shard-00-00.4nosy2u.mongodb.net:27017, type=REPLICA_SET_SECONDARY, state=CONNECTED, ok=true, minWireVersion=0, maxWireVersion=25, maxDocumentSize=16777216, logicalSessionTimeoutMinutes=30, roundTripTimeNanos=184333375, setName='atlas-hy5sqn-shard-0', canonicalAddress=ac-3mufzp1-shard-00-00.4nosy2u.mongodb.net:27017, hosts=[ac-3mufzp1-shard-00-00.4nosy2u.mongodb.net:27017, ac-3mufzp1-shard-00-02.4nosy2u.mongodb.net:27017, ac-3mufzp1-shard-00-01.4nosy2u.mongodb.net:27017], passives=[], arbiters=[], primary='ac-3mufzp1-shard-00-01.4nosy2u.mongodb.net:27017', tagSet=TagSet{[Tag{name='availabilityZone', value='aps1-az1'}, Tag{name='diskState', value='READY'}, Tag{name='nodeType', value='ELECTABLE'}, Tag{name='provider', value='AWS'}, Tag{name='region', value='AP_SOUTH_1'}, Tag{name='workloadType', value='OPERATIONAL'}]}, electionId=null, setVersion=46, topologyVersion=TopologyVersion{processId=69b30edff67384ce6d9efce1, counter=4}, lastWriteDate=Fri Mar 27 16:32:09 IST 2026, lastUpdateTimeNanos=174795282405416}
2026-03-27T16:32:10.599+05:30  INFO 99702 --- [academic-service] [ngodb.net:27017] org.mongodb.driver.cluster               : Exception in monitor thread while connecting to server ac-3mufzp1-shard-00-01.4nosy2u.mongodb.net:27017

com.mongodb.MongoSocketReadTimeoutException: Timeout while receiving message
	at com.mongodb.internal.connection.InternalStreamConnection.translateReadException(InternalStreamConnection.java:728) ~[mongodb-driver-core-4.11.2.jar:na]
	at com.mongodb.internal.connection.InternalStreamConnection.receiveMessageWithAdditionalTimeout(InternalStreamConnection.java:606) ~[mongodb-driver-core-4.11.2.jar:na]
	at com.mongodb.internal.connection.InternalStreamConnection.receiveCommandMessageResponse(InternalStreamConnection.java:451) ~[mongodb-driver-core-4.11.2.jar:na]
	at com.mongodb.internal.connection.InternalStreamConnection.receive(InternalStreamConnection.java:404) ~[mongodb-driver-core-4.11.2.jar:na]
	at com.mongodb.internal.connection.DefaultServerMonitor$ServerMonitorRunnable.lookupServerDescription(DefaultServerMonitor.java:221) ~[mongodb-driver-core-4.11.2.jar:na]
	at com.mongodb.internal.connection.DefaultServerMonitor$ServerMonitorRunnable.run(DefaultServerMonitor.java:153) ~[mongodb-driver-core-4.11.2.jar:na]
	at java.base/java.lang.Thread.run(Thread.java:1583) ~[na:na]
Caused by: java.net.SocketTimeoutException: Read timed out
	at java.base/sun.nio.ch.NioSocketImpl.timedRead(NioSocketImpl.java:278) ~[na:na]
	at java.base/sun.nio.ch.NioSocketImpl.implRead(NioSocketImpl.java:304) ~[na:na]
	at java.base/sun.nio.ch.NioSocketImpl.read(NioSocketImpl.java:346) ~[na:na]
	at java.base/sun.nio.ch.NioSocketImpl$1.read(NioSocketImpl.java:796) ~[na:na]
	at java.base/java.net.Socket$SocketInputStream.read(Socket.java:1099) ~[na:na]
	at java.base/sun.security.ssl.SSLSocketInputRecord.read(SSLSocketInputRecord.java:489) ~[na:na]
	at java.base/sun.security.ssl.SSLSocketInputRecord.readHeader(SSLSocketInputRecord.java:483) ~[na:na]
	at java.base/sun.security.ssl.SSLSocketInputRecord.bytesInCompletePacket(SSLSocketInputRecord.java:70) ~[na:na]
	at java.base/sun.security.ssl.SSLSocketImpl.readApplicationRecord(SSLSocketImpl.java:1461) ~[na:na]
	at java.base/sun.security.ssl.SSLSocketImpl$AppInputStream.read(SSLSocketImpl.java:1066) ~[na:na]
	at com.mongodb.internal.connection.SocketStream.read(SocketStream.java:175) ~[mongodb-driver-core-4.11.2.jar:na]
	at com.mongodb.internal.connection.SocketStream.read(SocketStream.java:200) ~[mongodb-driver-core-4.11.2.jar:na]
	at com.mongodb.internal.connection.InternalStreamConnection.receiveResponseBuffers(InternalStreamConnection.java:739) ~[mongodb-driver-core-4.11.2.jar:na]
	at com.mongodb.internal.connection.InternalStreamConnection.receiveMessageWithAdditionalTimeout(InternalStreamConnection.java:603) ~[mongodb-driver-core-4.11.2.jar:na]
	... 5 common frames omitted

2026-03-27T16:32:10.716+05:30  INFO 99702 --- [academic-service] [ngodb.net:27017] org.mongodb.driver.cluster               : Monitor thread successfully connected to server with description ServerDescription{address=ac-3mufzp1-shard-00-01.4nosy2u.mongodb.net:27017, type=REPLICA_SET_PRIMARY, state=CONNECTED, ok=true, minWireVersion=0, maxWireVersion=25, maxDocumentSize=16777216, logicalSessionTimeoutMinutes=30, roundTripTimeNanos=45980125, setName='atlas-hy5sqn-shard-0', canonicalAddress=ac-3mufzp1-shard-00-01.4nosy2u.mongodb.net:27017, hosts=[ac-3mufzp1-shard-00-00.4nosy2u.mongodb.net:27017, ac-3mufzp1-shard-00-02.4nosy2u.mongodb.net:27017, ac-3mufzp1-shard-00-01.4nosy2u.mongodb.net:27017], passives=[], arbiters=[], primary='ac-3mufzp1-shard-00-01.4nosy2u.mongodb.net:27017', tagSet=TagSet{[Tag{name='availabilityZone', value='aps1-az3'}, Tag{name='diskState', value='READY'}, Tag{name='nodeType', value='ELECTABLE'}, Tag{name='provider', value='AWS'}, Tag{name='region', value='AP_SOUTH_1'}, Tag{name='workloadType', value='OPERATIONAL'}]}, electionId=7fffffff00000000000000ca, setVersion=46, topologyVersion=TopologyVersion{processId=69b311797648454b51f7c7a8, counter=6}, lastWriteDate=Fri Mar 27 16:32:10 IST 2026, lastUpdateTimeNanos=174796527412333}
2026-03-27T16:32:10.716+05:30  INFO 99702 --- [academic-service] [ngodb.net:27017] org.mongodb.driver.cluster               : Discovered replica set primary ac-3mufzp1-shard-00-01.4nosy2u.mongodb.net:27017 with max election id 7fffffff00000000000000ca and max set version 46
2026-03-27T16:32:12.003+05:30  INFO 99702 --- [academic-service] [ngodb.net:27017] org.mongodb.driver.cluster               : Exception in monitor thread while connecting to server ac-3mufzp1-shard-00-02.4nosy2u.mongodb.net:27017

com.mongodb.MongoSocketReadTimeoutException: Timeout while receiving message
	at com.mongodb.internal.connection.InternalStreamConnection.translateReadException(InternalStreamConnection.java:728) ~[mongodb-driver-core-4.11.2.jar:na]
	at com.mongodb.internal.connection.InternalStreamConnection.receiveMessageWithAdditionalTimeout(InternalStreamConnection.java:606) ~[mongodb-driver-core-4.11.2.jar:na]
	at com.mongodb.internal.connection.InternalStreamConnection.receiveCommandMessageResponse(InternalStreamConnection.java:451) ~[mongodb-driver-core-4.11.2.jar:na]
	at com.mongodb.internal.connection.InternalStreamConnection.receive(InternalStreamConnection.java:404) ~[mongodb-driver-core-4.11.2.jar:na]
	at com.mongodb.internal.connection.DefaultServerMonitor$ServerMonitorRunnable.lookupServerDescription(DefaultServerMonitor.java:221) ~[mongodb-driver-core-4.11.2.jar:na]
	at com.mongodb.internal.connection.DefaultServerMonitor$ServerMonitorRunnable.run(DefaultServerMonitor.java:153) ~[mongodb-driver-core-4.11.2.jar:na]
	at java.base/java.lang.Thread.run(Thread.java:1583) ~[na:na]
Caused by: java.net.SocketTimeoutException: Read timed out
	at java.base/sun.nio.ch.NioSocketImpl.timedRead(NioSocketImpl.java:278) ~[na:na]
	at java.base/sun.nio.ch.NioSocketImpl.implRead(NioSocketImpl.java:304) ~[na:na]
	at java.base/sun.nio.ch.NioSocketImpl.read(NioSocketImpl.java:346) ~[na:na]
	at java.base/sun.nio.ch.NioSocketImpl$1.read(NioSocketImpl.java:796) ~[na:na]
	at java.base/java.net.Socket$SocketInputStream.read(Socket.java:1099) ~[na:na]
	at java.base/sun.security.ssl.SSLSocketInputRecord.read(SSLSocketInputRecord.java:489) ~[na:na]
	at java.base/sun.security.ssl.SSLSocketInputRecord.readHeader(SSLSocketInputRecord.java:483) ~[na:na]
	at java.base/sun.security.ssl.SSLSocketInputRecord.bytesInCompletePacket(SSLSocketInputRecord.java:70) ~[na:na]
	at java.base/sun.security.ssl.SSLSocketImpl.readApplicationRecord(SSLSocketImpl.java:1461) ~[na:na]
	at java.base/sun.security.ssl.SSLSocketImpl$AppInputStream.read(SSLSocketImpl.java:1066) ~[na:na]
	at com.mongodb.internal.connection.SocketStream.read(SocketStream.java:175) ~[mongodb-driver-core-4.11.2.jar:na]
	at com.mongodb.internal.connection.SocketStream.read(SocketStream.java:200) ~[mongodb-driver-core-4.11.2.jar:na]
	at com.mongodb.internal.connection.InternalStreamConnection.receiveResponseBuffers(InternalStreamConnection.java:739) ~[mongodb-driver-core-4.11.2.jar:na]
	at com.mongodb.internal.connection.InternalStreamConnection.receiveMessageWithAdditionalTimeout(InternalStreamConnection.java:603) ~[mongodb-driver-core-4.11.2.jar:na]
	... 5 common frames omitted

2026-03-27T16:32:12.106+05:30  INFO 99702 --- [academic-service] [ngodb.net:27017] org.mongodb.driver.cluster               : Monitor thread successfully connected to server with description ServerDescription{address=ac-3mufzp1-shard-00-02.4nosy2u.mongodb.net:27017, type=REPLICA_SET_SECONDARY, state=CONNECTED, ok=true, minWireVersion=0, maxWireVersion=25, maxDocumentSize=16777216, logicalSessionTimeoutMinutes=30, roundTripTimeNanos=40273125, setName='atlas-hy5sqn-shard-0', canonicalAddress=ac-3mufzp1-shard-00-02.4nosy2u.mongodb.net:27017, hosts=[ac-3mufzp1-shard-00-00.4nosy2u.mongodb.net:27017, ac-3mufzp1-shard-00-02.4nosy2u.mongodb.net:27017, ac-3mufzp1-shard-00-01.4nosy2u.mongodb.net:27017], passives=[], arbiters=[], primary='ac-3mufzp1-shard-00-01.4nosy2u.mongodb.net:27017', tagSet=TagSet{[Tag{name='availabilityZone', value='aps1-az2'}, Tag{name='diskState', value='READY'}, Tag{name='nodeType', value='ELECTABLE'}, Tag{name='provider', value='AWS'}, Tag{name='region', value='AP_SOUTH_1'}, Tag{name='workloadType', value='OPERATIONAL'}]}, electionId=null, setVersion=46, topologyVersion=TopologyVersion{processId=69b31436cf980eb974c6b7c1, counter=3}, lastWriteDate=Fri Mar 27 16:32:12 IST 2026, lastUpdateTimeNanos=174797917108250}
2026-03-27T16:42:26.950+05:30  INFO 99702 --- [academic-service] [trap-executor-0] c.n.d.s.r.aws.ConfigClusterResolver      : Resolving eureka endpoints via configuration
2026-03-27T16:42:33.454+05:30  INFO 99702 --- [academic-service] [ngodb.net:27017] org.mongodb.driver.cluster               : Exception in monitor thread while connecting to server ac-3mufzp1-shard-00-00.4nosy2u.mongodb.net:27017

com.mongodb.MongoSocketReadTimeoutException: Timeout while receiving message
	at com.mongodb.internal.connection.InternalStreamConnection.translateReadException(InternalStreamConnection.java:728) ~[mongodb-driver-core-4.11.2.jar:na]
	at com.mongodb.internal.connection.InternalStreamConnection.receiveMessageWithAdditionalTimeout(InternalStreamConnection.java:606) ~[mongodb-driver-core-4.11.2.jar:na]
	at com.mongodb.internal.connection.InternalStreamConnection.receiveCommandMessageResponse(InternalStreamConnection.java:451) ~[mongodb-driver-core-4.11.2.jar:na]
	at com.mongodb.internal.connection.InternalStreamConnection.receive(InternalStreamConnection.java:404) ~[mongodb-driver-core-4.11.2.jar:na]
	at com.mongodb.internal.connection.DefaultServerMonitor$ServerMonitorRunnable.lookupServerDescription(DefaultServerMonitor.java:221) ~[mongodb-driver-core-4.11.2.jar:na]
	at com.mongodb.internal.connection.DefaultServerMonitor$ServerMonitorRunnable.run(DefaultServerMonitor.java:153) ~[mongodb-driver-core-4.11.2.jar:na]
	at java.base/java.lang.Thread.run(Thread.java:1583) ~[na:na]
Caused by: java.net.SocketTimeoutException: Read timed out
	at java.base/sun.nio.ch.NioSocketImpl.timedRead(NioSocketImpl.java:278) ~[na:na]
	at java.base/sun.nio.ch.NioSocketImpl.implRead(NioSocketImpl.java:304) ~[na:na]
	at java.base/sun.nio.ch.NioSocketImpl.read(NioSocketImpl.java:346) ~[na:na]
	at java.base/sun.nio.ch.NioSocketImpl$1.read(NioSocketImpl.java:796) ~[na:na]
	at java.base/java.net.Socket$SocketInputStream.read(Socket.java:1099) ~[na:na]
	at java.base/sun.security.ssl.SSLSocketInputRecord.read(SSLSocketInputRecord.java:489) ~[na:na]
	at java.base/sun.security.ssl.SSLSocketInputRecord.readHeader(SSLSocketInputRecord.java:483) ~[na:na]
	at java.base/sun.security.ssl.SSLSocketInputRecord.bytesInCompletePacket(SSLSocketInputRecord.java:70) ~[na:na]
	at java.base/sun.security.ssl.SSLSocketImpl.readApplicationRecord(SSLSocketImpl.java:1461) ~[na:na]
	at java.base/sun.security.ssl.SSLSocketImpl$AppInputStream.read(SSLSocketImpl.java:1066) ~[na:na]
	at com.mongodb.internal.connection.SocketStream.read(SocketStream.java:175) ~[mongodb-driver-core-4.11.2.jar:na]
	at com.mongodb.internal.connection.SocketStream.read(SocketStream.java:200) ~[mongodb-driver-core-4.11.2.jar:na]
	at com.mongodb.internal.connection.InternalStreamConnection.receiveResponseBuffers(InternalStreamConnection.java:739) ~[mongodb-driver-core-4.11.2.jar:na]
	at com.mongodb.internal.connection.InternalStreamConnection.receiveMessageWithAdditionalTimeout(InternalStreamConnection.java:603) ~[mongodb-driver-core-4.11.2.jar:na]
	... 5 common frames omitted

2026-03-27T16:42:33.576+05:30  INFO 99702 --- [academic-service] [ngodb.net:27017] org.mongodb.driver.cluster               : Monitor thread successfully connected to server with description ServerDescription{address=ac-3mufzp1-shard-00-00.4nosy2u.mongodb.net:27017, type=REPLICA_SET_SECONDARY, state=CONNECTED, ok=true, minWireVersion=0, maxWireVersion=25, maxDocumentSize=16777216, logicalSessionTimeoutMinutes=30, roundTripTimeNanos=48453833, setName='atlas-hy5sqn-shard-0', canonicalAddress=ac-3mufzp1-shard-00-00.4nosy2u.mongodb.net:27017, hosts=[ac-3mufzp1-shard-00-00.4nosy2u.mongodb.net:27017, ac-3mufzp1-shard-00-02.4nosy2u.mongodb.net:27017, ac-3mufzp1-shard-00-01.4nosy2u.mongodb.net:27017], passives=[], arbiters=[], primary='ac-3mufzp1-shard-00-01.4nosy2u.mongodb.net:27017', tagSet=TagSet{[Tag{name='availabilityZone', value='aps1-az1'}, Tag{name='diskState', value='READY'}, Tag{name='nodeType', value='ELECTABLE'}, Tag{name='provider', value='AWS'}, Tag{name='region', value='AP_SOUTH_1'}, Tag{name='workloadType', value='OPERATIONAL'}]}, electionId=null, setVersion=46, topologyVersion=TopologyVersion{processId=69b30edff67384ce6d9efce1, counter=4}, lastWriteDate=Fri Mar 27 16:42:33 IST 2026, lastUpdateTimeNanos=174835426467541}
2026-03-27T16:42:34.709+05:30  INFO 99702 --- [academic-service] [ngodb.net:27017] org.mongodb.driver.cluster               : Exception in monitor thread while connecting to server ac-3mufzp1-shard-00-01.4nosy2u.mongodb.net:27017

com.mongodb.MongoSocketReadTimeoutException: Timeout while receiving message
	at com.mongodb.internal.connection.InternalStreamConnection.translateReadException(InternalStreamConnection.java:728) ~[mongodb-driver-core-4.11.2.jar:na]
	at com.mongodb.internal.connection.InternalStreamConnection.receiveMessageWithAdditionalTimeout(InternalStreamConnection.java:606) ~[mongodb-driver-core-4.11.2.jar:na]
	at com.mongodb.internal.connection.InternalStreamConnection.receiveCommandMessageResponse(InternalStreamConnection.java:451) ~[mongodb-driver-core-4.11.2.jar:na]
	at com.mongodb.internal.connection.InternalStreamConnection.receive(InternalStreamConnection.java:404) ~[mongodb-driver-core-4.11.2.jar:na]
	at com.mongodb.internal.connection.DefaultServerMonitor$ServerMonitorRunnable.lookupServerDescription(DefaultServerMonitor.java:221) ~[mongodb-driver-core-4.11.2.jar:na]
	at com.mongodb.internal.connection.DefaultServerMonitor$ServerMonitorRunnable.run(DefaultServerMonitor.java:153) ~[mongodb-driver-core-4.11.2.jar:na]
	at java.base/java.lang.Thread.run(Thread.java:1583) ~[na:na]
Caused by: java.net.SocketTimeoutException: Read timed out
	at java.base/sun.nio.ch.NioSocketImpl.timedRead(NioSocketImpl.java:278) ~[na:na]
	at java.base/sun.nio.ch.NioSocketImpl.implRead(NioSocketImpl.java:304) ~[na:na]
	at java.base/sun.nio.ch.NioSocketImpl.read(NioSocketImpl.java:346) ~[na:na]
	at java.base/sun.nio.ch.NioSocketImpl$1.read(NioSocketImpl.java:796) ~[na:na]
	at java.base/java.net.Socket$SocketInputStream.read(Socket.java:1099) ~[na:na]
	at java.base/sun.security.ssl.SSLSocketInputRecord.read(SSLSocketInputRecord.java:489) ~[na:na]
	at java.base/sun.security.ssl.SSLSocketInputRecord.readHeader(SSLSocketInputRecord.java:483) ~[na:na]
	at java.base/sun.security.ssl.SSLSocketInputRecord.bytesInCompletePacket(SSLSocketInputRecord.java:70) ~[na:na]
	at java.base/sun.security.ssl.SSLSocketImpl.readApplicationRecord(SSLSocketImpl.java:1461) ~[na:na]
	at java.base/sun.security.ssl.SSLSocketImpl$AppInputStream.read(SSLSocketImpl.java:1066) ~[na:na]
	at com.mongodb.internal.connection.SocketStream.read(SocketStream.java:175) ~[mongodb-driver-core-4.11.2.jar:na]
	at com.mongodb.internal.connection.SocketStream.read(SocketStream.java:200) ~[mongodb-driver-core-4.11.2.jar:na]
	at com.mongodb.internal.connection.InternalStreamConnection.receiveResponseBuffers(InternalStreamConnection.java:739) ~[mongodb-driver-core-4.11.2.jar:na]
	at com.mongodb.internal.connection.InternalStreamConnection.receiveMessageWithAdditionalTimeout(InternalStreamConnection.java:603) ~[mongodb-driver-core-4.11.2.jar:na]
	... 5 common frames omitted

2026-03-27T16:42:35.148+05:30  INFO 99702 --- [academic-service] [ngodb.net:27017] org.mongodb.driver.cluster               : Monitor thread successfully connected to server with description ServerDescription{address=ac-3mufzp1-shard-00-01.4nosy2u.mongodb.net:27017, type=REPLICA_SET_PRIMARY, state=CONNECTED, ok=true, minWireVersion=0, maxWireVersion=25, maxDocumentSize=16777216, logicalSessionTimeoutMinutes=30, roundTripTimeNanos=170738750, setName='atlas-hy5sqn-shard-0', canonicalAddress=ac-3mufzp1-shard-00-01.4nosy2u.mongodb.net:27017, hosts=[ac-3mufzp1-shard-00-00.4nosy2u.mongodb.net:27017, ac-3mufzp1-shard-00-02.4nosy2u.mongodb.net:27017, ac-3mufzp1-shard-00-01.4nosy2u.mongodb.net:27017], passives=[], arbiters=[], primary='ac-3mufzp1-shard-00-01.4nosy2u.mongodb.net:27017', tagSet=TagSet{[Tag{name='availabilityZone', value='aps1-az3'}, Tag{name='diskState', value='READY'}, Tag{name='nodeType', value='ELECTABLE'}, Tag{name='provider', value='AWS'}, Tag{name='region', value='AP_SOUTH_1'}, Tag{name='workloadType', value='OPERATIONAL'}]}, electionId=7fffffff00000000000000ca, setVersion=46, topologyVersion=TopologyVersion{processId=69b311797648454b51f7c7a8, counter=6}, lastWriteDate=Fri Mar 27 16:42:35 IST 2026, lastUpdateTimeNanos=174837000032583}
2026-03-27T16:42:35.149+05:30  INFO 99702 --- [academic-service] [ngodb.net:27017] org.mongodb.driver.cluster               : Discovered replica set primary ac-3mufzp1-shard-00-01.4nosy2u.mongodb.net:27017 with max election id 7fffffff00000000000000ca and max set version 46
2026-03-27T16:42:36.098+05:30  INFO 99702 --- [academic-service] [ngodb.net:27017] org.mongodb.driver.cluster               : Exception in monitor thread while connecting to server ac-3mufzp1-shard-00-02.4nosy2u.mongodb.net:27017

com.mongodb.MongoSocketReadTimeoutException: Timeout while receiving message
	at com.mongodb.internal.connection.InternalStreamConnection.translateReadException(InternalStreamConnection.java:728) ~[mongodb-driver-core-4.11.2.jar:na]
	at com.mongodb.internal.connection.InternalStreamConnection.receiveMessageWithAdditionalTimeout(InternalStreamConnection.java:606) ~[mongodb-driver-core-4.11.2.jar:na]
	at com.mongodb.internal.connection.InternalStreamConnection.receiveCommandMessageResponse(InternalStreamConnection.java:451) ~[mongodb-driver-core-4.11.2.jar:na]
	at com.mongodb.internal.connection.InternalStreamConnection.receive(InternalStreamConnection.java:404) ~[mongodb-driver-core-4.11.2.jar:na]
	at com.mongodb.internal.connection.DefaultServerMonitor$ServerMonitorRunnable.lookupServerDescription(DefaultServerMonitor.java:221) ~[mongodb-driver-core-4.11.2.jar:na]
	at com.mongodb.internal.connection.DefaultServerMonitor$ServerMonitorRunnable.run(DefaultServerMonitor.java:153) ~[mongodb-driver-core-4.11.2.jar:na]
	at java.base/java.lang.Thread.run(Thread.java:1583) ~[na:na]
Caused by: java.net.SocketTimeoutException: Read timed out
	at java.base/sun.nio.ch.NioSocketImpl.timedRead(NioSocketImpl.java:278) ~[na:na]
	at java.base/sun.nio.ch.NioSocketImpl.implRead(NioSocketImpl.java:304) ~[na:na]
	at java.base/sun.nio.ch.NioSocketImpl.read(NioSocketImpl.java:346) ~[na:na]
	at java.base/sun.nio.ch.NioSocketImpl$1.read(NioSocketImpl.java:796) ~[na:na]
	at java.base/java.net.Socket$SocketInputStream.read(Socket.java:1099) ~[na:na]
	at java.base/sun.security.ssl.SSLSocketInputRecord.read(SSLSocketInputRecord.java:489) ~[na:na]
	at java.base/sun.security.ssl.SSLSocketInputRecord.readHeader(SSLSocketInputRecord.java:483) ~[na:na]
	at java.base/sun.security.ssl.SSLSocketInputRecord.bytesInCompletePacket(SSLSocketInputRecord.java:70) ~[na:na]
	at java.base/sun.security.ssl.SSLSocketImpl.readApplicationRecord(SSLSocketImpl.java:1461) ~[na:na]
	at java.base/sun.security.ssl.SSLSocketImpl$AppInputStream.read(SSLSocketImpl.java:1066) ~[na:na]
	at com.mongodb.internal.connection.SocketStream.read(SocketStream.java:175) ~[mongodb-driver-core-4.11.2.jar:na]
	at com.mongodb.internal.connection.SocketStream.read(SocketStream.java:200) ~[mongodb-driver-core-4.11.2.jar:na]
	at com.mongodb.internal.connection.InternalStreamConnection.receiveResponseBuffers(InternalStreamConnection.java:739) ~[mongodb-driver-core-4.11.2.jar:na]
	at com.mongodb.internal.connection.InternalStreamConnection.receiveMessageWithAdditionalTimeout(InternalStreamConnection.java:603) ~[mongodb-driver-core-4.11.2.jar:na]
	... 5 common frames omitted

2026-03-27T16:42:36.533+05:30  INFO 99702 --- [academic-service] [ngodb.net:27017] org.mongodb.driver.cluster               : Monitor thread successfully connected to server with description ServerDescription{address=ac-3mufzp1-shard-00-02.4nosy2u.mongodb.net:27017, type=REPLICA_SET_SECONDARY, state=CONNECTED, ok=true, minWireVersion=0, maxWireVersion=25, maxDocumentSize=16777216, logicalSessionTimeoutMinutes=30, roundTripTimeNanos=179500042, setName='atlas-hy5sqn-shard-0', canonicalAddress=ac-3mufzp1-shard-00-02.4nosy2u.mongodb.net:27017, hosts=[ac-3mufzp1-shard-00-00.4nosy2u.mongodb.net:27017, ac-3mufzp1-shard-00-02.4nosy2u.mongodb.net:27017, ac-3mufzp1-shard-00-01.4nosy2u.mongodb.net:27017], passives=[], arbiters=[], primary='ac-3mufzp1-shard-00-01.4nosy2u.mongodb.net:27017', tagSet=TagSet{[Tag{name='availabilityZone', value='aps1-az2'}, Tag{name='diskState', value='READY'}, Tag{name='nodeType', value='ELECTABLE'}, Tag{name='provider', value='AWS'}, Tag{name='region', value='AP_SOUTH_1'}, Tag{name='workloadType', value='OPERATIONAL'}]}, electionId=null, setVersion=46, topologyVersion=TopologyVersion{processId=69b31436cf980eb974c6b7c1, counter=3}, lastWriteDate=Fri Mar 27 16:42:36 IST 2026, lastUpdateTimeNanos=174838384551083}
2026-03-27T16:45:33.983+05:30  INFO 99702 --- [academic-service] [ngodb.net:27017] org.mongodb.driver.cluster               : Exception in monitor thread while connecting to server ac-3mufzp1-shard-00-00.4nosy2u.mongodb.net:27017

com.mongodb.MongoSocketReadTimeoutException: Timeout while receiving message
	at com.mongodb.internal.connection.InternalStreamConnection.translateReadException(InternalStreamConnection.java:728) ~[mongodb-driver-core-4.11.2.jar:na]
	at com.mongodb.internal.connection.InternalStreamConnection.receiveMessageWithAdditionalTimeout(InternalStreamConnection.java:606) ~[mongodb-driver-core-4.11.2.jar:na]
	at com.mongodb.internal.connection.InternalStreamConnection.receiveCommandMessageResponse(InternalStreamConnection.java:451) ~[mongodb-driver-core-4.11.2.jar:na]
	at com.mongodb.internal.connection.InternalStreamConnection.receive(InternalStreamConnection.java:404) ~[mongodb-driver-core-4.11.2.jar:na]
	at com.mongodb.internal.connection.DefaultServerMonitor$ServerMonitorRunnable.lookupServerDescription(DefaultServerMonitor.java:221) ~[mongodb-driver-core-4.11.2.jar:na]
	at com.mongodb.internal.connection.DefaultServerMonitor$ServerMonitorRunnable.run(DefaultServerMonitor.java:153) ~[mongodb-driver-core-4.11.2.jar:na]
	at java.base/java.lang.Thread.run(Thread.java:1583) ~[na:na]
Caused by: java.net.SocketTimeoutException: Read timed out
	at java.base/sun.nio.ch.NioSocketImpl.timedRead(NioSocketImpl.java:278) ~[na:na]
	at java.base/sun.nio.ch.NioSocketImpl.implRead(NioSocketImpl.java:304) ~[na:na]
	at java.base/sun.nio.ch.NioSocketImpl.read(NioSocketImpl.java:346) ~[na:na]
	at java.base/sun.nio.ch.NioSocketImpl$1.read(NioSocketImpl.java:796) ~[na:na]
	at java.base/java.net.Socket$SocketInputStream.read(Socket.java:1099) ~[na:na]
	at java.base/sun.security.ssl.SSLSocketInputRecord.read(SSLSocketInputRecord.java:489) ~[na:na]
	at java.base/sun.security.ssl.SSLSocketInputRecord.readHeader(SSLSocketInputRecord.java:483) ~[na:na]
	at java.base/sun.security.ssl.SSLSocketInputRecord.bytesInCompletePacket(SSLSocketInputRecord.java:70) ~[na:na]
	at java.base/sun.security.ssl.SSLSocketImpl.readApplicationRecord(SSLSocketImpl.java:1461) ~[na:na]
	at java.base/sun.security.ssl.SSLSocketImpl$AppInputStream.read(SSLSocketImpl.java:1066) ~[na:na]
	at com.mongodb.internal.connection.SocketStream.read(SocketStream.java:175) ~[mongodb-driver-core-4.11.2.jar:na]
	at com.mongodb.internal.connection.SocketStream.read(SocketStream.java:200) ~[mongodb-driver-core-4.11.2.jar:na]
	at com.mongodb.internal.connection.InternalStreamConnection.receiveResponseBuffers(InternalStreamConnection.java:739) ~[mongodb-driver-core-4.11.2.jar:na]
	at com.mongodb.internal.connection.InternalStreamConnection.receiveMessageWithAdditionalTimeout(InternalStreamConnection.java:603) ~[mongodb-driver-core-4.11.2.jar:na]
	... 5 common frames omitted

2026-03-27T16:45:34.439+05:30  INFO 99702 --- [academic-service] [ngodb.net:27017] org.mongodb.driver.cluster               : Monitor thread successfully connected to server with description ServerDescription{address=ac-3mufzp1-shard-00-00.4nosy2u.mongodb.net:27017, type=REPLICA_SET_SECONDARY, state=CONNECTED, ok=true, minWireVersion=0, maxWireVersion=25, maxDocumentSize=16777216, logicalSessionTimeoutMinutes=30, roundTripTimeNanos=179731750, setName='atlas-hy5sqn-shard-0', canonicalAddress=ac-3mufzp1-shard-00-00.4nosy2u.mongodb.net:27017, hosts=[ac-3mufzp1-shard-00-00.4nosy2u.mongodb.net:27017, ac-3mufzp1-shard-00-02.4nosy2u.mongodb.net:27017, ac-3mufzp1-shard-00-01.4nosy2u.mongodb.net:27017], passives=[], arbiters=[], primary='ac-3mufzp1-shard-00-01.4nosy2u.mongodb.net:27017', tagSet=TagSet{[Tag{name='availabilityZone', value='aps1-az1'}, Tag{name='diskState', value='READY'}, Tag{name='nodeType', value='ELECTABLE'}, Tag{name='provider', value='AWS'}, Tag{name='region', value='AP_SOUTH_1'}, Tag{name='workloadType', value='OPERATIONAL'}]}, electionId=null, setVersion=46, topologyVersion=TopologyVersion{processId=69b30edff67384ce6d9efce1, counter=4}, lastWriteDate=Fri Mar 27 16:45:34 IST 2026, lastUpdateTimeNanos=174885928371666}
2026-03-27T16:45:35.550+05:30  INFO 99702 --- [academic-service] [ngodb.net:27017] org.mongodb.driver.cluster               : Exception in monitor thread while connecting to server ac-3mufzp1-shard-00-01.4nosy2u.mongodb.net:27017

com.mongodb.MongoSocketReadTimeoutException: Timeout while receiving message
	at com.mongodb.internal.connection.InternalStreamConnection.translateReadException(InternalStreamConnection.java:728) ~[mongodb-driver-core-4.11.2.jar:na]
	at com.mongodb.internal.connection.InternalStreamConnection.receiveMessageWithAdditionalTimeout(InternalStreamConnection.java:606) ~[mongodb-driver-core-4.11.2.jar:na]
	at com.mongodb.internal.connection.InternalStreamConnection.receiveCommandMessageResponse(InternalStreamConnection.java:451) ~[mongodb-driver-core-4.11.2.jar:na]
	at com.mongodb.internal.connection.InternalStreamConnection.receive(InternalStreamConnection.java:404) ~[mongodb-driver-core-4.11.2.jar:na]
	at com.mongodb.internal.connection.DefaultServerMonitor$ServerMonitorRunnable.lookupServerDescription(DefaultServerMonitor.java:221) ~[mongodb-driver-core-4.11.2.jar:na]
	at com.mongodb.internal.connection.DefaultServerMonitor$ServerMonitorRunnable.run(DefaultServerMonitor.java:153) ~[mongodb-driver-core-4.11.2.jar:na]
	at java.base/java.lang.Thread.run(Thread.java:1583) ~[na:na]
Caused by: java.net.SocketTimeoutException: Read timed out
	at java.base/sun.nio.ch.NioSocketImpl.timedRead(NioSocketImpl.java:278) ~[na:na]
	at java.base/sun.nio.ch.NioSocketImpl.implRead(NioSocketImpl.java:304) ~[na:na]
	at java.base/sun.nio.ch.NioSocketImpl.read(NioSocketImpl.java:346) ~[na:na]
	at java.base/sun.nio.ch.NioSocketImpl$1.read(NioSocketImpl.java:796) ~[na:na]
	at java.base/java.net.Socket$SocketInputStream.read(Socket.java:1099) ~[na:na]
	at java.base/sun.security.ssl.SSLSocketInputRecord.read(SSLSocketInputRecord.java:489) ~[na:na]
	at java.base/sun.security.ssl.SSLSocketInputRecord.readHeader(SSLSocketInputRecord.java:483) ~[na:na]
	at java.base/sun.security.ssl.SSLSocketInputRecord.bytesInCompletePacket(SSLSocketInputRecord.java:70) ~[na:na]
	at java.base/sun.security.ssl.SSLSocketImpl.readApplicationRecord(SSLSocketImpl.java:1461) ~[na:na]
	at java.base/sun.security.ssl.SSLSocketImpl$AppInputStream.read(SSLSocketImpl.java:1066) ~[na:na]
	at com.mongodb.internal.connection.SocketStream.read(SocketStream.java:175) ~[mongodb-driver-core-4.11.2.jar:na]
	at com.mongodb.internal.connection.SocketStream.read(SocketStream.java:200) ~[mongodb-driver-core-4.11.2.jar:na]
	at com.mongodb.internal.connection.InternalStreamConnection.receiveResponseBuffers(InternalStreamConnection.java:739) ~[mongodb-driver-core-4.11.2.jar:na]
	at com.mongodb.internal.connection.InternalStreamConnection.receiveMessageWithAdditionalTimeout(InternalStreamConnection.java:603) ~[mongodb-driver-core-4.11.2.jar:na]
	... 5 common frames omitted

2026-03-27T16:45:36.013+05:30  INFO 99702 --- [academic-service] [ngodb.net:27017] org.mongodb.driver.cluster               : Monitor thread successfully connected to server with description ServerDescription{address=ac-3mufzp1-shard-00-01.4nosy2u.mongodb.net:27017, type=REPLICA_SET_PRIMARY, state=CONNECTED, ok=true, minWireVersion=0, maxWireVersion=25, maxDocumentSize=16777216, logicalSessionTimeoutMinutes=30, roundTripTimeNanos=170885250, setName='atlas-hy5sqn-shard-0', canonicalAddress=ac-3mufzp1-shard-00-01.4nosy2u.mongodb.net:27017, hosts=[ac-3mufzp1-shard-00-00.4nosy2u.mongodb.net:27017, ac-3mufzp1-shard-00-02.4nosy2u.mongodb.net:27017, ac-3mufzp1-shard-00-01.4nosy2u.mongodb.net:27017], passives=[], arbiters=[], primary='ac-3mufzp1-shard-00-01.4nosy2u.mongodb.net:27017', tagSet=TagSet{[Tag{name='availabilityZone', value='aps1-az3'}, Tag{name='diskState', value='READY'}, Tag{name='nodeType', value='ELECTABLE'}, Tag{name='provider', value='AWS'}, Tag{name='region', value='AP_SOUTH_1'}, Tag{name='workloadType', value='OPERATIONAL'}]}, electionId=7fffffff00000000000000ca, setVersion=46, topologyVersion=TopologyVersion{processId=69b311797648454b51f7c7a8, counter=6}, lastWriteDate=Fri Mar 27 16:45:36 IST 2026, lastUpdateTimeNanos=174887502434416}
2026-03-27T16:45:36.013+05:30  INFO 99702 --- [academic-service] [ngodb.net:27017] org.mongodb.driver.cluster               : Discovered replica set primary ac-3mufzp1-shard-00-01.4nosy2u.mongodb.net:27017 with max election id 7fffffff00000000000000ca and max set version 46
2026-03-27T16:45:37.073+05:30  INFO 99702 --- [academic-service] [ngodb.net:27017] org.mongodb.driver.cluster               : Exception in monitor thread while connecting to server ac-3mufzp1-shard-00-02.4nosy2u.mongodb.net:27017

com.mongodb.MongoSocketReadTimeoutException: Timeout while receiving message
	at com.mongodb.internal.connection.InternalStreamConnection.translateReadException(InternalStreamConnection.java:728) ~[mongodb-driver-core-4.11.2.jar:na]
	at com.mongodb.internal.connection.InternalStreamConnection.receiveMessageWithAdditionalTimeout(InternalStreamConnection.java:606) ~[mongodb-driver-core-4.11.2.jar:na]
	at com.mongodb.internal.connection.InternalStreamConnection.receiveCommandMessageResponse(InternalStreamConnection.java:451) ~[mongodb-driver-core-4.11.2.jar:na]
	at com.mongodb.internal.connection.InternalStreamConnection.receive(InternalStreamConnection.java:404) ~[mongodb-driver-core-4.11.2.jar:na]
	at com.mongodb.internal.connection.DefaultServerMonitor$ServerMonitorRunnable.lookupServerDescription(DefaultServerMonitor.java:221) ~[mongodb-driver-core-4.11.2.jar:na]
	at com.mongodb.internal.connection.DefaultServerMonitor$ServerMonitorRunnable.run(DefaultServerMonitor.java:153) ~[mongodb-driver-core-4.11.2.jar:na]
	at java.base/java.lang.Thread.run(Thread.java:1583) ~[na:na]
Caused by: java.net.SocketTimeoutException: Read timed out
	at java.base/sun.nio.ch.NioSocketImpl.timedRead(NioSocketImpl.java:278) ~[na:na]
	at java.base/sun.nio.ch.NioSocketImpl.implRead(NioSocketImpl.java:304) ~[na:na]
	at java.base/sun.nio.ch.NioSocketImpl.read(NioSocketImpl.java:346) ~[na:na]
	at java.base/sun.nio.ch.NioSocketImpl$1.read(NioSocketImpl.java:796) ~[na:na]
	at java.base/java.net.Socket$SocketInputStream.read(Socket.java:1099) ~[na:na]
	at java.base/sun.security.ssl.SSLSocketInputRecord.read(SSLSocketInputRecord.java:489) ~[na:na]
	at java.base/sun.security.ssl.SSLSocketInputRecord.readHeader(SSLSocketInputRecord.java:483) ~[na:na]
	at java.base/sun.security.ssl.SSLSocketInputRecord.bytesInCompletePacket(SSLSocketInputRecord.java:70) ~[na:na]
	at java.base/sun.security.ssl.SSLSocketImpl.readApplicationRecord(SSLSocketImpl.java:1461) ~[na:na]
	at java.base/sun.security.ssl.SSLSocketImpl$AppInputStream.read(SSLSocketImpl.java:1066) ~[na:na]
	at com.mongodb.internal.connection.SocketStream.read(SocketStream.java:175) ~[mongodb-driver-core-4.11.2.jar:na]
	at com.mongodb.internal.connection.SocketStream.read(SocketStream.java:200) ~[mongodb-driver-core-4.11.2.jar:na]
	at com.mongodb.internal.connection.InternalStreamConnection.receiveResponseBuffers(InternalStreamConnection.java:739) ~[mongodb-driver-core-4.11.2.jar:na]
	at com.mongodb.internal.connection.InternalStreamConnection.receiveMessageWithAdditionalTimeout(InternalStreamConnection.java:603) ~[mongodb-driver-core-4.11.2.jar:na]
	... 5 common frames omitted

2026-03-27T16:45:37.184+05:30  INFO 99702 --- [academic-service] [ngodb.net:27017] org.mongodb.driver.cluster               : Monitor thread successfully connected to server with description ServerDescription{address=ac-3mufzp1-shard-00-02.4nosy2u.mongodb.net:27017, type=REPLICA_SET_SECONDARY, state=CONNECTED, ok=true, minWireVersion=0, maxWireVersion=25, maxDocumentSize=16777216, logicalSessionTimeoutMinutes=30, roundTripTimeNanos=49678000, setName='atlas-hy5sqn-shard-0', canonicalAddress=ac-3mufzp1-shard-00-02.4nosy2u.mongodb.net:27017, hosts=[ac-3mufzp1-shard-00-00.4nosy2u.mongodb.net:27017, ac-3mufzp1-shard-00-02.4nosy2u.mongodb.net:27017, ac-3mufzp1-shard-00-01.4nosy2u.mongodb.net:27017], passives=[], arbiters=[], primary='ac-3mufzp1-shard-00-01.4nosy2u.mongodb.net:27017', tagSet=TagSet{[Tag{name='availabilityZone', value='aps1-az2'}, Tag{name='diskState', value='READY'}, Tag{name='nodeType', value='ELECTABLE'}, Tag{name='provider', value='AWS'}, Tag{name='region', value='AP_SOUTH_1'}, Tag{name='workloadType', value='OPERATIONAL'}]}, electionId=null, setVersion=46, topologyVersion=TopologyVersion{processId=69b31436cf980eb974c6b7c1, counter=3}, lastWriteDate=Fri Mar 27 16:45:37 IST 2026, lastUpdateTimeNanos=174888673705625}
2026-03-27T16:49:37.436+05:30  INFO 99702 --- [academic-service] [trap-executor-0] c.n.d.s.r.aws.ConfigClusterResolver      : Resolving eureka endpoints via configuration
2026-03-27T16:54:37.437+05:30  INFO 99702 --- [academic-service] [trap-executor-0] c.n.d.s.r.aws.ConfigClusterResolver      : Resolving eureka endpoints via configuration
2026-03-27T16:59:37.434+05:30  INFO 99702 --- [academic-service] [trap-executor-0] c.n.d.s.r.aws.ConfigClusterResolver      : Resolving eureka endpoints via configuration
2026-03-27T17:20:23.316+05:30  INFO 99702 --- [academic-service] [ngodb.net:27017] org.mongodb.driver.cluster               : Exception in monitor thread while connecting to server ac-3mufzp1-shard-00-00.4nosy2u.mongodb.net:27017

com.mongodb.MongoSocketReadTimeoutException: Timeout while receiving message
	at com.mongodb.internal.connection.InternalStreamConnection.translateReadException(InternalStreamConnection.java:728) ~[mongodb-driver-core-4.11.2.jar:na]
	at com.mongodb.internal.connection.InternalStreamConnection.receiveMessageWithAdditionalTimeout(InternalStreamConnection.java:606) ~[mongodb-driver-core-4.11.2.jar:na]
	at com.mongodb.internal.connection.InternalStreamConnection.receiveCommandMessageResponse(InternalStreamConnection.java:451) ~[mongodb-driver-core-4.11.2.jar:na]
	at com.mongodb.internal.connection.InternalStreamConnection.receive(InternalStreamConnection.java:404) ~[mongodb-driver-core-4.11.2.jar:na]
	at com.mongodb.internal.connection.DefaultServerMonitor$ServerMonitorRunnable.lookupServerDescription(DefaultServerMonitor.java:221) ~[mongodb-driver-core-4.11.2.jar:na]
	at com.mongodb.internal.connection.DefaultServerMonitor$ServerMonitorRunnable.run(DefaultServerMonitor.java:153) ~[mongodb-driver-core-4.11.2.jar:na]
	at java.base/java.lang.Thread.run(Thread.java:1583) ~[na:na]
Caused by: java.net.SocketTimeoutException: Read timed out
	at java.base/sun.nio.ch.NioSocketImpl.timedRead(NioSocketImpl.java:278) ~[na:na]
	at java.base/sun.nio.ch.NioSocketImpl.implRead(NioSocketImpl.java:304) ~[na:na]
	at java.base/sun.nio.ch.NioSocketImpl.read(NioSocketImpl.java:346) ~[na:na]
	at java.base/sun.nio.ch.NioSocketImpl$1.read(NioSocketImpl.java:796) ~[na:na]
	at java.base/java.net.Socket$SocketInputStream.read(Socket.java:1099) ~[na:na]
	at java.base/sun.security.ssl.SSLSocketInputRecord.read(SSLSocketInputRecord.java:489) ~[na:na]
	at java.base/sun.security.ssl.SSLSocketInputRecord.readHeader(SSLSocketInputRecord.java:483) ~[na:na]
	at java.base/sun.security.ssl.SSLSocketInputRecord.bytesInCompletePacket(SSLSocketInputRecord.java:70) ~[na:na]
	at java.base/sun.security.ssl.SSLSocketImpl.readApplicationRecord(SSLSocketImpl.java:1461) ~[na:na]
	at java.base/sun.security.ssl.SSLSocketImpl$AppInputStream.read(SSLSocketImpl.java:1066) ~[na:na]
	at com.mongodb.internal.connection.SocketStream.read(SocketStream.java:175) ~[mongodb-driver-core-4.11.2.jar:na]
	at com.mongodb.internal.connection.SocketStream.read(SocketStream.java:200) ~[mongodb-driver-core-4.11.2.jar:na]
	at com.mongodb.internal.connection.InternalStreamConnection.receiveResponseBuffers(InternalStreamConnection.java:739) ~[mongodb-driver-core-4.11.2.jar:na]
	at com.mongodb.internal.connection.InternalStreamConnection.receiveMessageWithAdditionalTimeout(InternalStreamConnection.java:603) ~[mongodb-driver-core-4.11.2.jar:na]
	... 5 common frames omitted

2026-03-27T17:20:23.566+05:30  INFO 99702 --- [academic-service] [ngodb.net:27017] org.mongodb.driver.cluster               : Monitor thread successfully connected to server with description ServerDescription{address=ac-3mufzp1-shard-00-00.4nosy2u.mongodb.net:27017, type=REPLICA_SET_SECONDARY, state=CONNECTED, ok=true, minWireVersion=0, maxWireVersion=25, maxDocumentSize=16777216, logicalSessionTimeoutMinutes=30, roundTripTimeNanos=115298458, setName='atlas-hy5sqn-shard-0', canonicalAddress=ac-3mufzp1-shard-00-00.4nosy2u.mongodb.net:27017, hosts=[ac-3mufzp1-shard-00-00.4nosy2u.mongodb.net:27017, ac-3mufzp1-shard-00-02.4nosy2u.mongodb.net:27017, ac-3mufzp1-shard-00-01.4nosy2u.mongodb.net:27017], passives=[], arbiters=[], primary='ac-3mufzp1-shard-00-01.4nosy2u.mongodb.net:27017', tagSet=TagSet{[Tag{name='availabilityZone', value='aps1-az1'}, Tag{name='diskState', value='READY'}, Tag{name='nodeType', value='ELECTABLE'}, Tag{name='provider', value='AWS'}, Tag{name='region', value='AP_SOUTH_1'}, Tag{name='workloadType', value='OPERATIONAL'}]}, electionId=null, setVersion=46, topologyVersion=TopologyVersion{processId=69b30edff67384ce6d9efce1, counter=4}, lastWriteDate=Fri Mar 27 17:20:23 IST 2026, lastUpdateTimeNanos=175906865650125}
2026-03-27T17:20:24.660+05:30  INFO 99702 --- [academic-service] [ngodb.net:27017] org.mongodb.driver.cluster               : Exception in monitor thread while connecting to server ac-3mufzp1-shard-00-01.4nosy2u.mongodb.net:27017

com.mongodb.MongoSocketReadTimeoutException: Timeout while receiving message
	at com.mongodb.internal.connection.InternalStreamConnection.translateReadException(InternalStreamConnection.java:728) ~[mongodb-driver-core-4.11.2.jar:na]
	at com.mongodb.internal.connection.InternalStreamConnection.receiveMessageWithAdditionalTimeout(InternalStreamConnection.java:606) ~[mongodb-driver-core-4.11.2.jar:na]
	at com.mongodb.internal.connection.InternalStreamConnection.receiveCommandMessageResponse(InternalStreamConnection.java:451) ~[mongodb-driver-core-4.11.2.jar:na]
	at com.mongodb.internal.connection.InternalStreamConnection.receive(InternalStreamConnection.java:404) ~[mongodb-driver-core-4.11.2.jar:na]
	at com.mongodb.internal.connection.DefaultServerMonitor$ServerMonitorRunnable.lookupServerDescription(DefaultServerMonitor.java:221) ~[mongodb-driver-core-4.11.2.jar:na]
	at com.mongodb.internal.connection.DefaultServerMonitor$ServerMonitorRunnable.run(DefaultServerMonitor.java:153) ~[mongodb-driver-core-4.11.2.jar:na]
	at java.base/java.lang.Thread.run(Thread.java:1583) ~[na:na]
Caused by: java.net.SocketTimeoutException: Read timed out
	at java.base/sun.nio.ch.NioSocketImpl.timedRead(NioSocketImpl.java:278) ~[na:na]
	at java.base/sun.nio.ch.NioSocketImpl.implRead(NioSocketImpl.java:304) ~[na:na]
	at java.base/sun.nio.ch.NioSocketImpl.read(NioSocketImpl.java:346) ~[na:na]
	at java.base/sun.nio.ch.NioSocketImpl$1.read(NioSocketImpl.java:796) ~[na:na]
	at java.base/java.net.Socket$SocketInputStream.read(Socket.java:1099) ~[na:na]
	at java.base/sun.security.ssl.SSLSocketInputRecord.read(SSLSocketInputRecord.java:489) ~[na:na]
	at java.base/sun.security.ssl.SSLSocketInputRecord.readHeader(SSLSocketInputRecord.java:483) ~[na:na]
	at java.base/sun.security.ssl.SSLSocketInputRecord.bytesInCompletePacket(SSLSocketInputRecord.java:70) ~[na:na]
	at java.base/sun.security.ssl.SSLSocketImpl.readApplicationRecord(SSLSocketImpl.java:1461) ~[na:na]
	at java.base/sun.security.ssl.SSLSocketImpl$AppInputStream.read(SSLSocketImpl.java:1066) ~[na:na]
	at com.mongodb.internal.connection.SocketStream.read(SocketStream.java:175) ~[mongodb-driver-core-4.11.2.jar:na]
	at com.mongodb.internal.connection.SocketStream.read(SocketStream.java:200) ~[mongodb-driver-core-4.11.2.jar:na]
	at com.mongodb.internal.connection.InternalStreamConnection.receiveResponseBuffers(InternalStreamConnection.java:739) ~[mongodb-driver-core-4.11.2.jar:na]
	at com.mongodb.internal.connection.InternalStreamConnection.receiveMessageWithAdditionalTimeout(InternalStreamConnection.java:603) ~[mongodb-driver-core-4.11.2.jar:na]
	... 5 common frames omitted

2026-03-27T17:20:24.809+05:30  INFO 99702 --- [academic-service] [ngodb.net:27017] org.mongodb.driver.cluster               : Monitor thread successfully connected to server with description ServerDescription{address=ac-3mufzp1-shard-00-01.4nosy2u.mongodb.net:27017, type=REPLICA_SET_PRIMARY, state=CONNECTED, ok=true, minWireVersion=0, maxWireVersion=25, maxDocumentSize=16777216, logicalSessionTimeoutMinutes=30, roundTripTimeNanos=84782083, setName='atlas-hy5sqn-shard-0', canonicalAddress=ac-3mufzp1-shard-00-01.4nosy2u.mongodb.net:27017, hosts=[ac-3mufzp1-shard-00-00.4nosy2u.mongodb.net:27017, ac-3mufzp1-shard-00-02.4nosy2u.mongodb.net:27017, ac-3mufzp1-shard-00-01.4nosy2u.mongodb.net:27017], passives=[], arbiters=[], primary='ac-3mufzp1-shard-00-01.4nosy2u.mongodb.net:27017', tagSet=TagSet{[Tag{name='availabilityZone', value='aps1-az3'}, Tag{name='diskState', value='READY'}, Tag{name='nodeType', value='ELECTABLE'}, Tag{name='provider', value='AWS'}, Tag{name='region', value='AP_SOUTH_1'}, Tag{name='workloadType', value='OPERATIONAL'}]}, electionId=7fffffff00000000000000ca, setVersion=46, topologyVersion=TopologyVersion{processId=69b311797648454b51f7c7a8, counter=6}, lastWriteDate=Fri Mar 27 17:20:24 IST 2026, lastUpdateTimeNanos=175908110959541}
2026-03-27T17:20:24.809+05:30  INFO 99702 --- [academic-service] [ngodb.net:27017] org.mongodb.driver.cluster               : Discovered replica set primary ac-3mufzp1-shard-00-01.4nosy2u.mongodb.net:27017 with max election id 7fffffff00000000000000ca and max set version 46
2026-03-27T17:20:26.164+05:30  INFO 99702 --- [academic-service] [ngodb.net:27017] org.mongodb.driver.cluster               : Exception in monitor thread while connecting to server ac-3mufzp1-shard-00-02.4nosy2u.mongodb.net:27017

com.mongodb.MongoSocketReadTimeoutException: Timeout while receiving message
	at com.mongodb.internal.connection.InternalStreamConnection.translateReadException(InternalStreamConnection.java:728) ~[mongodb-driver-core-4.11.2.jar:na]
	at com.mongodb.internal.connection.InternalStreamConnection.receiveMessageWithAdditionalTimeout(InternalStreamConnection.java:606) ~[mongodb-driver-core-4.11.2.jar:na]
	at com.mongodb.internal.connection.InternalStreamConnection.receiveCommandMessageResponse(InternalStreamConnection.java:451) ~[mongodb-driver-core-4.11.2.jar:na]
	at com.mongodb.internal.connection.InternalStreamConnection.receive(InternalStreamConnection.java:404) ~[mongodb-driver-core-4.11.2.jar:na]
	at com.mongodb.internal.connection.DefaultServerMonitor$ServerMonitorRunnable.lookupServerDescription(DefaultServerMonitor.java:221) ~[mongodb-driver-core-4.11.2.jar:na]
	at com.mongodb.internal.connection.DefaultServerMonitor$ServerMonitorRunnable.run(DefaultServerMonitor.java:153) ~[mongodb-driver-core-4.11.2.jar:na]
	at java.base/java.lang.Thread.run(Thread.java:1583) ~[na:na]
Caused by: java.net.SocketTimeoutException: Read timed out
	at java.base/sun.nio.ch.NioSocketImpl.timedRead(NioSocketImpl.java:278) ~[na:na]
	at java.base/sun.nio.ch.NioSocketImpl.implRead(NioSocketImpl.java:304) ~[na:na]
	at java.base/sun.nio.ch.NioSocketImpl.read(NioSocketImpl.java:346) ~[na:na]
	at java.base/sun.nio.ch.NioSocketImpl$1.read(NioSocketImpl.java:796) ~[na:na]
	at java.base/java.net.Socket$SocketInputStream.read(Socket.java:1099) ~[na:na]
	at java.base/sun.security.ssl.SSLSocketInputRecord.read(SSLSocketInputRecord.java:489) ~[na:na]
	at java.base/sun.security.ssl.SSLSocketInputRecord.readHeader(SSLSocketInputRecord.java:483) ~[na:na]
	at java.base/sun.security.ssl.SSLSocketInputRecord.bytesInCompletePacket(SSLSocketInputRecord.java:70) ~[na:na]
	at java.base/sun.security.ssl.SSLSocketImpl.readApplicationRecord(SSLSocketImpl.java:1461) ~[na:na]
	at java.base/sun.security.ssl.SSLSocketImpl$AppInputStream.read(SSLSocketImpl.java:1066) ~[na:na]
	at com.mongodb.internal.connection.SocketStream.read(SocketStream.java:175) ~[mongodb-driver-core-4.11.2.jar:na]
	at com.mongodb.internal.connection.SocketStream.read(SocketStream.java:200) ~[mongodb-driver-core-4.11.2.jar:na]
	at com.mongodb.internal.connection.InternalStreamConnection.receiveResponseBuffers(InternalStreamConnection.java:739) ~[mongodb-driver-core-4.11.2.jar:na]
	at com.mongodb.internal.connection.InternalStreamConnection.receiveMessageWithAdditionalTimeout(InternalStreamConnection.java:603) ~[mongodb-driver-core-4.11.2.jar:na]
	... 5 common frames omitted

2026-03-27T17:20:26.618+05:30  INFO 99702 --- [academic-service] [ngodb.net:27017] org.mongodb.driver.cluster               : Monitor thread successfully connected to server with description ServerDescription{address=ac-3mufzp1-shard-00-02.4nosy2u.mongodb.net:27017, type=REPLICA_SET_SECONDARY, state=CONNECTED, ok=true, minWireVersion=0, maxWireVersion=25, maxDocumentSize=16777216, logicalSessionTimeoutMinutes=30, roundTripTimeNanos=131299542, setName='atlas-hy5sqn-shard-0', canonicalAddress=ac-3mufzp1-shard-00-02.4nosy2u.mongodb.net:27017, hosts=[ac-3mufzp1-shard-00-00.4nosy2u.mongodb.net:27017, ac-3mufzp1-shard-00-02.4nosy2u.mongodb.net:27017, ac-3mufzp1-shard-00-01.4nosy2u.mongodb.net:27017], passives=[], arbiters=[], primary='ac-3mufzp1-shard-00-01.4nosy2u.mongodb.net:27017', tagSet=TagSet{[Tag{name='availabilityZone', value='aps1-az2'}, Tag{name='diskState', value='READY'}, Tag{name='nodeType', value='ELECTABLE'}, Tag{name='provider', value='AWS'}, Tag{name='region', value='AP_SOUTH_1'}, Tag{name='workloadType', value='OPERATIONAL'}]}, electionId=null, setVersion=46, topologyVersion=TopologyVersion{processId=69b31436cf980eb974c6b7c1, counter=3}, lastWriteDate=Fri Mar 27 17:20:26 IST 2026, lastUpdateTimeNanos=175909921778416}
2026-03-27T17:50:46.535+05:30  INFO 99702 --- [academic-service] [ngodb.net:27017] org.mongodb.driver.cluster               : Exception in monitor thread while connecting to server ac-3mufzp1-shard-00-00.4nosy2u.mongodb.net:27017

com.mongodb.MongoSocketReadTimeoutException: Timeout while receiving message
	at com.mongodb.internal.connection.InternalStreamConnection.translateReadException(InternalStreamConnection.java:728) ~[mongodb-driver-core-4.11.2.jar:na]
	at com.mongodb.internal.connection.InternalStreamConnection.receiveMessageWithAdditionalTimeout(InternalStreamConnection.java:606) ~[mongodb-driver-core-4.11.2.jar:na]
	at com.mongodb.internal.connection.InternalStreamConnection.receiveCommandMessageResponse(InternalStreamConnection.java:451) ~[mongodb-driver-core-4.11.2.jar:na]
	at com.mongodb.internal.connection.InternalStreamConnection.receive(InternalStreamConnection.java:404) ~[mongodb-driver-core-4.11.2.jar:na]
	at com.mongodb.internal.connection.DefaultServerMonitor$ServerMonitorRunnable.lookupServerDescription(DefaultServerMonitor.java:221) ~[mongodb-driver-core-4.11.2.jar:na]
	at com.mongodb.internal.connection.DefaultServerMonitor$ServerMonitorRunnable.run(DefaultServerMonitor.java:153) ~[mongodb-driver-core-4.11.2.jar:na]
	at java.base/java.lang.Thread.run(Thread.java:1583) ~[na:na]
Caused by: java.net.SocketTimeoutException: Read timed out
	at java.base/sun.nio.ch.NioSocketImpl.timedRead(NioSocketImpl.java:278) ~[na:na]
	at java.base/sun.nio.ch.NioSocketImpl.implRead(NioSocketImpl.java:304) ~[na:na]
	at java.base/sun.nio.ch.NioSocketImpl.read(NioSocketImpl.java:346) ~[na:na]
	at java.base/sun.nio.ch.NioSocketImpl$1.read(NioSocketImpl.java:796) ~[na:na]
	at java.base/java.net.Socket$SocketInputStream.read(Socket.java:1099) ~[na:na]
	at java.base/sun.security.ssl.SSLSocketInputRecord.read(SSLSocketInputRecord.java:489) ~[na:na]
	at java.base/sun.security.ssl.SSLSocketInputRecord.readHeader(SSLSocketInputRecord.java:483) ~[na:na]
	at java.base/sun.security.ssl.SSLSocketInputRecord.bytesInCompletePacket(SSLSocketInputRecord.java:70) ~[na:na]
	at java.base/sun.security.ssl.SSLSocketImpl.readApplicationRecord(SSLSocketImpl.java:1461) ~[na:na]
	at java.base/sun.security.ssl.SSLSocketImpl$AppInputStream.read(SSLSocketImpl.java:1066) ~[na:na]
	at com.mongodb.internal.connection.SocketStream.read(SocketStream.java:175) ~[mongodb-driver-core-4.11.2.jar:na]
	at com.mongodb.internal.connection.SocketStream.read(SocketStream.java:200) ~[mongodb-driver-core-4.11.2.jar:na]
	at com.mongodb.internal.connection.InternalStreamConnection.receiveResponseBuffers(InternalStreamConnection.java:739) ~[mongodb-driver-core-4.11.2.jar:na]
	at com.mongodb.internal.connection.InternalStreamConnection.receiveMessageWithAdditionalTimeout(InternalStreamConnection.java:603) ~[mongodb-driver-core-4.11.2.jar:na]
	... 5 common frames omitted

2026-03-27T17:50:46.548+05:30  INFO 99702 --- [academic-service] [ngodb.net:27017] org.mongodb.driver.cluster               : Exception in monitor thread while connecting to server ac-3mufzp1-shard-00-00.4nosy2u.mongodb.net:27017

com.mongodb.MongoSocketException: ac-3mufzp1-shard-00-00.4nosy2u.mongodb.net: nodename nor servname provided, or not known
	at com.mongodb.ServerAddress.getSocketAddresses(ServerAddress.java:221) ~[mongodb-driver-core-4.11.2.jar:na]
	at com.mongodb.internal.connection.ServerAddressWithResolver.getSocketAddresses(ServerAddressWithResolver.java:68) ~[mongodb-driver-core-4.11.2.jar:na]
	at com.mongodb.internal.connection.SocketStream.initializeSocket(SocketStream.java:100) ~[mongodb-driver-core-4.11.2.jar:na]
	at com.mongodb.internal.connection.SocketStream.open(SocketStream.java:78) ~[mongodb-driver-core-4.11.2.jar:na]
	at com.mongodb.internal.connection.InternalStreamConnection.open(InternalStreamConnection.java:211) ~[mongodb-driver-core-4.11.2.jar:na]
	at com.mongodb.internal.connection.DefaultServerMonitor$ServerMonitorRunnable.lookupServerDescription(DefaultServerMonitor.java:193) ~[mongodb-driver-core-4.11.2.jar:na]
	at com.mongodb.internal.connection.DefaultServerMonitor$ServerMonitorRunnable.run(DefaultServerMonitor.java:153) ~[mongodb-driver-core-4.11.2.jar:na]
	at java.base/java.lang.Thread.run(Thread.java:1583) ~[na:na]
Caused by: java.net.UnknownHostException: ac-3mufzp1-shard-00-00.4nosy2u.mongodb.net: nodename nor servname provided, or not known
	at java.base/java.net.Inet6AddressImpl.lookupAllHostAddr(Native Method) ~[na:na]
	at java.base/java.net.Inet6AddressImpl.lookupAllHostAddr(Inet6AddressImpl.java:52) ~[na:na]
	at java.base/java.net.InetAddress$PlatformResolver.lookupByName(InetAddress.java:1211) ~[na:na]
	at java.base/java.net.InetAddress.getAddressesFromNameService(InetAddress.java:1828) ~[na:na]
	at java.base/java.net.InetAddress$NameServiceAddresses.get(InetAddress.java:1139) ~[na:na]
	at java.base/java.net.InetAddress.getAllByName0(InetAddress.java:1818) ~[na:na]
	at java.base/java.net.InetAddress.getAllByName(InetAddress.java:1688) ~[na:na]
	at com.mongodb.ServerAddress.getSocketAddresses(ServerAddress.java:213) ~[mongodb-driver-core-4.11.2.jar:na]
	... 7 common frames omitted

2026-03-27T17:50:47.778+05:30  INFO 99702 --- [academic-service] [ngodb.net:27017] org.mongodb.driver.cluster               : Exception in monitor thread while connecting to server ac-3mufzp1-shard-00-01.4nosy2u.mongodb.net:27017

com.mongodb.MongoSocketReadTimeoutException: Timeout while receiving message
	at com.mongodb.internal.connection.InternalStreamConnection.translateReadException(InternalStreamConnection.java:728) ~[mongodb-driver-core-4.11.2.jar:na]
	at com.mongodb.internal.connection.InternalStreamConnection.receiveMessageWithAdditionalTimeout(InternalStreamConnection.java:606) ~[mongodb-driver-core-4.11.2.jar:na]
	at com.mongodb.internal.connection.InternalStreamConnection.receiveCommandMessageResponse(InternalStreamConnection.java:451) ~[mongodb-driver-core-4.11.2.jar:na]
	at com.mongodb.internal.connection.InternalStreamConnection.receive(InternalStreamConnection.java:404) ~[mongodb-driver-core-4.11.2.jar:na]
	at com.mongodb.internal.connection.DefaultServerMonitor$ServerMonitorRunnable.lookupServerDescription(DefaultServerMonitor.java:221) ~[mongodb-driver-core-4.11.2.jar:na]
	at com.mongodb.internal.connection.DefaultServerMonitor$ServerMonitorRunnable.run(DefaultServerMonitor.java:153) ~[mongodb-driver-core-4.11.2.jar:na]
	at java.base/java.lang.Thread.run(Thread.java:1583) ~[na:na]
Caused by: java.net.SocketTimeoutException: Read timed out
	at java.base/sun.nio.ch.NioSocketImpl.timedRead(NioSocketImpl.java:278) ~[na:na]
	at java.base/sun.nio.ch.NioSocketImpl.implRead(NioSocketImpl.java:304) ~[na:na]
	at java.base/sun.nio.ch.NioSocketImpl.read(NioSocketImpl.java:346) ~[na:na]
	at java.base/sun.nio.ch.NioSocketImpl$1.read(NioSocketImpl.java:796) ~[na:na]
	at java.base/java.net.Socket$SocketInputStream.read(Socket.java:1099) ~[na:na]
	at java.base/sun.security.ssl.SSLSocketInputRecord.read(SSLSocketInputRecord.java:489) ~[na:na]
	at java.base/sun.security.ssl.SSLSocketInputRecord.readHeader(SSLSocketInputRecord.java:483) ~[na:na]
	at java.base/sun.security.ssl.SSLSocketInputRecord.bytesInCompletePacket(SSLSocketInputRecord.java:70) ~[na:na]
	at java.base/sun.security.ssl.SSLSocketImpl.readApplicationRecord(SSLSocketImpl.java:1461) ~[na:na]
	at java.base/sun.security.ssl.SSLSocketImpl$AppInputStream.read(SSLSocketImpl.java:1066) ~[na:na]
	at com.mongodb.internal.connection.SocketStream.read(SocketStream.java:175) ~[mongodb-driver-core-4.11.2.jar:na]
	at com.mongodb.internal.connection.SocketStream.read(SocketStream.java:200) ~[mongodb-driver-core-4.11.2.jar:na]
	at com.mongodb.internal.connection.InternalStreamConnection.receiveResponseBuffers(InternalStreamConnection.java:739) ~[mongodb-driver-core-4.11.2.jar:na]
	at com.mongodb.internal.connection.InternalStreamConnection.receiveMessageWithAdditionalTimeout(InternalStreamConnection.java:603) ~[mongodb-driver-core-4.11.2.jar:na]
	... 5 common frames omitted

2026-03-27T17:50:47.782+05:30  INFO 99702 --- [academic-service] [ngodb.net:27017] org.mongodb.driver.cluster               : Exception in monitor thread while connecting to server ac-3mufzp1-shard-00-01.4nosy2u.mongodb.net:27017

com.mongodb.MongoSocketException: ac-3mufzp1-shard-00-01.4nosy2u.mongodb.net: nodename nor servname provided, or not known
	at com.mongodb.ServerAddress.getSocketAddresses(ServerAddress.java:221) ~[mongodb-driver-core-4.11.2.jar:na]
	at com.mongodb.internal.connection.ServerAddressWithResolver.getSocketAddresses(ServerAddressWithResolver.java:68) ~[mongodb-driver-core-4.11.2.jar:na]
	at com.mongodb.internal.connection.SocketStream.initializeSocket(SocketStream.java:100) ~[mongodb-driver-core-4.11.2.jar:na]
	at com.mongodb.internal.connection.SocketStream.open(SocketStream.java:78) ~[mongodb-driver-core-4.11.2.jar:na]
	at com.mongodb.internal.connection.InternalStreamConnection.open(InternalStreamConnection.java:211) ~[mongodb-driver-core-4.11.2.jar:na]
	at com.mongodb.internal.connection.DefaultServerMonitor$ServerMonitorRunnable.lookupServerDescription(DefaultServerMonitor.java:193) ~[mongodb-driver-core-4.11.2.jar:na]
	at com.mongodb.internal.connection.DefaultServerMonitor$ServerMonitorRunnable.run(DefaultServerMonitor.java:153) ~[mongodb-driver-core-4.11.2.jar:na]
	at java.base/java.lang.Thread.run(Thread.java:1583) ~[na:na]
Caused by: java.net.UnknownHostException: ac-3mufzp1-shard-00-01.4nosy2u.mongodb.net: nodename nor servname provided, or not known
	at java.base/java.net.Inet6AddressImpl.lookupAllHostAddr(Native Method) ~[na:na]
	at java.base/java.net.Inet6AddressImpl.lookupAllHostAddr(Inet6AddressImpl.java:52) ~[na:na]
	at java.base/java.net.InetAddress$PlatformResolver.lookupByName(InetAddress.java:1211) ~[na:na]
	at java.base/java.net.InetAddress.getAddressesFromNameService(InetAddress.java:1828) ~[na:na]
	at java.base/java.net.InetAddress$NameServiceAddresses.get(InetAddress.java:1139) ~[na:na]
	at java.base/java.net.InetAddress.getAllByName0(InetAddress.java:1818) ~[na:na]
	at java.base/java.net.InetAddress.getAllByName(InetAddress.java:1688) ~[na:na]
	at com.mongodb.ServerAddress.getSocketAddresses(ServerAddress.java:213) ~[mongodb-driver-core-4.11.2.jar:na]
	... 7 common frames omitted

2026-03-27T17:50:49.586+05:30  INFO 99702 --- [academic-service] [ngodb.net:27017] org.mongodb.driver.cluster               : Exception in monitor thread while connecting to server ac-3mufzp1-shard-00-02.4nosy2u.mongodb.net:27017

com.mongodb.MongoSocketReadTimeoutException: Timeout while receiving message
	at com.mongodb.internal.connection.InternalStreamConnection.translateReadException(InternalStreamConnection.java:728) ~[mongodb-driver-core-4.11.2.jar:na]
	at com.mongodb.internal.connection.InternalStreamConnection.receiveMessageWithAdditionalTimeout(InternalStreamConnection.java:606) ~[mongodb-driver-core-4.11.2.jar:na]
	at com.mongodb.internal.connection.InternalStreamConnection.receiveCommandMessageResponse(InternalStreamConnection.java:451) ~[mongodb-driver-core-4.11.2.jar:na]
	at com.mongodb.internal.connection.InternalStreamConnection.receive(InternalStreamConnection.java:404) ~[mongodb-driver-core-4.11.2.jar:na]
	at com.mongodb.internal.connection.DefaultServerMonitor$ServerMonitorRunnable.lookupServerDescription(DefaultServerMonitor.java:221) ~[mongodb-driver-core-4.11.2.jar:na]
	at com.mongodb.internal.connection.DefaultServerMonitor$ServerMonitorRunnable.run(DefaultServerMonitor.java:153) ~[mongodb-driver-core-4.11.2.jar:na]
	at java.base/java.lang.Thread.run(Thread.java:1583) ~[na:na]
Caused by: java.net.SocketTimeoutException: Read timed out
	at java.base/sun.nio.ch.NioSocketImpl.timedRead(NioSocketImpl.java:278) ~[na:na]
	at java.base/sun.nio.ch.NioSocketImpl.implRead(NioSocketImpl.java:304) ~[na:na]
	at java.base/sun.nio.ch.NioSocketImpl.read(NioSocketImpl.java:346) ~[na:na]
	at java.base/sun.nio.ch.NioSocketImpl$1.read(NioSocketImpl.java:796) ~[na:na]
	at java.base/java.net.Socket$SocketInputStream.read(Socket.java:1099) ~[na:na]
	at java.base/sun.security.ssl.SSLSocketInputRecord.read(SSLSocketInputRecord.java:489) ~[na:na]
	at java.base/sun.security.ssl.SSLSocketInputRecord.readHeader(SSLSocketInputRecord.java:483) ~[na:na]
	at java.base/sun.security.ssl.SSLSocketInputRecord.bytesInCompletePacket(SSLSocketInputRecord.java:70) ~[na:na]
	at java.base/sun.security.ssl.SSLSocketImpl.readApplicationRecord(SSLSocketImpl.java:1461) ~[na:na]
	at java.base/sun.security.ssl.SSLSocketImpl$AppInputStream.read(SSLSocketImpl.java:1066) ~[na:na]
	at com.mongodb.internal.connection.SocketStream.read(SocketStream.java:175) ~[mongodb-driver-core-4.11.2.jar:na]
	at com.mongodb.internal.connection.SocketStream.read(SocketStream.java:200) ~[mongodb-driver-core-4.11.2.jar:na]
	at com.mongodb.internal.connection.InternalStreamConnection.receiveResponseBuffers(InternalStreamConnection.java:739) ~[mongodb-driver-core-4.11.2.jar:na]
	at com.mongodb.internal.connection.InternalStreamConnection.receiveMessageWithAdditionalTimeout(InternalStreamConnection.java:603) ~[mongodb-driver-core-4.11.2.jar:na]
	... 5 common frames omitted

2026-03-27T17:50:49.715+05:30  INFO 99702 --- [academic-service] [ngodb.net:27017] org.mongodb.driver.cluster               : Exception in monitor thread while connecting to server ac-3mufzp1-shard-00-02.4nosy2u.mongodb.net:27017

com.mongodb.MongoSocketWriteException: Exception sending message
	at com.mongodb.internal.connection.InternalStreamConnection.translateWriteException(InternalStreamConnection.java:714) ~[mongodb-driver-core-4.11.2.jar:na]
	at com.mongodb.internal.connection.InternalStreamConnection.sendMessage(InternalStreamConnection.java:587) ~[mongodb-driver-core-4.11.2.jar:na]
	at com.mongodb.internal.connection.InternalStreamConnection.sendCommandMessage(InternalStreamConnection.java:419) ~[mongodb-driver-core-4.11.2.jar:na]
	at com.mongodb.internal.connection.InternalStreamConnection.sendAndReceive(InternalStreamConnection.java:364) ~[mongodb-driver-core-4.11.2.jar:na]
	at com.mongodb.internal.connection.CommandHelper.sendAndReceive(CommandHelper.java:92) ~[mongodb-driver-core-4.11.2.jar:na]
	at com.mongodb.internal.connection.CommandHelper.executeCommand(CommandHelper.java:48) ~[mongodb-driver-core-4.11.2.jar:na]
	at com.mongodb.internal.connection.InternalStreamConnectionInitializer.initializeConnectionDescription(InternalStreamConnectionInitializer.java:130) ~[mongodb-driver-core-4.11.2.jar:na]
	at com.mongodb.internal.connection.InternalStreamConnectionInitializer.startHandshake(InternalStreamConnectionInitializer.java:78) ~[mongodb-driver-core-4.11.2.jar:na]
	at com.mongodb.internal.connection.InternalStreamConnection.open(InternalStreamConnection.java:213) ~[mongodb-driver-core-4.11.2.jar:na]
	at com.mongodb.internal.connection.DefaultServerMonitor$ServerMonitorRunnable.lookupServerDescription(DefaultServerMonitor.java:193) ~[mongodb-driver-core-4.11.2.jar:na]
	at com.mongodb.internal.connection.DefaultServerMonitor$ServerMonitorRunnable.run(DefaultServerMonitor.java:153) ~[mongodb-driver-core-4.11.2.jar:na]
	at java.base/java.lang.Thread.run(Thread.java:1583) ~[na:na]
Caused by: javax.net.ssl.SSLException: Received fatal alert: internal_error
	at java.base/sun.security.ssl.Alert.createSSLException(Alert.java:132) ~[na:na]
	at java.base/sun.security.ssl.Alert.createSSLException(Alert.java:117) ~[na:na]
	at java.base/sun.security.ssl.TransportContext.fatal(TransportContext.java:370) ~[na:na]
	at java.base/sun.security.ssl.Alert$AlertConsumer.consume(Alert.java:287) ~[na:na]
	at java.base/sun.security.ssl.TransportContext.dispatch(TransportContext.java:209) ~[na:na]
	at java.base/sun.security.ssl.SSLTransport.decode(SSLTransport.java:172) ~[na:na]
	at java.base/sun.security.ssl.SSLSocketImpl.decode(SSLSocketImpl.java:1506) ~[na:na]
	at java.base/sun.security.ssl.SSLSocketImpl.readHandshakeRecord(SSLSocketImpl.java:1421) ~[na:na]
	at java.base/sun.security.ssl.SSLSocketImpl.startHandshake(SSLSocketImpl.java:455) ~[na:na]
	at java.base/sun.security.ssl.SSLSocketImpl.ensureNegotiated(SSLSocketImpl.java:922) ~[na:na]
	at java.base/sun.security.ssl.SSLSocketImpl$AppOutputStream.write(SSLSocketImpl.java:1291) ~[na:na]
	at com.mongodb.internal.connection.SocketStream.write(SocketStream.java:164) ~[mongodb-driver-core-4.11.2.jar:na]
	at com.mongodb.internal.connection.InternalStreamConnection.sendMessage(InternalStreamConnection.java:584) ~[mongodb-driver-core-4.11.2.jar:na]
	... 10 common frames omitted

2026-03-27T17:50:56.644+05:30  INFO 99702 --- [academic-service] [ngodb.net:27017] org.mongodb.driver.cluster               : Exception in monitor thread while connecting to server ac-3mufzp1-shard-00-00.4nosy2u.mongodb.net:27017

com.mongodb.MongoSocketWriteException: Exception sending message
	at com.mongodb.internal.connection.InternalStreamConnection.translateWriteException(InternalStreamConnection.java:714) ~[mongodb-driver-core-4.11.2.jar:na]
	at com.mongodb.internal.connection.InternalStreamConnection.sendMessage(InternalStreamConnection.java:587) ~[mongodb-driver-core-4.11.2.jar:na]
	at com.mongodb.internal.connection.InternalStreamConnection.sendCommandMessage(InternalStreamConnection.java:419) ~[mongodb-driver-core-4.11.2.jar:na]
	at com.mongodb.internal.connection.InternalStreamConnection.sendAndReceive(InternalStreamConnection.java:364) ~[mongodb-driver-core-4.11.2.jar:na]
	at com.mongodb.internal.connection.CommandHelper.sendAndReceive(CommandHelper.java:92) ~[mongodb-driver-core-4.11.2.jar:na]
	at com.mongodb.internal.connection.CommandHelper.executeCommand(CommandHelper.java:48) ~[mongodb-driver-core-4.11.2.jar:na]
	at com.mongodb.internal.connection.InternalStreamConnectionInitializer.initializeConnectionDescription(InternalStreamConnectionInitializer.java:130) ~[mongodb-driver-core-4.11.2.jar:na]
	at com.mongodb.internal.connection.InternalStreamConnectionInitializer.startHandshake(InternalStreamConnectionInitializer.java:78) ~[mongodb-driver-core-4.11.2.jar:na]
	at com.mongodb.internal.connection.InternalStreamConnection.open(InternalStreamConnection.java:213) ~[mongodb-driver-core-4.11.2.jar:na]
	at com.mongodb.internal.connection.DefaultServerMonitor$ServerMonitorRunnable.lookupServerDescription(DefaultServerMonitor.java:193) ~[mongodb-driver-core-4.11.2.jar:na]
	at com.mongodb.internal.connection.DefaultServerMonitor$ServerMonitorRunnable.run(DefaultServerMonitor.java:153) ~[mongodb-driver-core-4.11.2.jar:na]
	at java.base/java.lang.Thread.run(Thread.java:1583) ~[na:na]
Caused by: javax.net.ssl.SSLException: Received fatal alert: internal_error
	at java.base/sun.security.ssl.Alert.createSSLException(Alert.java:132) ~[na:na]
	at java.base/sun.security.ssl.Alert.createSSLException(Alert.java:117) ~[na:na]
	at java.base/sun.security.ssl.TransportContext.fatal(TransportContext.java:370) ~[na:na]
	at java.base/sun.security.ssl.Alert$AlertConsumer.consume(Alert.java:287) ~[na:na]
	at java.base/sun.security.ssl.TransportContext.dispatch(TransportContext.java:209) ~[na:na]
	at java.base/sun.security.ssl.SSLTransport.decode(SSLTransport.java:172) ~[na:na]
	at java.base/sun.security.ssl.SSLSocketImpl.decode(SSLSocketImpl.java:1506) ~[na:na]
	at java.base/sun.security.ssl.SSLSocketImpl.readHandshakeRecord(SSLSocketImpl.java:1421) ~[na:na]
	at java.base/sun.security.ssl.SSLSocketImpl.startHandshake(SSLSocketImpl.java:455) ~[na:na]
	at java.base/sun.security.ssl.SSLSocketImpl.ensureNegotiated(SSLSocketImpl.java:922) ~[na:na]
	at java.base/sun.security.ssl.SSLSocketImpl$AppOutputStream.write(SSLSocketImpl.java:1291) ~[na:na]
	at com.mongodb.internal.connection.SocketStream.write(SocketStream.java:164) ~[mongodb-driver-core-4.11.2.jar:na]
	at com.mongodb.internal.connection.InternalStreamConnection.sendMessage(InternalStreamConnection.java:584) ~[mongodb-driver-core-4.11.2.jar:na]
	... 10 common frames omitted

2026-03-27T17:50:57.647+05:30  INFO 99702 --- [academic-service] [tbeatExecutor-0] com.netflix.discovery.DiscoveryClient    : DiscoveryClient_ACADEMIC-SERVICE/192.168.0.207:academic-service:8089 - Re-registering apps/ACADEMIC-SERVICE
2026-03-27T17:50:57.647+05:30  INFO 99702 --- [academic-service] [tbeatExecutor-0] com.netflix.discovery.DiscoveryClient    : DiscoveryClient_ACADEMIC-SERVICE/192.168.0.207:academic-service:8089: registering service...
2026-03-27T17:50:57.666+05:30  INFO 99702 --- [academic-service] [tbeatExecutor-0] com.netflix.discovery.DiscoveryClient    : DiscoveryClient_ACADEMIC-SERVICE/192.168.0.207:academic-service:8089 - registration status: 204
2026-03-27T17:50:57.855+05:30  INFO 99702 --- [academic-service] [ngodb.net:27017] org.mongodb.driver.cluster               : Exception in monitor thread while connecting to server ac-3mufzp1-shard-00-01.4nosy2u.mongodb.net:27017

com.mongodb.MongoSocketWriteException: Exception sending message
	at com.mongodb.internal.connection.InternalStreamConnection.translateWriteException(InternalStreamConnection.java:714) ~[mongodb-driver-core-4.11.2.jar:na]
	at com.mongodb.internal.connection.InternalStreamConnection.sendMessage(InternalStreamConnection.java:587) ~[mongodb-driver-core-4.11.2.jar:na]
	at com.mongodb.internal.connection.InternalStreamConnection.sendCommandMessage(InternalStreamConnection.java:419) ~[mongodb-driver-core-4.11.2.jar:na]
	at com.mongodb.internal.connection.InternalStreamConnection.sendAndReceive(InternalStreamConnection.java:364) ~[mongodb-driver-core-4.11.2.jar:na]
	at com.mongodb.internal.connection.CommandHelper.sendAndReceive(CommandHelper.java:92) ~[mongodb-driver-core-4.11.2.jar:na]
	at com.mongodb.internal.connection.CommandHelper.executeCommand(CommandHelper.java:48) ~[mongodb-driver-core-4.11.2.jar:na]
	at com.mongodb.internal.connection.InternalStreamConnectionInitializer.initializeConnectionDescription(InternalStreamConnectionInitializer.java:130) ~[mongodb-driver-core-4.11.2.jar:na]
	at com.mongodb.internal.connection.InternalStreamConnectionInitializer.startHandshake(InternalStreamConnectionInitializer.java:78) ~[mongodb-driver-core-4.11.2.jar:na]
	at com.mongodb.internal.connection.InternalStreamConnection.open(InternalStreamConnection.java:213) ~[mongodb-driver-core-4.11.2.jar:na]
	at com.mongodb.internal.connection.DefaultServerMonitor$ServerMonitorRunnable.lookupServerDescription(DefaultServerMonitor.java:193) ~[mongodb-driver-core-4.11.2.jar:na]
	at com.mongodb.internal.connection.DefaultServerMonitor$ServerMonitorRunnable.run(DefaultServerMonitor.java:153) ~[mongodb-driver-core-4.11.2.jar:na]
	at java.base/java.lang.Thread.run(Thread.java:1583) ~[na:na]
Caused by: javax.net.ssl.SSLException: Received fatal alert: internal_error
	at java.base/sun.security.ssl.Alert.createSSLException(Alert.java:132) ~[na:na]
	at java.base/sun.security.ssl.Alert.createSSLException(Alert.java:117) ~[na:na]
	at java.base/sun.security.ssl.TransportContext.fatal(TransportContext.java:370) ~[na:na]
	at java.base/sun.security.ssl.Alert$AlertConsumer.consume(Alert.java:287) ~[na:na]
	at java.base/sun.security.ssl.TransportContext.dispatch(TransportContext.java:209) ~[na:na]
	at java.base/sun.security.ssl.SSLTransport.decode(SSLTransport.java:172) ~[na:na]
	at java.base/sun.security.ssl.SSLSocketImpl.decode(SSLSocketImpl.java:1506) ~[na:na]
	at java.base/sun.security.ssl.SSLSocketImpl.readHandshakeRecord(SSLSocketImpl.java:1421) ~[na:na]
	at java.base/sun.security.ssl.SSLSocketImpl.startHandshake(SSLSocketImpl.java:455) ~[na:na]
	at java.base/sun.security.ssl.SSLSocketImpl.ensureNegotiated(SSLSocketImpl.java:922) ~[na:na]
	at java.base/sun.security.ssl.SSLSocketImpl$AppOutputStream.write(SSLSocketImpl.java:1291) ~[na:na]
	at com.mongodb.internal.connection.SocketStream.write(SocketStream.java:164) ~[mongodb-driver-core-4.11.2.jar:na]
	at com.mongodb.internal.connection.InternalStreamConnection.sendMessage(InternalStreamConnection.java:584) ~[mongodb-driver-core-4.11.2.jar:na]
	... 10 common frames omitted

2026-03-27T17:55:38.238+05:30  INFO 99702 --- [academic-service] [trap-executor-0] c.n.d.s.r.aws.ConfigClusterResolver      : Resolving eureka endpoints via configuration
2026-03-27T18:00:38.234+05:30  INFO 99702 --- [academic-service] [trap-executor-0] c.n.d.s.r.aws.ConfigClusterResolver      : Resolving eureka endpoints via configuration
2026-03-27T18:05:38.248+05:30  INFO 99702 --- [academic-service] [trap-executor-0] c.n.d.s.r.aws.ConfigClusterResolver      : Resolving eureka endpoints via configuration
2026-03-27T18:10:38.280+05:30  INFO 99702 --- [academic-service] [trap-executor-0] c.n.d.s.r.aws.ConfigClusterResolver      : Resolving eureka endpoints via configuration
2026-03-27T18:15:38.290+05:30  INFO 99702 --- [academic-service] [trap-executor-0] c.n.d.s.r.aws.ConfigClusterResolver      : Resolving eureka endpoints via configuration
2026-03-27T18:48:27.958+05:30  INFO 99702 --- [academic-service] [trap-executor-0] c.n.d.s.r.aws.ConfigClusterResolver      : Resolving eureka endpoints via configuration
2026-03-27T18:54:26.284+05:30  INFO 99702 --- [academic-service] [trap-executor-0] c.n.d.s.r.aws.ConfigClusterResolver      : Resolving eureka endpoints via configuration
2026-03-27T18:59:26.290+05:30  INFO 99702 --- [academic-service] [trap-executor-0] c.n.d.s.r.aws.ConfigClusterResolver      : Resolving eureka endpoints via configuration
2026-03-27T19:04:26.303+05:30  INFO 99702 --- [academic-service] [trap-executor-0] c.n.d.s.r.aws.ConfigClusterResolver      : Resolving eureka endpoints via configuration
2026-03-27T19:09:26.388+05:30  INFO 99702 --- [academic-service] [trap-executor-0] c.n.d.s.r.aws.ConfigClusterResolver      : Resolving eureka endpoints via configuration
2026-03-27T19:14:26.403+05:30  INFO 99702 --- [academic-service] [trap-executor-0] c.n.d.s.r.aws.ConfigClusterResolver      : Resolving eureka endpoints via configuration
2026-03-27T19:19:26.413+05:30  INFO 99702 --- [academic-service] [trap-executor-0] c.n.d.s.r.aws.ConfigClusterResolver      : Resolving eureka endpoints via configuration
2026-03-27T19:24:26.439+05:30  INFO 99702 --- [academic-service] [trap-executor-0] c.n.d.s.r.aws.ConfigClusterResolver      : Resolving eureka endpoints via configuration
2026-03-27T19:31:44.413+05:30  INFO 99702 --- [academic-service] [trap-executor-0] c.n.d.s.r.aws.ConfigClusterResolver      : Resolving eureka endpoints via configuration
2026-03-27T19:36:44.422+05:30  INFO 99702 --- [academic-service] [trap-executor-0] c.n.d.s.r.aws.ConfigClusterResolver      : Resolving eureka endpoints via configuration
2026-03-27T19:41:44.433+05:30  INFO 99702 --- [academic-service] [trap-executor-0] c.n.d.s.r.aws.ConfigClusterResolver      : Resolving eureka endpoints via configuration
2026-03-27T19:46:44.454+05:30  INFO 99702 --- [academic-service] [trap-executor-0] c.n.d.s.r.aws.ConfigClusterResolver      : Resolving eureka endpoints via configuration
2026-03-27T19:51:44.465+05:30  INFO 99702 --- [academic-service] [trap-executor-0] c.n.d.s.r.aws.ConfigClusterResolver      : Resolving eureka endpoints via configuration
2026-03-27T19:56:44.475+05:30  INFO 99702 --- [academic-service] [trap-executor-0] c.n.d.s.r.aws.ConfigClusterResolver      : Resolving eureka endpoints via configuration
2026-03-27T20:01:44.507+05:30  INFO 99702 --- [academic-service] [trap-executor-0] c.n.d.s.r.aws.ConfigClusterResolver      : Resolving eureka endpoints via configuration
2026-03-27T20:06:44.536+05:30  INFO 99702 --- [academic-service] [trap-executor-0] c.n.d.s.r.aws.ConfigClusterResolver      : Resolving eureka endpoints via configuration
2026-03-27T20:11:44.578+05:30  INFO 99702 --- [academic-service] [trap-executor-0] c.n.d.s.r.aws.ConfigClusterResolver      : Resolving eureka endpoints via configuration
2026-03-27T20:16:44.626+05:30  INFO 99702 --- [academic-service] [trap-executor-0] c.n.d.s.r.aws.ConfigClusterResolver      : Resolving eureka endpoints via configuration
2026-03-27T22:05:02.013+05:30  INFO 99702 --- [academic-service] [trap-executor-0] c.n.d.s.r.aws.ConfigClusterResolver      : Resolving eureka endpoints via configuration
2026-03-27T22:10:02.018+05:30  INFO 99702 --- [academic-service] [trap-executor-0] c.n.d.s.r.aws.ConfigClusterResolver      : Resolving eureka endpoints via configuration
2026-03-27T22:15:02.026+05:30  INFO 99702 --- [academic-service] [trap-executor-0] c.n.d.s.r.aws.ConfigClusterResolver      : Resolving eureka endpoints via configuration
2026-03-27T22:20:02.033+05:30  INFO 99702 --- [academic-service] [trap-executor-0] c.n.d.s.r.aws.ConfigClusterResolver      : Resolving eureka endpoints via configuration
2026-03-27T22:25:02.050+05:30  INFO 99702 --- [academic-service] [trap-executor-0] c.n.d.s.r.aws.ConfigClusterResolver      : Resolving eureka endpoints via configuration
2026-03-27T22:30:02.035+05:30  INFO 99702 --- [academic-service] [trap-executor-0] c.n.d.s.r.aws.ConfigClusterResolver      : Resolving eureka endpoints via configuration
2026-03-27T22:35:02.057+05:30  INFO 99702 --- [academic-service] [trap-executor-0] c.n.d.s.r.aws.ConfigClusterResolver      : Resolving eureka endpoints via configuration
2026-03-27T22:40:02.064+05:30  INFO 99702 --- [academic-service] [trap-executor-0] c.n.d.s.r.aws.ConfigClusterResolver      : Resolving eureka endpoints via configuration
2026-03-27T22:45:02.089+05:30  INFO 99702 --- [academic-service] [trap-executor-0] c.n.d.s.r.aws.ConfigClusterResolver      : Resolving eureka endpoints via configuration
2026-03-27T22:50:02.098+05:30  INFO 99702 --- [academic-service] [trap-executor-0] c.n.d.s.r.aws.ConfigClusterResolver      : Resolving eureka endpoints via configuration
2026-03-27T22:55:02.106+05:30  INFO 99702 --- [academic-service] [trap-executor-0] c.n.d.s.r.aws.ConfigClusterResolver      : Resolving eureka endpoints via configuration
2026-03-27T23:00:02.122+05:30  INFO 99702 --- [academic-service] [trap-executor-0] c.n.d.s.r.aws.ConfigClusterResolver      : Resolving eureka endpoints via configuration
2026-03-27T23:05:02.125+05:30  INFO 99702 --- [academic-service] [trap-executor-0] c.n.d.s.r.aws.ConfigClusterResolver      : Resolving eureka endpoints via configuration
2026-03-27T23:10:02.127+05:30  INFO 99702 --- [academic-service] [trap-executor-0] c.n.d.s.r.aws.ConfigClusterResolver      : Resolving eureka endpoints via configuration
2026-03-27T23:15:02.142+05:30  INFO 99702 --- [academic-service] [trap-executor-0] c.n.d.s.r.aws.ConfigClusterResolver      : Resolving eureka endpoints via configuration
2026-03-27T23:20:02.148+05:30  INFO 99702 --- [academic-service] [trap-executor-0] c.n.d.s.r.aws.ConfigClusterResolver      : Resolving eureka endpoints via configuration
2026-03-27T23:29:47.558+05:30  INFO 99702 --- [academic-service] [trap-executor-0] c.n.d.s.r.aws.ConfigClusterResolver      : Resolving eureka endpoints via configuration
2026-03-27T23:34:47.561+05:30  INFO 99702 --- [academic-service] [trap-executor-0] c.n.d.s.r.aws.ConfigClusterResolver      : Resolving eureka endpoints via configuration
2026-03-27T23:39:47.570+05:30  INFO 99702 --- [academic-service] [trap-executor-0] c.n.d.s.r.aws.ConfigClusterResolver      : Resolving eureka endpoints via configuration
2026-03-27T23:44:47.580+05:30  INFO 99702 --- [academic-service] [trap-executor-0] c.n.d.s.r.aws.ConfigClusterResolver      : Resolving eureka endpoints via configuration
2026-03-27T23:49:47.586+05:30  INFO 99702 --- [academic-service] [trap-executor-0] c.n.d.s.r.aws.ConfigClusterResolver      : Resolving eureka endpoints via configuration
2026-03-27T23:54:47.596+05:30  INFO 99702 --- [academic-service] [trap-executor-0] c.n.d.s.r.aws.ConfigClusterResolver      : Resolving eureka endpoints via configuration
2026-03-27T23:59:47.605+05:30  INFO 99702 --- [academic-service] [trap-executor-0] c.n.d.s.r.aws.ConfigClusterResolver      : Resolving eureka endpoints via configuration
2026-03-28T00:04:47.614+05:30  INFO 99702 --- [academic-service] [trap-executor-0] c.n.d.s.r.aws.ConfigClusterResolver      : Resolving eureka endpoints via configuration
2026-03-28T00:09:47.617+05:30  INFO 99702 --- [academic-service] [trap-executor-0] c.n.d.s.r.aws.ConfigClusterResolver      : Resolving eureka endpoints via configuration
2026-03-28T00:14:47.617+05:30  INFO 99702 --- [academic-service] [trap-executor-0] c.n.d.s.r.aws.ConfigClusterResolver      : Resolving eureka endpoints via configuration
2026-03-28T00:19:47.618+05:30  INFO 99702 --- [academic-service] [trap-executor-0] c.n.d.s.r.aws.ConfigClusterResolver      : Resolving eureka endpoints via configuration
2026-03-28T00:24:47.618+05:30  INFO 99702 --- [academic-service] [trap-executor-0] c.n.d.s.r.aws.ConfigClusterResolver      : Resolving eureka endpoints via configuration
2026-03-28T00:29:47.601+05:30  INFO 99702 --- [academic-service] [trap-executor-0] c.n.d.s.r.aws.ConfigClusterResolver      : Resolving eureka endpoints via configuration
2026-03-28T00:34:47.599+05:30  INFO 99702 --- [academic-service] [trap-executor-0] c.n.d.s.r.aws.ConfigClusterResolver      : Resolving eureka endpoints via configuration
2026-03-28T00:39:47.603+05:30  INFO 99702 --- [academic-service] [trap-executor-0] c.n.d.s.r.aws.ConfigClusterResolver      : Resolving eureka endpoints via configuration
2026-03-28T00:44:47.606+05:30  INFO 99702 --- [academic-service] [trap-executor-0] c.n.d.s.r.aws.ConfigClusterResolver      : Resolving eureka endpoints via configuration
2026-03-28T00:49:47.604+05:30  INFO 99702 --- [academic-service] [trap-executor-0] c.n.d.s.r.aws.ConfigClusterResolver      : Resolving eureka endpoints via configuration
2026-03-28T00:54:47.604+05:30  INFO 99702 --- [academic-service] [trap-executor-0] c.n.d.s.r.aws.ConfigClusterResolver      : Resolving eureka endpoints via configuration
2026-03-28T00:59:47.606+05:30  INFO 99702 --- [academic-service] [trap-executor-0] c.n.d.s.r.aws.ConfigClusterResolver      : Resolving eureka endpoints via configuration
2026-03-28T01:04:47.608+05:30  INFO 99702 --- [academic-service] [trap-executor-0] c.n.d.s.r.aws.ConfigClusterResolver      : Resolving eureka endpoints via configuration
2026-03-28T01:09:47.606+05:30  INFO 99702 --- [academic-service] [trap-executor-0] c.n.d.s.r.aws.ConfigClusterResolver      : Resolving eureka endpoints via configuration
2026-03-28T01:14:47.602+05:30  INFO 99702 --- [academic-service] [trap-executor-0] c.n.d.s.r.aws.ConfigClusterResolver      : Resolving eureka endpoints via configuration
2026-03-28T01:19:47.602+05:30  INFO 99702 --- [academic-service] [trap-executor-0] c.n.d.s.r.aws.ConfigClusterResolver      : Resolving eureka endpoints via configuration
2026-03-28T03:00:03.918+05:30  INFO 99702 --- [academic-service] [trap-executor-0] c.n.d.s.r.aws.ConfigClusterResolver      : Resolving eureka endpoints via configuration
2026-03-28T06:27:55.499+05:30  INFO 99702 --- [academic-service] [trap-executor-0] c.n.d.s.r.aws.ConfigClusterResolver      : Resolving eureka endpoints via configuration
2026-03-28T08:57:54.245+05:30  INFO 99702 --- [academic-service] [trap-executor-0] c.n.d.s.r.aws.ConfigClusterResolver      : Resolving eureka endpoints via configuration
2026-03-28T08:57:55.141+05:30  INFO 99702 --- [academic-service] [ngodb.net:27017] org.mongodb.driver.cluster               : Exception in monitor thread while connecting to server ac-3mufzp1-shard-00-02.4nosy2u.mongodb.net:27017

com.mongodb.MongoSocketOpenException: Exception opening socket
	at com.mongodb.internal.connection.SocketStream.lambda$open$0(SocketStream.java:84) ~[mongodb-driver-core-4.11.2.jar:na]
	at java.base/java.util.Optional.orElseThrow(Optional.java:403) ~[na:na]
	at com.mongodb.internal.connection.SocketStream.open(SocketStream.java:84) ~[mongodb-driver-core-4.11.2.jar:na]
	at com.mongodb.internal.connection.InternalStreamConnection.open(InternalStreamConnection.java:211) ~[mongodb-driver-core-4.11.2.jar:na]
	at com.mongodb.internal.connection.DefaultServerMonitor$ServerMonitorRunnable.lookupServerDescription(DefaultServerMonitor.java:193) ~[mongodb-driver-core-4.11.2.jar:na]
	at com.mongodb.internal.connection.DefaultServerMonitor$ServerMonitorRunnable.run(DefaultServerMonitor.java:153) ~[mongodb-driver-core-4.11.2.jar:na]
	at java.base/java.lang.Thread.run(Thread.java:1583) ~[na:na]
Caused by: java.net.SocketException: Network is unreachable
	at java.base/sun.nio.ch.Net.connect0(Native Method) ~[na:na]
	at java.base/sun.nio.ch.Net.connect(Net.java:589) ~[na:na]
	at java.base/sun.nio.ch.Net.connect(Net.java:578) ~[na:na]
	at java.base/sun.nio.ch.NioSocketImpl.connect(NioSocketImpl.java:583) ~[na:na]
	at java.base/java.net.SocksSocketImpl.connect(SocksSocketImpl.java:327) ~[na:na]
	at java.base/java.net.Socket.connect(Socket.java:751) ~[na:na]
	at java.base/sun.security.ssl.SSLSocketImpl.connect(SSLSocketImpl.java:304) ~[na:na]
	at com.mongodb.internal.connection.SocketStreamHelper.initialize(SocketStreamHelper.java:76) ~[mongodb-driver-core-4.11.2.jar:na]
	at com.mongodb.internal.connection.SocketStream.initializeSocket(SocketStream.java:104) ~[mongodb-driver-core-4.11.2.jar:na]
	at com.mongodb.internal.connection.SocketStream.open(SocketStream.java:78) ~[mongodb-driver-core-4.11.2.jar:na]
	... 4 common frames omitted

2026-03-28T08:57:58.813+05:30  INFO 99702 --- [academic-service] [ngodb.net:27017] org.mongodb.driver.cluster               : Exception in monitor thread while connecting to server ac-3mufzp1-shard-00-00.4nosy2u.mongodb.net:27017

com.mongodb.MongoSocketOpenException: Exception opening socket
	at com.mongodb.internal.connection.SocketStream.lambda$open$0(SocketStream.java:84) ~[mongodb-driver-core-4.11.2.jar:na]
	at java.base/java.util.Optional.orElseThrow(Optional.java:403) ~[na:na]
	at com.mongodb.internal.connection.SocketStream.open(SocketStream.java:84) ~[mongodb-driver-core-4.11.2.jar:na]
	at com.mongodb.internal.connection.InternalStreamConnection.open(InternalStreamConnection.java:211) ~[mongodb-driver-core-4.11.2.jar:na]
	at com.mongodb.internal.connection.DefaultServerMonitor$ServerMonitorRunnable.lookupServerDescription(DefaultServerMonitor.java:193) ~[mongodb-driver-core-4.11.2.jar:na]
	at com.mongodb.internal.connection.DefaultServerMonitor$ServerMonitorRunnable.run(DefaultServerMonitor.java:153) ~[mongodb-driver-core-4.11.2.jar:na]
	at java.base/java.lang.Thread.run(Thread.java:1583) ~[na:na]
Caused by: java.net.SocketException: Network is unreachable
	at java.base/sun.nio.ch.Net.connect0(Native Method) ~[na:na]
	at java.base/sun.nio.ch.Net.connect(Net.java:589) ~[na:na]
	at java.base/sun.nio.ch.Net.connect(Net.java:578) ~[na:na]
	at java.base/sun.nio.ch.NioSocketImpl.connect(NioSocketImpl.java:583) ~[na:na]
	at java.base/java.net.SocksSocketImpl.connect(SocksSocketImpl.java:327) ~[na:na]
	at java.base/java.net.Socket.connect(Socket.java:751) ~[na:na]
	at java.base/sun.security.ssl.SSLSocketImpl.connect(SSLSocketImpl.java:304) ~[na:na]
	at com.mongodb.internal.connection.SocketStreamHelper.initialize(SocketStreamHelper.java:76) ~[mongodb-driver-core-4.11.2.jar:na]
	at com.mongodb.internal.connection.SocketStream.initializeSocket(SocketStream.java:104) ~[mongodb-driver-core-4.11.2.jar:na]
	at com.mongodb.internal.connection.SocketStream.open(SocketStream.java:78) ~[mongodb-driver-core-4.11.2.jar:na]
	... 4 common frames omitted

2026-03-28T08:57:59.639+05:30  INFO 99702 --- [academic-service] [ngodb.net:27017] org.mongodb.driver.cluster               : Exception in monitor thread while connecting to server ac-3mufzp1-shard-00-01.4nosy2u.mongodb.net:27017

com.mongodb.MongoSocketOpenException: Exception opening socket
	at com.mongodb.internal.connection.SocketStream.lambda$open$0(SocketStream.java:84) ~[mongodb-driver-core-4.11.2.jar:na]
	at java.base/java.util.Optional.orElseThrow(Optional.java:403) ~[na:na]
	at com.mongodb.internal.connection.SocketStream.open(SocketStream.java:84) ~[mongodb-driver-core-4.11.2.jar:na]
	at com.mongodb.internal.connection.InternalStreamConnection.open(InternalStreamConnection.java:211) ~[mongodb-driver-core-4.11.2.jar:na]
	at com.mongodb.internal.connection.DefaultServerMonitor$ServerMonitorRunnable.lookupServerDescription(DefaultServerMonitor.java:193) ~[mongodb-driver-core-4.11.2.jar:na]
	at com.mongodb.internal.connection.DefaultServerMonitor$ServerMonitorRunnable.run(DefaultServerMonitor.java:153) ~[mongodb-driver-core-4.11.2.jar:na]
	at java.base/java.lang.Thread.run(Thread.java:1583) ~[na:na]
Caused by: java.net.SocketException: Network is unreachable
	at java.base/sun.nio.ch.Net.connect0(Native Method) ~[na:na]
	at java.base/sun.nio.ch.Net.connect(Net.java:589) ~[na:na]
	at java.base/sun.nio.ch.Net.connect(Net.java:578) ~[na:na]
	at java.base/sun.nio.ch.NioSocketImpl.connect(NioSocketImpl.java:583) ~[na:na]
	at java.base/java.net.SocksSocketImpl.connect(SocksSocketImpl.java:327) ~[na:na]
	at java.base/java.net.Socket.connect(Socket.java:751) ~[na:na]
	at java.base/sun.security.ssl.SSLSocketImpl.connect(SSLSocketImpl.java:304) ~[na:na]
	at com.mongodb.internal.connection.SocketStreamHelper.initialize(SocketStreamHelper.java:76) ~[mongodb-driver-core-4.11.2.jar:na]
	at com.mongodb.internal.connection.SocketStream.initializeSocket(SocketStream.java:104) ~[mongodb-driver-core-4.11.2.jar:na]
	at com.mongodb.internal.connection.SocketStream.open(SocketStream.java:78) ~[mongodb-driver-core-4.11.2.jar:na]
	... 4 common frames omitted

2026-03-28T09:13:26.872+05:30  INFO 99702 --- [academic-service] [ngodb.net:27017] org.mongodb.driver.cluster               : Monitor thread successfully connected to server with description ServerDescription{address=ac-3mufzp1-shard-00-02.4nosy2u.mongodb.net:27017, type=REPLICA_SET_SECONDARY, state=CONNECTED, ok=true, minWireVersion=0, maxWireVersion=25, maxDocumentSize=16777216, logicalSessionTimeoutMinutes=30, roundTripTimeNanos=118982792, setName='atlas-hy5sqn-shard-0', canonicalAddress=ac-3mufzp1-shard-00-02.4nosy2u.mongodb.net:27017, hosts=[ac-3mufzp1-shard-00-00.4nosy2u.mongodb.net:27017, ac-3mufzp1-shard-00-02.4nosy2u.mongodb.net:27017, ac-3mufzp1-shard-00-01.4nosy2u.mongodb.net:27017], passives=[], arbiters=[], primary='ac-3mufzp1-shard-00-01.4nosy2u.mongodb.net:27017', tagSet=TagSet{[Tag{name='availabilityZone', value='aps1-az2'}, Tag{name='diskState', value='READY'}, Tag{name='nodeType', value='ELECTABLE'}, Tag{name='provider', value='AWS'}, Tag{name='region', value='AP_SOUTH_1'}, Tag{name='workloadType', value='OPERATIONAL'}]}, electionId=null, setVersion=46, topologyVersion=TopologyVersion{processId=69b31436cf980eb974c6b7c1, counter=3}, lastWriteDate=Sat Mar 28 09:13:26 IST 2026, lastUpdateTimeNanos=195251130465166}
2026-03-28T09:13:30.293+05:30  INFO 99702 --- [academic-service] [ngodb.net:27017] org.mongodb.driver.cluster               : Monitor thread successfully connected to server with description ServerDescription{address=ac-3mufzp1-shard-00-00.4nosy2u.mongodb.net:27017, type=REPLICA_SET_SECONDARY, state=CONNECTED, ok=true, minWireVersion=0, maxWireVersion=25, maxDocumentSize=16777216, logicalSessionTimeoutMinutes=30, roundTripTimeNanos=84457167, setName='atlas-hy5sqn-shard-0', canonicalAddress=ac-3mufzp1-shard-00-00.4nosy2u.mongodb.net:27017, hosts=[ac-3mufzp1-shard-00-00.4nosy2u.mongodb.net:27017, ac-3mufzp1-shard-00-02.4nosy2u.mongodb.net:27017, ac-3mufzp1-shard-00-01.4nosy2u.mongodb.net:27017], passives=[], arbiters=[], primary='ac-3mufzp1-shard-00-01.4nosy2u.mongodb.net:27017', tagSet=TagSet{[Tag{name='availabilityZone', value='aps1-az1'}, Tag{name='diskState', value='READY'}, Tag{name='nodeType', value='ELECTABLE'}, Tag{name='provider', value='AWS'}, Tag{name='region', value='AP_SOUTH_1'}, Tag{name='workloadType', value='OPERATIONAL'}]}, electionId=null, setVersion=46, topologyVersion=TopologyVersion{processId=69b30edff67384ce6d9efce1, counter=4}, lastWriteDate=Sat Mar 28 09:13:30 IST 2026, lastUpdateTimeNanos=195254552203791}
2026-03-28T09:13:31.136+05:30  INFO 99702 --- [academic-service] [ngodb.net:27017] org.mongodb.driver.cluster               : Monitor thread successfully connected to server with description ServerDescription{address=ac-3mufzp1-shard-00-01.4nosy2u.mongodb.net:27017, type=REPLICA_SET_PRIMARY, state=CONNECTED, ok=true, minWireVersion=0, maxWireVersion=25, maxDocumentSize=16777216, logicalSessionTimeoutMinutes=30, roundTripTimeNanos=87109917, setName='atlas-hy5sqn-shard-0', canonicalAddress=ac-3mufzp1-shard-00-01.4nosy2u.mongodb.net:27017, hosts=[ac-3mufzp1-shard-00-00.4nosy2u.mongodb.net:27017, ac-3mufzp1-shard-00-02.4nosy2u.mongodb.net:27017, ac-3mufzp1-shard-00-01.4nosy2u.mongodb.net:27017], passives=[], arbiters=[], primary='ac-3mufzp1-shard-00-01.4nosy2u.mongodb.net:27017', tagSet=TagSet{[Tag{name='availabilityZone', value='aps1-az3'}, Tag{name='diskState', value='READY'}, Tag{name='nodeType', value='ELECTABLE'}, Tag{name='provider', value='AWS'}, Tag{name='region', value='AP_SOUTH_1'}, Tag{name='workloadType', value='OPERATIONAL'}]}, electionId=7fffffff00000000000000ca, setVersion=46, topologyVersion=TopologyVersion{processId=69b311797648454b51f7c7a8, counter=6}, lastWriteDate=Sat Mar 28 09:13:31 IST 2026, lastUpdateTimeNanos=195255395836708}
2026-03-28T09:13:31.136+05:30  INFO 99702 --- [academic-service] [ngodb.net:27017] org.mongodb.driver.cluster               : Discovered replica set primary ac-3mufzp1-shard-00-01.4nosy2u.mongodb.net:27017 with max election id 7fffffff00000000000000ca and max set version 46
2026-03-28T09:18:23.964+05:30  INFO 99702 --- [academic-service] [trap-executor-0] c.n.d.s.r.aws.ConfigClusterResolver      : Resolving eureka endpoints via configuration
2026-03-28T09:23:23.959+05:30  INFO 99702 --- [academic-service] [trap-executor-0] c.n.d.s.r.aws.ConfigClusterResolver      : Resolving eureka endpoints via configuration
2026-03-28T09:28:23.975+05:30  INFO 99702 --- [academic-service] [trap-executor-0] c.n.d.s.r.aws.ConfigClusterResolver      : Resolving eureka endpoints via configuration
2026-03-28T09:33:23.932+05:30  INFO 99702 --- [academic-service] [trap-executor-0] c.n.d.s.r.aws.ConfigClusterResolver      : Resolving eureka endpoints via configuration
2026-03-28T09:38:23.928+05:30  INFO 99702 --- [academic-service] [trap-executor-0] c.n.d.s.r.aws.ConfigClusterResolver      : Resolving eureka endpoints via configuration
2026-03-28T09:43:23.920+05:30  INFO 99702 --- [academic-service] [trap-executor-0] c.n.d.s.r.aws.ConfigClusterResolver      : Resolving eureka endpoints via configuration
2026-03-28T09:48:23.885+05:30  INFO 99702 --- [academic-service] [trap-executor-0] c.n.d.s.r.aws.ConfigClusterResolver      : Resolving eureka endpoints via configuration
2026-03-28T09:53:23.878+05:30  INFO 99702 --- [academic-service] [trap-executor-0] c.n.d.s.r.aws.ConfigClusterResolver      : Resolving eureka endpoints via configuration
2026-03-28T09:58:23.874+05:30  INFO 99702 --- [academic-service] [trap-executor-0] c.n.d.s.r.aws.ConfigClusterResolver      : Resolving eureka endpoints via configuration
2026-03-28T10:03:23.911+05:30  INFO 99702 --- [academic-service] [trap-executor-0] c.n.d.s.r.aws.ConfigClusterResolver      : Resolving eureka endpoints via configuration
2026-03-28T10:05:30.897+05:30  INFO 99702 --- [academic-service] [ngodb.net:27017] org.mongodb.driver.cluster               : Exception in monitor thread while connecting to server ac-3mufzp1-shard-00-00.4nosy2u.mongodb.net:27017

com.mongodb.MongoSocketReadTimeoutException: Timeout while receiving message
	at com.mongodb.internal.connection.InternalStreamConnection.translateReadException(InternalStreamConnection.java:728) ~[mongodb-driver-core-4.11.2.jar:na]
	at com.mongodb.internal.connection.InternalStreamConnection.receiveMessageWithAdditionalTimeout(InternalStreamConnection.java:606) ~[mongodb-driver-core-4.11.2.jar:na]
	at com.mongodb.internal.connection.InternalStreamConnection.receiveCommandMessageResponse(InternalStreamConnection.java:451) ~[mongodb-driver-core-4.11.2.jar:na]
	at com.mongodb.internal.connection.InternalStreamConnection.receive(InternalStreamConnection.java:404) ~[mongodb-driver-core-4.11.2.jar:na]
	at com.mongodb.internal.connection.DefaultServerMonitor$ServerMonitorRunnable.lookupServerDescription(DefaultServerMonitor.java:221) ~[mongodb-driver-core-4.11.2.jar:na]
	at com.mongodb.internal.connection.DefaultServerMonitor$ServerMonitorRunnable.run(DefaultServerMonitor.java:153) ~[mongodb-driver-core-4.11.2.jar:na]
	at java.base/java.lang.Thread.run(Thread.java:1583) ~[na:na]
Caused by: java.net.SocketTimeoutException: Read timed out
	at java.base/sun.nio.ch.NioSocketImpl.timedRead(NioSocketImpl.java:278) ~[na:na]
	at java.base/sun.nio.ch.NioSocketImpl.implRead(NioSocketImpl.java:304) ~[na:na]
	at java.base/sun.nio.ch.NioSocketImpl.read(NioSocketImpl.java:346) ~[na:na]
	at java.base/sun.nio.ch.NioSocketImpl$1.read(NioSocketImpl.java:796) ~[na:na]
	at java.base/java.net.Socket$SocketInputStream.read(Socket.java:1099) ~[na:na]
	at java.base/sun.security.ssl.SSLSocketInputRecord.read(SSLSocketInputRecord.java:489) ~[na:na]
	at java.base/sun.security.ssl.SSLSocketInputRecord.readHeader(SSLSocketInputRecord.java:483) ~[na:na]
	at java.base/sun.security.ssl.SSLSocketInputRecord.bytesInCompletePacket(SSLSocketInputRecord.java:70) ~[na:na]
	at java.base/sun.security.ssl.SSLSocketImpl.readApplicationRecord(SSLSocketImpl.java:1461) ~[na:na]
	at java.base/sun.security.ssl.SSLSocketImpl$AppInputStream.read(SSLSocketImpl.java:1066) ~[na:na]
	at com.mongodb.internal.connection.SocketStream.read(SocketStream.java:175) ~[mongodb-driver-core-4.11.2.jar:na]
	at com.mongodb.internal.connection.SocketStream.read(SocketStream.java:200) ~[mongodb-driver-core-4.11.2.jar:na]
	at com.mongodb.internal.connection.InternalStreamConnection.receiveResponseBuffers(InternalStreamConnection.java:739) ~[mongodb-driver-core-4.11.2.jar:na]
	at com.mongodb.internal.connection.InternalStreamConnection.receiveMessageWithAdditionalTimeout(InternalStreamConnection.java:603) ~[mongodb-driver-core-4.11.2.jar:na]
	... 5 common frames omitted

2026-03-28T10:05:30.929+05:30  INFO 99702 --- [academic-service] [ngodb.net:27017] org.mongodb.driver.cluster               : Exception in monitor thread while connecting to server ac-3mufzp1-shard-00-01.4nosy2u.mongodb.net:27017

com.mongodb.MongoSocketReadTimeoutException: Timeout while receiving message
	at com.mongodb.internal.connection.InternalStreamConnection.translateReadException(InternalStreamConnection.java:728) ~[mongodb-driver-core-4.11.2.jar:na]
	at com.mongodb.internal.connection.InternalStreamConnection.receiveMessageWithAdditionalTimeout(InternalStreamConnection.java:606) ~[mongodb-driver-core-4.11.2.jar:na]
	at com.mongodb.internal.connection.InternalStreamConnection.receiveCommandMessageResponse(InternalStreamConnection.java:451) ~[mongodb-driver-core-4.11.2.jar:na]
	at com.mongodb.internal.connection.InternalStreamConnection.receive(InternalStreamConnection.java:404) ~[mongodb-driver-core-4.11.2.jar:na]
	at com.mongodb.internal.connection.DefaultServerMonitor$ServerMonitorRunnable.lookupServerDescription(DefaultServerMonitor.java:221) ~[mongodb-driver-core-4.11.2.jar:na]
	at com.mongodb.internal.connection.DefaultServerMonitor$ServerMonitorRunnable.run(DefaultServerMonitor.java:153) ~[mongodb-driver-core-4.11.2.jar:na]
	at java.base/java.lang.Thread.run(Thread.java:1583) ~[na:na]
Caused by: java.net.SocketTimeoutException: Read timed out
	at java.base/sun.nio.ch.NioSocketImpl.timedRead(NioSocketImpl.java:278) ~[na:na]
	at java.base/sun.nio.ch.NioSocketImpl.implRead(NioSocketImpl.java:304) ~[na:na]
	at java.base/sun.nio.ch.NioSocketImpl.read(NioSocketImpl.java:346) ~[na:na]
	at java.base/sun.nio.ch.NioSocketImpl$1.read(NioSocketImpl.java:796) ~[na:na]
	at java.base/java.net.Socket$SocketInputStream.read(Socket.java:1099) ~[na:na]
	at java.base/sun.security.ssl.SSLSocketInputRecord.read(SSLSocketInputRecord.java:489) ~[na:na]
	at java.base/sun.security.ssl.SSLSocketInputRecord.readHeader(SSLSocketInputRecord.java:483) ~[na:na]
	at java.base/sun.security.ssl.SSLSocketInputRecord.bytesInCompletePacket(SSLSocketInputRecord.java:70) ~[na:na]
	at java.base/sun.security.ssl.SSLSocketImpl.readApplicationRecord(SSLSocketImpl.java:1461) ~[na:na]
	at java.base/sun.security.ssl.SSLSocketImpl$AppInputStream.read(SSLSocketImpl.java:1066) ~[na:na]
	at com.mongodb.internal.connection.SocketStream.read(SocketStream.java:175) ~[mongodb-driver-core-4.11.2.jar:na]
	at com.mongodb.internal.connection.SocketStream.read(SocketStream.java:200) ~[mongodb-driver-core-4.11.2.jar:na]
	at com.mongodb.internal.connection.InternalStreamConnection.receiveResponseBuffers(InternalStreamConnection.java:739) ~[mongodb-driver-core-4.11.2.jar:na]
	at com.mongodb.internal.connection.InternalStreamConnection.receiveMessageWithAdditionalTimeout(InternalStreamConnection.java:603) ~[mongodb-driver-core-4.11.2.jar:na]
	... 5 common frames omitted

2026-03-28T10:05:31.059+05:30  INFO 99702 --- [academic-service] [ngodb.net:27017] org.mongodb.driver.cluster               : Monitor thread successfully connected to server with description ServerDescription{address=ac-3mufzp1-shard-00-00.4nosy2u.mongodb.net:27017, type=REPLICA_SET_SECONDARY, state=CONNECTED, ok=true, minWireVersion=0, maxWireVersion=25, maxDocumentSize=16777216, logicalSessionTimeoutMinutes=30, roundTripTimeNanos=58746292, setName='atlas-hy5sqn-shard-0', canonicalAddress=ac-3mufzp1-shard-00-00.4nosy2u.mongodb.net:27017, hosts=[ac-3mufzp1-shard-00-00.4nosy2u.mongodb.net:27017, ac-3mufzp1-shard-00-02.4nosy2u.mongodb.net:27017, ac-3mufzp1-shard-00-01.4nosy2u.mongodb.net:27017], passives=[], arbiters=[], primary='ac-3mufzp1-shard-00-01.4nosy2u.mongodb.net:27017', tagSet=TagSet{[Tag{name='availabilityZone', value='aps1-az1'}, Tag{name='diskState', value='READY'}, Tag{name='nodeType', value='ELECTABLE'}, Tag{name='provider', value='AWS'}, Tag{name='region', value='AP_SOUTH_1'}, Tag{name='workloadType', value='OPERATIONAL'}]}, electionId=null, setVersion=46, topologyVersion=TopologyVersion{processId=69b30edff67384ce6d9efce1, counter=4}, lastWriteDate=Sat Mar 28 10:05:31 IST 2026, lastUpdateTimeNanos=198258825164833}
2026-03-28T10:05:31.059+05:30  INFO 99702 --- [academic-service] [ngodb.net:27017] org.mongodb.driver.cluster               : Monitor thread successfully connected to server with description ServerDescription{address=ac-3mufzp1-shard-00-01.4nosy2u.mongodb.net:27017, type=REPLICA_SET_PRIMARY, state=CONNECTED, ok=true, minWireVersion=0, maxWireVersion=25, maxDocumentSize=16777216, logicalSessionTimeoutMinutes=30, roundTripTimeNanos=54505833, setName='atlas-hy5sqn-shard-0', canonicalAddress=ac-3mufzp1-shard-00-01.4nosy2u.mongodb.net:27017, hosts=[ac-3mufzp1-shard-00-00.4nosy2u.mongodb.net:27017, ac-3mufzp1-shard-00-02.4nosy2u.mongodb.net:27017, ac-3mufzp1-shard-00-01.4nosy2u.mongodb.net:27017], passives=[], arbiters=[], primary='ac-3mufzp1-shard-00-01.4nosy2u.mongodb.net:27017', tagSet=TagSet{[Tag{name='availabilityZone', value='aps1-az3'}, Tag{name='diskState', value='READY'}, Tag{name='nodeType', value='ELECTABLE'}, Tag{name='provider', value='AWS'}, Tag{name='region', value='AP_SOUTH_1'}, Tag{name='workloadType', value='OPERATIONAL'}]}, electionId=7fffffff00000000000000ca, setVersion=46, topologyVersion=TopologyVersion{processId=69b311797648454b51f7c7a8, counter=6}, lastWriteDate=Sat Mar 28 10:05:31 IST 2026, lastUpdateTimeNanos=198258825163791}
2026-03-28T10:05:31.060+05:30  INFO 99702 --- [academic-service] [ngodb.net:27017] org.mongodb.driver.cluster               : Discovered replica set primary ac-3mufzp1-shard-00-01.4nosy2u.mongodb.net:27017 with max election id 7fffffff00000000000000ca and max set version 46
2026-03-28T10:05:37.501+05:30  INFO 99702 --- [academic-service] [ngodb.net:27017] org.mongodb.driver.cluster               : Exception in monitor thread while connecting to server ac-3mufzp1-shard-00-02.4nosy2u.mongodb.net:27017

com.mongodb.MongoSocketReadTimeoutException: Timeout while receiving message
	at com.mongodb.internal.connection.InternalStreamConnection.translateReadException(InternalStreamConnection.java:728) ~[mongodb-driver-core-4.11.2.jar:na]
	at com.mongodb.internal.connection.InternalStreamConnection.receiveMessageWithAdditionalTimeout(InternalStreamConnection.java:606) ~[mongodb-driver-core-4.11.2.jar:na]
	at com.mongodb.internal.connection.InternalStreamConnection.receiveCommandMessageResponse(InternalStreamConnection.java:451) ~[mongodb-driver-core-4.11.2.jar:na]
	at com.mongodb.internal.connection.InternalStreamConnection.receive(InternalStreamConnection.java:404) ~[mongodb-driver-core-4.11.2.jar:na]
	at com.mongodb.internal.connection.DefaultServerMonitor$ServerMonitorRunnable.lookupServerDescription(DefaultServerMonitor.java:221) ~[mongodb-driver-core-4.11.2.jar:na]
	at com.mongodb.internal.connection.DefaultServerMonitor$ServerMonitorRunnable.run(DefaultServerMonitor.java:153) ~[mongodb-driver-core-4.11.2.jar:na]
	at java.base/java.lang.Thread.run(Thread.java:1583) ~[na:na]
Caused by: java.net.SocketTimeoutException: Read timed out
	at java.base/sun.nio.ch.NioSocketImpl.timedRead(NioSocketImpl.java:278) ~[na:na]
	at java.base/sun.nio.ch.NioSocketImpl.implRead(NioSocketImpl.java:304) ~[na:na]
	at java.base/sun.nio.ch.NioSocketImpl.read(NioSocketImpl.java:346) ~[na:na]
	at java.base/sun.nio.ch.NioSocketImpl$1.read(NioSocketImpl.java:796) ~[na:na]
	at java.base/java.net.Socket$SocketInputStream.read(Socket.java:1099) ~[na:na]
	at java.base/sun.security.ssl.SSLSocketInputRecord.read(SSLSocketInputRecord.java:489) ~[na:na]
	at java.base/sun.security.ssl.SSLSocketInputRecord.readHeader(SSLSocketInputRecord.java:483) ~[na:na]
	at java.base/sun.security.ssl.SSLSocketInputRecord.bytesInCompletePacket(SSLSocketInputRecord.java:70) ~[na:na]
	at java.base/sun.security.ssl.SSLSocketImpl.readApplicationRecord(SSLSocketImpl.java:1461) ~[na:na]
	at java.base/sun.security.ssl.SSLSocketImpl$AppInputStream.read(SSLSocketImpl.java:1066) ~[na:na]
	at com.mongodb.internal.connection.SocketStream.read(SocketStream.java:175) ~[mongodb-driver-core-4.11.2.jar:na]
	at com.mongodb.internal.connection.SocketStream.read(SocketStream.java:200) ~[mongodb-driver-core-4.11.2.jar:na]
	at com.mongodb.internal.connection.InternalStreamConnection.receiveResponseBuffers(InternalStreamConnection.java:739) ~[mongodb-driver-core-4.11.2.jar:na]
	at com.mongodb.internal.connection.InternalStreamConnection.receiveMessageWithAdditionalTimeout(InternalStreamConnection.java:603) ~[mongodb-driver-core-4.11.2.jar:na]
	... 5 common frames omitted

2026-03-28T10:05:37.883+05:30  INFO 99702 --- [academic-service] [ngodb.net:27017] org.mongodb.driver.cluster               : Monitor thread successfully connected to server with description ServerDescription{address=ac-3mufzp1-shard-00-02.4nosy2u.mongodb.net:27017, type=REPLICA_SET_SECONDARY, state=CONNECTED, ok=true, minWireVersion=0, maxWireVersion=25, maxDocumentSize=16777216, logicalSessionTimeoutMinutes=30, roundTripTimeNanos=179395000, setName='atlas-hy5sqn-shard-0', canonicalAddress=ac-3mufzp1-shard-00-02.4nosy2u.mongodb.net:27017, hosts=[ac-3mufzp1-shard-00-00.4nosy2u.mongodb.net:27017, ac-3mufzp1-shard-00-02.4nosy2u.mongodb.net:27017, ac-3mufzp1-shard-00-01.4nosy2u.mongodb.net:27017], passives=[], arbiters=[], primary='ac-3mufzp1-shard-00-01.4nosy2u.mongodb.net:27017', tagSet=TagSet{[Tag{name='availabilityZone', value='aps1-az2'}, Tag{name='diskState', value='READY'}, Tag{name='nodeType', value='ELECTABLE'}, Tag{name='provider', value='AWS'}, Tag{name='region', value='AP_SOUTH_1'}, Tag{name='workloadType', value='OPERATIONAL'}]}, electionId=null, setVersion=46, topologyVersion=TopologyVersion{processId=69b31436cf980eb974c6b7c1, counter=3}, lastWriteDate=Sat Mar 28 10:05:37 IST 2026, lastUpdateTimeNanos=198265659353291}
2026-03-28T10:07:50.284+05:30  INFO 99702 --- [academic-service] [ngodb.net:27017] org.mongodb.driver.cluster               : Exception in monitor thread while connecting to server ac-3mufzp1-shard-00-02.4nosy2u.mongodb.net:27017

com.mongodb.MongoSocketReadTimeoutException: Timeout while receiving message
	at com.mongodb.internal.connection.InternalStreamConnection.translateReadException(InternalStreamConnection.java:728) ~[mongodb-driver-core-4.11.2.jar:na]
	at com.mongodb.internal.connection.InternalStreamConnection.receiveMessageWithAdditionalTimeout(InternalStreamConnection.java:606) ~[mongodb-driver-core-4.11.2.jar:na]
	at com.mongodb.internal.connection.InternalStreamConnection.receiveCommandMessageResponse(InternalStreamConnection.java:451) ~[mongodb-driver-core-4.11.2.jar:na]
	at com.mongodb.internal.connection.InternalStreamConnection.receive(InternalStreamConnection.java:404) ~[mongodb-driver-core-4.11.2.jar:na]
	at com.mongodb.internal.connection.DefaultServerMonitor$ServerMonitorRunnable.lookupServerDescription(DefaultServerMonitor.java:221) ~[mongodb-driver-core-4.11.2.jar:na]
	at com.mongodb.internal.connection.DefaultServerMonitor$ServerMonitorRunnable.run(DefaultServerMonitor.java:153) ~[mongodb-driver-core-4.11.2.jar:na]
	at java.base/java.lang.Thread.run(Thread.java:1583) ~[na:na]
Caused by: java.net.SocketTimeoutException: Read timed out
	at java.base/sun.nio.ch.NioSocketImpl.timedRead(NioSocketImpl.java:278) ~[na:na]
	at java.base/sun.nio.ch.NioSocketImpl.implRead(NioSocketImpl.java:304) ~[na:na]
	at java.base/sun.nio.ch.NioSocketImpl.read(NioSocketImpl.java:346) ~[na:na]
	at java.base/sun.nio.ch.NioSocketImpl$1.read(NioSocketImpl.java:796) ~[na:na]
	at java.base/java.net.Socket$SocketInputStream.read(Socket.java:1099) ~[na:na]
	at java.base/sun.security.ssl.SSLSocketInputRecord.read(SSLSocketInputRecord.java:489) ~[na:na]
	at java.base/sun.security.ssl.SSLSocketInputRecord.readHeader(SSLSocketInputRecord.java:483) ~[na:na]
	at java.base/sun.security.ssl.SSLSocketInputRecord.bytesInCompletePacket(SSLSocketInputRecord.java:70) ~[na:na]
	at java.base/sun.security.ssl.SSLSocketImpl.readApplicationRecord(SSLSocketImpl.java:1461) ~[na:na]
	at java.base/sun.security.ssl.SSLSocketImpl$AppInputStream.read(SSLSocketImpl.java:1066) ~[na:na]
	at com.mongodb.internal.connection.SocketStream.read(SocketStream.java:175) ~[mongodb-driver-core-4.11.2.jar:na]
	at com.mongodb.internal.connection.SocketStream.read(SocketStream.java:200) ~[mongodb-driver-core-4.11.2.jar:na]
	at com.mongodb.internal.connection.InternalStreamConnection.receiveResponseBuffers(InternalStreamConnection.java:739) ~[mongodb-driver-core-4.11.2.jar:na]
	at com.mongodb.internal.connection.InternalStreamConnection.receiveMessageWithAdditionalTimeout(InternalStreamConnection.java:603) ~[mongodb-driver-core-4.11.2.jar:na]
	... 5 common frames omitted

2026-03-28T10:07:50.873+05:30  INFO 99702 --- [academic-service] [ngodb.net:27017] org.mongodb.driver.cluster               : Monitor thread successfully connected to server with description ServerDescription{address=ac-3mufzp1-shard-00-02.4nosy2u.mongodb.net:27017, type=REPLICA_SET_SECONDARY, state=CONNECTED, ok=true, minWireVersion=0, maxWireVersion=25, maxDocumentSize=16777216, logicalSessionTimeoutMinutes=30, roundTripTimeNanos=328549458, setName='atlas-hy5sqn-shard-0', canonicalAddress=ac-3mufzp1-shard-00-02.4nosy2u.mongodb.net:27017, hosts=[ac-3mufzp1-shard-00-00.4nosy2u.mongodb.net:27017, ac-3mufzp1-shard-00-02.4nosy2u.mongodb.net:27017, ac-3mufzp1-shard-00-01.4nosy2u.mongodb.net:27017], passives=[], arbiters=[], primary='ac-3mufzp1-shard-00-01.4nosy2u.mongodb.net:27017', tagSet=TagSet{[Tag{name='availabilityZone', value='aps1-az2'}, Tag{name='diskState', value='READY'}, Tag{name='nodeType', value='ELECTABLE'}, Tag{name='provider', value='AWS'}, Tag{name='region', value='AP_SOUTH_1'}, Tag{name='workloadType', value='OPERATIONAL'}]}, electionId=null, setVersion=46, topologyVersion=TopologyVersion{processId=69b31436cf980eb974c6b7c1, counter=3}, lastWriteDate=Sat Mar 28 10:07:50 IST 2026, lastUpdateTimeNanos=198306282673666}
2026-03-28T10:07:53.464+05:30  INFO 99702 --- [academic-service] [ngodb.net:27017] org.mongodb.driver.cluster               : Exception in monitor thread while connecting to server ac-3mufzp1-shard-00-01.4nosy2u.mongodb.net:27017

com.mongodb.MongoSocketReadTimeoutException: Timeout while receiving message
	at com.mongodb.internal.connection.InternalStreamConnection.translateReadException(InternalStreamConnection.java:728) ~[mongodb-driver-core-4.11.2.jar:na]
	at com.mongodb.internal.connection.InternalStreamConnection.receiveMessageWithAdditionalTimeout(InternalStreamConnection.java:606) ~[mongodb-driver-core-4.11.2.jar:na]
	at com.mongodb.internal.connection.InternalStreamConnection.receiveCommandMessageResponse(InternalStreamConnection.java:451) ~[mongodb-driver-core-4.11.2.jar:na]
	at com.mongodb.internal.connection.InternalStreamConnection.receive(InternalStreamConnection.java:404) ~[mongodb-driver-core-4.11.2.jar:na]
	at com.mongodb.internal.connection.DefaultServerMonitor$ServerMonitorRunnable.lookupServerDescription(DefaultServerMonitor.java:221) ~[mongodb-driver-core-4.11.2.jar:na]
	at com.mongodb.internal.connection.DefaultServerMonitor$ServerMonitorRunnable.run(DefaultServerMonitor.java:153) ~[mongodb-driver-core-4.11.2.jar:na]
	at java.base/java.lang.Thread.run(Thread.java:1583) ~[na:na]
Caused by: java.net.SocketTimeoutException: Read timed out
	at java.base/sun.nio.ch.NioSocketImpl.timedRead(NioSocketImpl.java:278) ~[na:na]
	at java.base/sun.nio.ch.NioSocketImpl.implRead(NioSocketImpl.java:304) ~[na:na]
	at java.base/sun.nio.ch.NioSocketImpl.read(NioSocketImpl.java:346) ~[na:na]
	at java.base/sun.nio.ch.NioSocketImpl$1.read(NioSocketImpl.java:796) ~[na:na]
	at java.base/java.net.Socket$SocketInputStream.read(Socket.java:1099) ~[na:na]
	at java.base/sun.security.ssl.SSLSocketInputRecord.read(SSLSocketInputRecord.java:489) ~[na:na]
	at java.base/sun.security.ssl.SSLSocketInputRecord.readHeader(SSLSocketInputRecord.java:483) ~[na:na]
	at java.base/sun.security.ssl.SSLSocketInputRecord.bytesInCompletePacket(SSLSocketInputRecord.java:70) ~[na:na]
	at java.base/sun.security.ssl.SSLSocketImpl.readApplicationRecord(SSLSocketImpl.java:1461) ~[na:na]
	at java.base/sun.security.ssl.SSLSocketImpl$AppInputStream.read(SSLSocketImpl.java:1066) ~[na:na]
	at com.mongodb.internal.connection.SocketStream.read(SocketStream.java:175) ~[mongodb-driver-core-4.11.2.jar:na]
	at com.mongodb.internal.connection.SocketStream.read(SocketStream.java:200) ~[mongodb-driver-core-4.11.2.jar:na]
	at com.mongodb.internal.connection.InternalStreamConnection.receiveResponseBuffers(InternalStreamConnection.java:739) ~[mongodb-driver-core-4.11.2.jar:na]
	at com.mongodb.internal.connection.InternalStreamConnection.receiveMessageWithAdditionalTimeout(InternalStreamConnection.java:603) ~[mongodb-driver-core-4.11.2.jar:na]
	... 5 common frames omitted

2026-03-28T10:07:53.465+05:30  INFO 99702 --- [academic-service] [ngodb.net:27017] org.mongodb.driver.cluster               : Exception in monitor thread while connecting to server ac-3mufzp1-shard-00-00.4nosy2u.mongodb.net:27017

com.mongodb.MongoSocketReadTimeoutException: Timeout while receiving message
	at com.mongodb.internal.connection.InternalStreamConnection.translateReadException(InternalStreamConnection.java:728) ~[mongodb-driver-core-4.11.2.jar:na]
	at com.mongodb.internal.connection.InternalStreamConnection.receiveMessageWithAdditionalTimeout(InternalStreamConnection.java:606) ~[mongodb-driver-core-4.11.2.jar:na]
	at com.mongodb.internal.connection.InternalStreamConnection.receiveCommandMessageResponse(InternalStreamConnection.java:451) ~[mongodb-driver-core-4.11.2.jar:na]
	at com.mongodb.internal.connection.InternalStreamConnection.receive(InternalStreamConnection.java:404) ~[mongodb-driver-core-4.11.2.jar:na]
	at com.mongodb.internal.connection.DefaultServerMonitor$ServerMonitorRunnable.lookupServerDescription(DefaultServerMonitor.java:221) ~[mongodb-driver-core-4.11.2.jar:na]
	at com.mongodb.internal.connection.DefaultServerMonitor$ServerMonitorRunnable.run(DefaultServerMonitor.java:153) ~[mongodb-driver-core-4.11.2.jar:na]
	at java.base/java.lang.Thread.run(Thread.java:1583) ~[na:na]
Caused by: java.net.SocketTimeoutException: Read timed out
	at java.base/sun.nio.ch.NioSocketImpl.timedRead(NioSocketImpl.java:278) ~[na:na]
	at java.base/sun.nio.ch.NioSocketImpl.implRead(NioSocketImpl.java:304) ~[na:na]
	at java.base/sun.nio.ch.NioSocketImpl.read(NioSocketImpl.java:346) ~[na:na]
	at java.base/sun.nio.ch.NioSocketImpl$1.read(NioSocketImpl.java:796) ~[na:na]
	at java.base/java.net.Socket$SocketInputStream.read(Socket.java:1099) ~[na:na]
	at java.base/sun.security.ssl.SSLSocketInputRecord.read(SSLSocketInputRecord.java:489) ~[na:na]
	at java.base/sun.security.ssl.SSLSocketInputRecord.readHeader(SSLSocketInputRecord.java:483) ~[na:na]
	at java.base/sun.security.ssl.SSLSocketInputRecord.bytesInCompletePacket(SSLSocketInputRecord.java:70) ~[na:na]
	at java.base/sun.security.ssl.SSLSocketImpl.readApplicationRecord(SSLSocketImpl.java:1461) ~[na:na]
	at java.base/sun.security.ssl.SSLSocketImpl$AppInputStream.read(SSLSocketImpl.java:1066) ~[na:na]
	at com.mongodb.internal.connection.SocketStream.read(SocketStream.java:175) ~[mongodb-driver-core-4.11.2.jar:na]
	at com.mongodb.internal.connection.SocketStream.read(SocketStream.java:200) ~[mongodb-driver-core-4.11.2.jar:na]
	at com.mongodb.internal.connection.InternalStreamConnection.receiveResponseBuffers(InternalStreamConnection.java:739) ~[mongodb-driver-core-4.11.2.jar:na]
	at com.mongodb.internal.connection.InternalStreamConnection.receiveMessageWithAdditionalTimeout(InternalStreamConnection.java:603) ~[mongodb-driver-core-4.11.2.jar:na]
	... 5 common frames omitted

2026-03-28T10:07:53.790+05:30  INFO 99702 --- [academic-service] [ngodb.net:27017] org.mongodb.driver.cluster               : Monitor thread successfully connected to server with description ServerDescription{address=ac-3mufzp1-shard-00-00.4nosy2u.mongodb.net:27017, type=REPLICA_SET_SECONDARY, state=CONNECTED, ok=true, minWireVersion=0, maxWireVersion=25, maxDocumentSize=16777216, logicalSessionTimeoutMinutes=30, roundTripTimeNanos=187690750, setName='atlas-hy5sqn-shard-0', canonicalAddress=ac-3mufzp1-shard-00-00.4nosy2u.mongodb.net:27017, hosts=[ac-3mufzp1-shard-00-00.4nosy2u.mongodb.net:27017, ac-3mufzp1-shard-00-02.4nosy2u.mongodb.net:27017, ac-3mufzp1-shard-00-01.4nosy2u.mongodb.net:27017], passives=[], arbiters=[], primary='ac-3mufzp1-shard-00-01.4nosy2u.mongodb.net:27017', tagSet=TagSet{[Tag{name='availabilityZone', value='aps1-az1'}, Tag{name='diskState', value='READY'}, Tag{name='nodeType', value='ELECTABLE'}, Tag{name='provider', value='AWS'}, Tag{name='region', value='AP_SOUTH_1'}, Tag{name='workloadType', value='OPERATIONAL'}]}, electionId=null, setVersion=46, topologyVersion=TopologyVersion{processId=69b30edff67384ce6d9efce1, counter=4}, lastWriteDate=Sat Mar 28 10:07:53 IST 2026, lastUpdateTimeNanos=198309200733375}
2026-03-28T10:07:53.790+05:30  INFO 99702 --- [academic-service] [ngodb.net:27017] org.mongodb.driver.cluster               : Monitor thread successfully connected to server with description ServerDescription{address=ac-3mufzp1-shard-00-01.4nosy2u.mongodb.net:27017, type=REPLICA_SET_PRIMARY, state=CONNECTED, ok=true, minWireVersion=0, maxWireVersion=25, maxDocumentSize=16777216, logicalSessionTimeoutMinutes=30, roundTripTimeNanos=187727042, setName='atlas-hy5sqn-shard-0', canonicalAddress=ac-3mufzp1-shard-00-01.4nosy2u.mongodb.net:27017, hosts=[ac-3mufzp1-shard-00-00.4nosy2u.mongodb.net:27017, ac-3mufzp1-shard-00-02.4nosy2u.mongodb.net:27017, ac-3mufzp1-shard-00-01.4nosy2u.mongodb.net:27017], passives=[], arbiters=[], primary='ac-3mufzp1-shard-00-01.4nosy2u.mongodb.net:27017', tagSet=TagSet{[Tag{name='availabilityZone', value='aps1-az3'}, Tag{name='diskState', value='READY'}, Tag{name='nodeType', value='ELECTABLE'}, Tag{name='provider', value='AWS'}, Tag{name='region', value='AP_SOUTH_1'}, Tag{name='workloadType', value='OPERATIONAL'}]}, electionId=7fffffff00000000000000ca, setVersion=46, topologyVersion=TopologyVersion{processId=69b311797648454b51f7c7a8, counter=6}, lastWriteDate=Sat Mar 28 10:07:53 IST 2026, lastUpdateTimeNanos=198309200768875}
2026-03-28T10:07:53.791+05:30  INFO 99702 --- [academic-service] [ngodb.net:27017] org.mongodb.driver.cluster               : Discovered replica set primary ac-3mufzp1-shard-00-01.4nosy2u.mongodb.net:27017 with max election id 7fffffff00000000000000ca and max set version 46
2026-03-28T10:11:34.546+05:30  INFO 99702 --- [academic-service] [trap-executor-0] c.n.d.s.r.aws.ConfigClusterResolver      : Resolving eureka endpoints via configuration
2026-03-28T10:16:34.564+05:30  INFO 99702 --- [academic-service] [trap-executor-0] c.n.d.s.r.aws.ConfigClusterResolver      : Resolving eureka endpoints via configuration
2026-03-28T10:21:34.559+05:30  INFO 99702 --- [academic-service] [trap-executor-0] c.n.d.s.r.aws.ConfigClusterResolver      : Resolving eureka endpoints via configuration
2026-03-28T10:26:34.561+05:30  INFO 99702 --- [academic-service] [trap-executor-0] c.n.d.s.r.aws.ConfigClusterResolver      : Resolving eureka endpoints via configuration
2026-03-28T10:31:34.585+05:30  INFO 99702 --- [academic-service] [trap-executor-0] c.n.d.s.r.aws.ConfigClusterResolver      : Resolving eureka endpoints via configuration
2026-03-28T10:36:34.579+05:30  INFO 99702 --- [academic-service] [trap-executor-0] c.n.d.s.r.aws.ConfigClusterResolver      : Resolving eureka endpoints via configuration
2026-03-28T10:41:34.579+05:30  INFO 99702 --- [academic-service] [trap-executor-0] c.n.d.s.r.aws.ConfigClusterResolver      : Resolving eureka endpoints via configuration
2026-03-28T10:46:34.576+05:30  INFO 99702 --- [academic-service] [trap-executor-0] c.n.d.s.r.aws.ConfigClusterResolver      : Resolving eureka endpoints via configuration
2026-03-28T10:51:34.575+05:30  INFO 99702 --- [academic-service] [trap-executor-0] c.n.d.s.r.aws.ConfigClusterResolver      : Resolving eureka endpoints via configuration
2026-03-28T10:56:34.576+05:30  INFO 99702 --- [academic-service] [trap-executor-0] c.n.d.s.r.aws.ConfigClusterResolver      : Resolving eureka endpoints via configuration
2026-03-28T11:01:34.582+05:30  INFO 99702 --- [academic-service] [trap-executor-0] c.n.d.s.r.aws.ConfigClusterResolver      : Resolving eureka endpoints via configuration
2026-03-28T11:06:34.581+05:30  INFO 99702 --- [academic-service] [trap-executor-0] c.n.d.s.r.aws.ConfigClusterResolver      : Resolving eureka endpoints via configuration
2026-03-28T11:11:34.580+05:30  INFO 99702 --- [academic-service] [trap-executor-0] c.n.d.s.r.aws.ConfigClusterResolver      : Resolving eureka endpoints via configuration
2026-03-28T11:16:34.588+05:30  INFO 99702 --- [academic-service] [trap-executor-0] c.n.d.s.r.aws.ConfigClusterResolver      : Resolving eureka endpoints via configuration
2026-03-28T11:21:34.590+05:30  INFO 99702 --- [academic-service] [trap-executor-0] c.n.d.s.r.aws.ConfigClusterResolver      : Resolving eureka endpoints via configuration
2026-03-28T11:26:34.587+05:30  INFO 99702 --- [academic-service] [trap-executor-0] c.n.d.s.r.aws.ConfigClusterResolver      : Resolving eureka endpoints via configuration
2026-03-28T11:31:34.592+05:30  INFO 99702 --- [academic-service] [trap-executor-0] c.n.d.s.r.aws.ConfigClusterResolver      : Resolving eureka endpoints via configuration
2026-03-28T11:36:34.592+05:30  INFO 99702 --- [academic-service] [trap-executor-0] c.n.d.s.r.aws.ConfigClusterResolver      : Resolving eureka endpoints via configuration
2026-03-28T11:41:34.595+05:30  INFO 99702 --- [academic-service] [trap-executor-0] c.n.d.s.r.aws.ConfigClusterResolver      : Resolving eureka endpoints via configuration
2026-03-28T11:46:34.593+05:30  INFO 99702 --- [academic-service] [trap-executor-0] c.n.d.s.r.aws.ConfigClusterResolver      : Resolving eureka endpoints via configuration
2026-03-28T11:51:34.599+05:30  INFO 99702 --- [academic-service] [trap-executor-0] c.n.d.s.r.aws.ConfigClusterResolver      : Resolving eureka endpoints via configuration
2026-03-28T11:58:00.237+05:30  INFO 99702 --- [academic-service] [ngodb.net:27017] org.mongodb.driver.cluster               : Exception in monitor thread while connecting to server ac-3mufzp1-shard-00-00.4nosy2u.mongodb.net:27017

com.mongodb.MongoSocketReadTimeoutException: Timeout while receiving message
	at com.mongodb.internal.connection.InternalStreamConnection.translateReadException(InternalStreamConnection.java:728) ~[mongodb-driver-core-4.11.2.jar:na]
	at com.mongodb.internal.connection.InternalStreamConnection.receiveMessageWithAdditionalTimeout(InternalStreamConnection.java:606) ~[mongodb-driver-core-4.11.2.jar:na]
	at com.mongodb.internal.connection.InternalStreamConnection.receiveCommandMessageResponse(InternalStreamConnection.java:451) ~[mongodb-driver-core-4.11.2.jar:na]
	at com.mongodb.internal.connection.InternalStreamConnection.receive(InternalStreamConnection.java:404) ~[mongodb-driver-core-4.11.2.jar:na]
	at com.mongodb.internal.connection.DefaultServerMonitor$ServerMonitorRunnable.lookupServerDescription(DefaultServerMonitor.java:221) ~[mongodb-driver-core-4.11.2.jar:na]
	at com.mongodb.internal.connection.DefaultServerMonitor$ServerMonitorRunnable.run(DefaultServerMonitor.java:153) ~[mongodb-driver-core-4.11.2.jar:na]
	at java.base/java.lang.Thread.run(Thread.java:1583) ~[na:na]
Caused by: java.net.SocketTimeoutException: Read timed out
	at java.base/sun.nio.ch.NioSocketImpl.timedRead(NioSocketImpl.java:278) ~[na:na]
	at java.base/sun.nio.ch.NioSocketImpl.implRead(NioSocketImpl.java:304) ~[na:na]
	at java.base/sun.nio.ch.NioSocketImpl.read(NioSocketImpl.java:346) ~[na:na]
	at java.base/sun.nio.ch.NioSocketImpl$1.read(NioSocketImpl.java:796) ~[na:na]
	at java.base/java.net.Socket$SocketInputStream.read(Socket.java:1099) ~[na:na]
	at java.base/sun.security.ssl.SSLSocketInputRecord.read(SSLSocketInputRecord.java:489) ~[na:na]
	at java.base/sun.security.ssl.SSLSocketInputRecord.readHeader(SSLSocketInputRecord.java:483) ~[na:na]
	at java.base/sun.security.ssl.SSLSocketInputRecord.bytesInCompletePacket(SSLSocketInputRecord.java:70) ~[na:na]
	at java.base/sun.security.ssl.SSLSocketImpl.readApplicationRecord(SSLSocketImpl.java:1461) ~[na:na]
	at java.base/sun.security.ssl.SSLSocketImpl$AppInputStream.read(SSLSocketImpl.java:1066) ~[na:na]
	at com.mongodb.internal.connection.SocketStream.read(SocketStream.java:175) ~[mongodb-driver-core-4.11.2.jar:na]
	at com.mongodb.internal.connection.SocketStream.read(SocketStream.java:200) ~[mongodb-driver-core-4.11.2.jar:na]
	at com.mongodb.internal.connection.InternalStreamConnection.receiveResponseBuffers(InternalStreamConnection.java:739) ~[mongodb-driver-core-4.11.2.jar:na]
	at com.mongodb.internal.connection.InternalStreamConnection.receiveMessageWithAdditionalTimeout(InternalStreamConnection.java:603) ~[mongodb-driver-core-4.11.2.jar:na]
	... 5 common frames omitted

2026-03-28T11:58:00.498+05:30  INFO 99702 --- [academic-service] [ngodb.net:27017] org.mongodb.driver.cluster               : Monitor thread successfully connected to server with description ServerDescription{address=ac-3mufzp1-shard-00-00.4nosy2u.mongodb.net:27017, type=REPLICA_SET_SECONDARY, state=CONNECTED, ok=true, minWireVersion=0, maxWireVersion=25, maxDocumentSize=16777216, logicalSessionTimeoutMinutes=30, roundTripTimeNanos=151071916, setName='atlas-hy5sqn-shard-0', canonicalAddress=ac-3mufzp1-shard-00-00.4nosy2u.mongodb.net:27017, hosts=[ac-3mufzp1-shard-00-00.4nosy2u.mongodb.net:27017, ac-3mufzp1-shard-00-02.4nosy2u.mongodb.net:27017, ac-3mufzp1-shard-00-01.4nosy2u.mongodb.net:27017], passives=[], arbiters=[], primary='ac-3mufzp1-shard-00-01.4nosy2u.mongodb.net:27017', tagSet=TagSet{[Tag{name='availabilityZone', value='aps1-az1'}, Tag{name='diskState', value='READY'}, Tag{name='nodeType', value='ELECTABLE'}, Tag{name='provider', value='AWS'}, Tag{name='region', value='AP_SOUTH_1'}, Tag{name='workloadType', value='OPERATIONAL'}]}, electionId=null, setVersion=46, topologyVersion=TopologyVersion{processId=69b30edff67384ce6d9efce1, counter=4}, lastWriteDate=Sat Mar 28 11:58:00 IST 2026, lastUpdateTimeNanos=204804568665416}
2026-03-28T11:58:07.880+05:30  INFO 99702 --- [academic-service] [ngodb.net:27017] org.mongodb.driver.cluster               : Exception in monitor thread while connecting to server ac-3mufzp1-shard-00-02.4nosy2u.mongodb.net:27017

com.mongodb.MongoSocketReadTimeoutException: Timeout while receiving message
	at com.mongodb.internal.connection.InternalStreamConnection.translateReadException(InternalStreamConnection.java:728) ~[mongodb-driver-core-4.11.2.jar:na]
	at com.mongodb.internal.connection.InternalStreamConnection.receiveMessageWithAdditionalTimeout(InternalStreamConnection.java:606) ~[mongodb-driver-core-4.11.2.jar:na]
	at com.mongodb.internal.connection.InternalStreamConnection.receiveCommandMessageResponse(InternalStreamConnection.java:451) ~[mongodb-driver-core-4.11.2.jar:na]
	at com.mongodb.internal.connection.InternalStreamConnection.receive(InternalStreamConnection.java:404) ~[mongodb-driver-core-4.11.2.jar:na]
	at com.mongodb.internal.connection.DefaultServerMonitor$ServerMonitorRunnable.lookupServerDescription(DefaultServerMonitor.java:221) ~[mongodb-driver-core-4.11.2.jar:na]
	at com.mongodb.internal.connection.DefaultServerMonitor$ServerMonitorRunnable.run(DefaultServerMonitor.java:153) ~[mongodb-driver-core-4.11.2.jar:na]
	at java.base/java.lang.Thread.run(Thread.java:1583) ~[na:na]
Caused by: java.net.SocketTimeoutException: Read timed out
	at java.base/sun.nio.ch.NioSocketImpl.timedRead(NioSocketImpl.java:278) ~[na:na]
	at java.base/sun.nio.ch.NioSocketImpl.implRead(NioSocketImpl.java:304) ~[na:na]
	at java.base/sun.nio.ch.NioSocketImpl.read(NioSocketImpl.java:346) ~[na:na]
	at java.base/sun.nio.ch.NioSocketImpl$1.read(NioSocketImpl.java:796) ~[na:na]
	at java.base/java.net.Socket$SocketInputStream.read(Socket.java:1099) ~[na:na]
	at java.base/sun.security.ssl.SSLSocketInputRecord.read(SSLSocketInputRecord.java:489) ~[na:na]
	at java.base/sun.security.ssl.SSLSocketInputRecord.readHeader(SSLSocketInputRecord.java:483) ~[na:na]
	at java.base/sun.security.ssl.SSLSocketInputRecord.bytesInCompletePacket(SSLSocketInputRecord.java:70) ~[na:na]
	at java.base/sun.security.ssl.SSLSocketImpl.readApplicationRecord(SSLSocketImpl.java:1461) ~[na:na]
	at java.base/sun.security.ssl.SSLSocketImpl$AppInputStream.read(SSLSocketImpl.java:1066) ~[na:na]
	at com.mongodb.internal.connection.SocketStream.read(SocketStream.java:175) ~[mongodb-driver-core-4.11.2.jar:na]
	at com.mongodb.internal.connection.SocketStream.read(SocketStream.java:200) ~[mongodb-driver-core-4.11.2.jar:na]
	at com.mongodb.internal.connection.InternalStreamConnection.receiveResponseBuffers(InternalStreamConnection.java:739) ~[mongodb-driver-core-4.11.2.jar:na]
	at com.mongodb.internal.connection.InternalStreamConnection.receiveMessageWithAdditionalTimeout(InternalStreamConnection.java:603) ~[mongodb-driver-core-4.11.2.jar:na]
	... 5 common frames omitted

2026-03-28T11:58:08.027+05:30  INFO 99702 --- [academic-service] [ngodb.net:27017] org.mongodb.driver.cluster               : Monitor thread successfully connected to server with description ServerDescription{address=ac-3mufzp1-shard-00-02.4nosy2u.mongodb.net:27017, type=REPLICA_SET_SECONDARY, state=CONNECTED, ok=true, minWireVersion=0, maxWireVersion=25, maxDocumentSize=16777216, logicalSessionTimeoutMinutes=30, roundTripTimeNanos=79604875, setName='atlas-hy5sqn-shard-0', canonicalAddress=ac-3mufzp1-shard-00-02.4nosy2u.mongodb.net:27017, hosts=[ac-3mufzp1-shard-00-00.4nosy2u.mongodb.net:27017, ac-3mufzp1-shard-00-02.4nosy2u.mongodb.net:27017, ac-3mufzp1-shard-00-01.4nosy2u.mongodb.net:27017], passives=[], arbiters=[], primary='ac-3mufzp1-shard-00-01.4nosy2u.mongodb.net:27017', tagSet=TagSet{[Tag{name='availabilityZone', value='aps1-az2'}, Tag{name='diskState', value='READY'}, Tag{name='nodeType', value='ELECTABLE'}, Tag{name='provider', value='AWS'}, Tag{name='region', value='AP_SOUTH_1'}, Tag{name='workloadType', value='OPERATIONAL'}]}, electionId=null, setVersion=46, topologyVersion=TopologyVersion{processId=69b31436cf980eb974c6b7c1, counter=3}, lastWriteDate=Sat Mar 28 11:58:08 IST 2026, lastUpdateTimeNanos=204812105131708}
2026-03-28T11:58:26.047+05:30  INFO 99702 --- [academic-service] [trap-executor-0] c.n.d.s.r.aws.ConfigClusterResolver      : Resolving eureka endpoints via configuration
2026-03-28T12:03:26.043+05:30  INFO 99702 --- [academic-service] [trap-executor-0] c.n.d.s.r.aws.ConfigClusterResolver      : Resolving eureka endpoints via configuration
2026-03-28T12:08:26.040+05:30  INFO 99702 --- [academic-service] [trap-executor-0] c.n.d.s.r.aws.ConfigClusterResolver      : Resolving eureka endpoints via configuration
2026-03-28T12:13:26.032+05:30  INFO 99702 --- [academic-service] [trap-executor-0] c.n.d.s.r.aws.ConfigClusterResolver      : Resolving eureka endpoints via configuration
2026-03-28T12:18:26.030+05:30  INFO 99702 --- [academic-service] [trap-executor-0] c.n.d.s.r.aws.ConfigClusterResolver      : Resolving eureka endpoints via configuration
2026-03-28T12:24:12.391+05:30  INFO 99702 --- [academic-service] [ngodb.net:27017] org.mongodb.driver.cluster               : Exception in monitor thread while connecting to server ac-3mufzp1-shard-00-01.4nosy2u.mongodb.net:27017

com.mongodb.MongoSocketReadTimeoutException: Timeout while receiving message
	at com.mongodb.internal.connection.InternalStreamConnection.translateReadException(InternalStreamConnection.java:728) ~[mongodb-driver-core-4.11.2.jar:na]
	at com.mongodb.internal.connection.InternalStreamConnection.receiveMessageWithAdditionalTimeout(InternalStreamConnection.java:606) ~[mongodb-driver-core-4.11.2.jar:na]
	at com.mongodb.internal.connection.InternalStreamConnection.receiveCommandMessageResponse(InternalStreamConnection.java:451) ~[mongodb-driver-core-4.11.2.jar:na]
	at com.mongodb.internal.connection.InternalStreamConnection.receive(InternalStreamConnection.java:404) ~[mongodb-driver-core-4.11.2.jar:na]
	at com.mongodb.internal.connection.DefaultServerMonitor$ServerMonitorRunnable.lookupServerDescription(DefaultServerMonitor.java:221) ~[mongodb-driver-core-4.11.2.jar:na]
	at com.mongodb.internal.connection.DefaultServerMonitor$ServerMonitorRunnable.run(DefaultServerMonitor.java:153) ~[mongodb-driver-core-4.11.2.jar:na]
	at java.base/java.lang.Thread.run(Thread.java:1583) ~[na:na]
Caused by: java.net.SocketTimeoutException: Read timed out
	at java.base/sun.nio.ch.NioSocketImpl.timedRead(NioSocketImpl.java:278) ~[na:na]
	at java.base/sun.nio.ch.NioSocketImpl.implRead(NioSocketImpl.java:304) ~[na:na]
	at java.base/sun.nio.ch.NioSocketImpl.read(NioSocketImpl.java:346) ~[na:na]
	at java.base/sun.nio.ch.NioSocketImpl$1.read(NioSocketImpl.java:796) ~[na:na]
	at java.base/java.net.Socket$SocketInputStream.read(Socket.java:1099) ~[na:na]
	at java.base/sun.security.ssl.SSLSocketInputRecord.read(SSLSocketInputRecord.java:489) ~[na:na]
	at java.base/sun.security.ssl.SSLSocketInputRecord.readHeader(SSLSocketInputRecord.java:483) ~[na:na]
	at java.base/sun.security.ssl.SSLSocketInputRecord.bytesInCompletePacket(SSLSocketInputRecord.java:70) ~[na:na]
	at java.base/sun.security.ssl.SSLSocketImpl.readApplicationRecord(SSLSocketImpl.java:1461) ~[na:na]
	at java.base/sun.security.ssl.SSLSocketImpl$AppInputStream.read(SSLSocketImpl.java:1066) ~[na:na]
	at com.mongodb.internal.connection.SocketStream.read(SocketStream.java:175) ~[mongodb-driver-core-4.11.2.jar:na]
	at com.mongodb.internal.connection.SocketStream.read(SocketStream.java:200) ~[mongodb-driver-core-4.11.2.jar:na]
	at com.mongodb.internal.connection.InternalStreamConnection.receiveResponseBuffers(InternalStreamConnection.java:739) ~[mongodb-driver-core-4.11.2.jar:na]
	at com.mongodb.internal.connection.InternalStreamConnection.receiveMessageWithAdditionalTimeout(InternalStreamConnection.java:603) ~[mongodb-driver-core-4.11.2.jar:na]
	... 5 common frames omitted

2026-03-28T12:24:13.057+05:30  INFO 99702 --- [academic-service] [ngodb.net:27017] org.mongodb.driver.cluster               : Monitor thread successfully connected to server with description ServerDescription{address=ac-3mufzp1-shard-00-01.4nosy2u.mongodb.net:27017, type=REPLICA_SET_PRIMARY, state=CONNECTED, ok=true, minWireVersion=0, maxWireVersion=25, maxDocumentSize=16777216, logicalSessionTimeoutMinutes=30, roundTripTimeNanos=333326541, setName='atlas-hy5sqn-shard-0', canonicalAddress=ac-3mufzp1-shard-00-01.4nosy2u.mongodb.net:27017, hosts=[ac-3mufzp1-shard-00-00.4nosy2u.mongodb.net:27017, ac-3mufzp1-shard-00-02.4nosy2u.mongodb.net:27017, ac-3mufzp1-shard-00-01.4nosy2u.mongodb.net:27017], passives=[], arbiters=[], primary='ac-3mufzp1-shard-00-01.4nosy2u.mongodb.net:27017', tagSet=TagSet{[Tag{name='availabilityZone', value='aps1-az3'}, Tag{name='diskState', value='READY'}, Tag{name='nodeType', value='ELECTABLE'}, Tag{name='provider', value='AWS'}, Tag{name='region', value='AP_SOUTH_1'}, Tag{name='workloadType', value='OPERATIONAL'}]}, electionId=7fffffff00000000000000ca, setVersion=46, topologyVersion=TopologyVersion{processId=69b311797648454b51f7c7a8, counter=6}, lastWriteDate=Sat Mar 28 12:24:12 IST 2026, lastUpdateTimeNanos=206282901518541}
2026-03-28T12:24:13.057+05:30  INFO 99702 --- [academic-service] [ngodb.net:27017] org.mongodb.driver.cluster               : Discovered replica set primary ac-3mufzp1-shard-00-01.4nosy2u.mongodb.net:27017 with max election id 7fffffff00000000000000ca and max set version 46
2026-03-28T12:24:13.500+05:30  INFO 99702 --- [academic-service] [ngodb.net:27017] org.mongodb.driver.cluster               : Exception in monitor thread while connecting to server ac-3mufzp1-shard-00-02.4nosy2u.mongodb.net:27017

com.mongodb.MongoSocketReadTimeoutException: Timeout while receiving message
	at com.mongodb.internal.connection.InternalStreamConnection.translateReadException(InternalStreamConnection.java:728) ~[mongodb-driver-core-4.11.2.jar:na]
	at com.mongodb.internal.connection.InternalStreamConnection.receiveMessageWithAdditionalTimeout(InternalStreamConnection.java:606) ~[mongodb-driver-core-4.11.2.jar:na]
	at com.mongodb.internal.connection.InternalStreamConnection.receiveCommandMessageResponse(InternalStreamConnection.java:451) ~[mongodb-driver-core-4.11.2.jar:na]
	at com.mongodb.internal.connection.InternalStreamConnection.receive(InternalStreamConnection.java:404) ~[mongodb-driver-core-4.11.2.jar:na]
	at com.mongodb.internal.connection.DefaultServerMonitor$ServerMonitorRunnable.lookupServerDescription(DefaultServerMonitor.java:221) ~[mongodb-driver-core-4.11.2.jar:na]
	at com.mongodb.internal.connection.DefaultServerMonitor$ServerMonitorRunnable.run(DefaultServerMonitor.java:153) ~[mongodb-driver-core-4.11.2.jar:na]
	at java.base/java.lang.Thread.run(Thread.java:1583) ~[na:na]
Caused by: java.net.SocketTimeoutException: Read timed out
	at java.base/sun.nio.ch.NioSocketImpl.timedRead(NioSocketImpl.java:278) ~[na:na]
	at java.base/sun.nio.ch.NioSocketImpl.implRead(NioSocketImpl.java:304) ~[na:na]
	at java.base/sun.nio.ch.NioSocketImpl.read(NioSocketImpl.java:346) ~[na:na]
	at java.base/sun.nio.ch.NioSocketImpl$1.read(NioSocketImpl.java:796) ~[na:na]
	at java.base/java.net.Socket$SocketInputStream.read(Socket.java:1099) ~[na:na]
	at java.base/sun.security.ssl.SSLSocketInputRecord.read(SSLSocketInputRecord.java:489) ~[na:na]
	at java.base/sun.security.ssl.SSLSocketInputRecord.readHeader(SSLSocketInputRecord.java:483) ~[na:na]
	at java.base/sun.security.ssl.SSLSocketInputRecord.bytesInCompletePacket(SSLSocketInputRecord.java:70) ~[na:na]
	at java.base/sun.security.ssl.SSLSocketImpl.readApplicationRecord(SSLSocketImpl.java:1461) ~[na:na]
	at java.base/sun.security.ssl.SSLSocketImpl$AppInputStream.read(SSLSocketImpl.java:1066) ~[na:na]
	at com.mongodb.internal.connection.SocketStream.read(SocketStream.java:175) ~[mongodb-driver-core-4.11.2.jar:na]
	at com.mongodb.internal.connection.SocketStream.read(SocketStream.java:200) ~[mongodb-driver-core-4.11.2.jar:na]
	at com.mongodb.internal.connection.InternalStreamConnection.receiveResponseBuffers(InternalStreamConnection.java:739) ~[mongodb-driver-core-4.11.2.jar:na]
	at com.mongodb.internal.connection.InternalStreamConnection.receiveMessageWithAdditionalTimeout(InternalStreamConnection.java:603) ~[mongodb-driver-core-4.11.2.jar:na]
	... 5 common frames omitted

2026-03-28T12:24:13.836+05:30  INFO 99702 --- [academic-service] [ngodb.net:27017] org.mongodb.driver.cluster               : Monitor thread successfully connected to server with description ServerDescription{address=ac-3mufzp1-shard-00-02.4nosy2u.mongodb.net:27017, type=REPLICA_SET_SECONDARY, state=CONNECTED, ok=true, minWireVersion=0, maxWireVersion=25, maxDocumentSize=16777216, logicalSessionTimeoutMinutes=30, roundTripTimeNanos=172074167, setName='atlas-hy5sqn-shard-0', canonicalAddress=ac-3mufzp1-shard-00-02.4nosy2u.mongodb.net:27017, hosts=[ac-3mufzp1-shard-00-00.4nosy2u.mongodb.net:27017, ac-3mufzp1-shard-00-02.4nosy2u.mongodb.net:27017, ac-3mufzp1-shard-00-01.4nosy2u.mongodb.net:27017], passives=[], arbiters=[], primary='ac-3mufzp1-shard-00-01.4nosy2u.mongodb.net:27017', tagSet=TagSet{[Tag{name='availabilityZone', value='aps1-az2'}, Tag{name='diskState', value='READY'}, Tag{name='nodeType', value='ELECTABLE'}, Tag{name='provider', value='AWS'}, Tag{name='region', value='AP_SOUTH_1'}, Tag{name='workloadType', value='OPERATIONAL'}]}, electionId=null, setVersion=46, topologyVersion=TopologyVersion{processId=69b31436cf980eb974c6b7c1, counter=3}, lastWriteDate=Sat Mar 28 12:24:13 IST 2026, lastUpdateTimeNanos=206283682088583}
2026-03-28T12:24:15.950+05:30  INFO 99702 --- [academic-service] [ngodb.net:27017] org.mongodb.driver.cluster               : Exception in monitor thread while connecting to server ac-3mufzp1-shard-00-00.4nosy2u.mongodb.net:27017

com.mongodb.MongoSocketReadTimeoutException: Timeout while receiving message
	at com.mongodb.internal.connection.InternalStreamConnection.translateReadException(InternalStreamConnection.java:728) ~[mongodb-driver-core-4.11.2.jar:na]
	at com.mongodb.internal.connection.InternalStreamConnection.receiveMessageWithAdditionalTimeout(InternalStreamConnection.java:606) ~[mongodb-driver-core-4.11.2.jar:na]
	at com.mongodb.internal.connection.InternalStreamConnection.receiveCommandMessageResponse(InternalStreamConnection.java:451) ~[mongodb-driver-core-4.11.2.jar:na]
	at com.mongodb.internal.connection.InternalStreamConnection.receive(InternalStreamConnection.java:404) ~[mongodb-driver-core-4.11.2.jar:na]
	at com.mongodb.internal.connection.DefaultServerMonitor$ServerMonitorRunnable.lookupServerDescription(DefaultServerMonitor.java:221) ~[mongodb-driver-core-4.11.2.jar:na]
	at com.mongodb.internal.connection.DefaultServerMonitor$ServerMonitorRunnable.run(DefaultServerMonitor.java:153) ~[mongodb-driver-core-4.11.2.jar:na]
	at java.base/java.lang.Thread.run(Thread.java:1583) ~[na:na]
Caused by: java.net.SocketTimeoutException: Read timed out
	at java.base/sun.nio.ch.NioSocketImpl.timedRead(NioSocketImpl.java:278) ~[na:na]
	at java.base/sun.nio.ch.NioSocketImpl.implRead(NioSocketImpl.java:304) ~[na:na]
	at java.base/sun.nio.ch.NioSocketImpl.read(NioSocketImpl.java:346) ~[na:na]
	at java.base/sun.nio.ch.NioSocketImpl$1.read(NioSocketImpl.java:796) ~[na:na]
	at java.base/java.net.Socket$SocketInputStream.read(Socket.java:1099) ~[na:na]
	at java.base/sun.security.ssl.SSLSocketInputRecord.read(SSLSocketInputRecord.java:489) ~[na:na]
	at java.base/sun.security.ssl.SSLSocketInputRecord.readHeader(SSLSocketInputRecord.java:483) ~[na:na]
	at java.base/sun.security.ssl.SSLSocketInputRecord.bytesInCompletePacket(SSLSocketInputRecord.java:70) ~[na:na]
	at java.base/sun.security.ssl.SSLSocketImpl.readApplicationRecord(SSLSocketImpl.java:1461) ~[na:na]
	at java.base/sun.security.ssl.SSLSocketImpl$AppInputStream.read(SSLSocketImpl.java:1066) ~[na:na]
	at com.mongodb.internal.connection.SocketStream.read(SocketStream.java:175) ~[mongodb-driver-core-4.11.2.jar:na]
	at com.mongodb.internal.connection.SocketStream.read(SocketStream.java:200) ~[mongodb-driver-core-4.11.2.jar:na]
	at com.mongodb.internal.connection.InternalStreamConnection.receiveResponseBuffers(InternalStreamConnection.java:739) ~[mongodb-driver-core-4.11.2.jar:na]
	at com.mongodb.internal.connection.InternalStreamConnection.receiveMessageWithAdditionalTimeout(InternalStreamConnection.java:603) ~[mongodb-driver-core-4.11.2.jar:na]
	... 5 common frames omitted

2026-03-28T12:24:16.212+05:30  INFO 99702 --- [academic-service] [ngodb.net:27017] org.mongodb.driver.cluster               : Monitor thread successfully connected to server with description ServerDescription{address=ac-3mufzp1-shard-00-00.4nosy2u.mongodb.net:27017, type=REPLICA_SET_SECONDARY, state=CONNECTED, ok=true, minWireVersion=0, maxWireVersion=25, maxDocumentSize=16777216, logicalSessionTimeoutMinutes=30, roundTripTimeNanos=44642375, setName='atlas-hy5sqn-shard-0', canonicalAddress=ac-3mufzp1-shard-00-00.4nosy2u.mongodb.net:27017, hosts=[ac-3mufzp1-shard-00-00.4nosy2u.mongodb.net:27017, ac-3mufzp1-shard-00-02.4nosy2u.mongodb.net:27017, ac-3mufzp1-shard-00-01.4nosy2u.mongodb.net:27017], passives=[], arbiters=[], primary='ac-3mufzp1-shard-00-01.4nosy2u.mongodb.net:27017', tagSet=TagSet{[Tag{name='availabilityZone', value='aps1-az1'}, Tag{name='diskState', value='READY'}, Tag{name='nodeType', value='ELECTABLE'}, Tag{name='provider', value='AWS'}, Tag{name='region', value='AP_SOUTH_1'}, Tag{name='workloadType', value='OPERATIONAL'}]}, electionId=null, setVersion=46, topologyVersion=TopologyVersion{processId=69b30edff67384ce6d9efce1, counter=4}, lastWriteDate=Sat Mar 28 12:24:16 IST 2026, lastUpdateTimeNanos=206286057936541}
2026-03-28T12:30:16.310+05:30  INFO 99702 --- [academic-service] [trap-executor-0] c.n.d.s.r.aws.ConfigClusterResolver      : Resolving eureka endpoints via configuration
2026-03-28T12:30:19.094+05:30  INFO 99702 --- [academic-service] [ngodb.net:27017] org.mongodb.driver.cluster               : Exception in monitor thread while connecting to server ac-3mufzp1-shard-00-01.4nosy2u.mongodb.net:27017

com.mongodb.MongoSocketReadTimeoutException: Timeout while receiving message
	at com.mongodb.internal.connection.InternalStreamConnection.translateReadException(InternalStreamConnection.java:728) ~[mongodb-driver-core-4.11.2.jar:na]
	at com.mongodb.internal.connection.InternalStreamConnection.receiveMessageWithAdditionalTimeout(InternalStreamConnection.java:606) ~[mongodb-driver-core-4.11.2.jar:na]
	at com.mongodb.internal.connection.InternalStreamConnection.receiveCommandMessageResponse(InternalStreamConnection.java:451) ~[mongodb-driver-core-4.11.2.jar:na]
	at com.mongodb.internal.connection.InternalStreamConnection.receive(InternalStreamConnection.java:404) ~[mongodb-driver-core-4.11.2.jar:na]
	at com.mongodb.internal.connection.DefaultServerMonitor$ServerMonitorRunnable.lookupServerDescription(DefaultServerMonitor.java:221) ~[mongodb-driver-core-4.11.2.jar:na]
	at com.mongodb.internal.connection.DefaultServerMonitor$ServerMonitorRunnable.run(DefaultServerMonitor.java:153) ~[mongodb-driver-core-4.11.2.jar:na]
	at java.base/java.lang.Thread.run(Thread.java:1583) ~[na:na]
Caused by: java.net.SocketTimeoutException: Read timed out
	at java.base/sun.nio.ch.NioSocketImpl.timedRead(NioSocketImpl.java:278) ~[na:na]
	at java.base/sun.nio.ch.NioSocketImpl.implRead(NioSocketImpl.java:304) ~[na:na]
	at java.base/sun.nio.ch.NioSocketImpl.read(NioSocketImpl.java:346) ~[na:na]
	at java.base/sun.nio.ch.NioSocketImpl$1.read(NioSocketImpl.java:796) ~[na:na]
	at java.base/java.net.Socket$SocketInputStream.read(Socket.java:1099) ~[na:na]
	at java.base/sun.security.ssl.SSLSocketInputRecord.read(SSLSocketInputRecord.java:489) ~[na:na]
	at java.base/sun.security.ssl.SSLSocketInputRecord.readHeader(SSLSocketInputRecord.java:483) ~[na:na]
	at java.base/sun.security.ssl.SSLSocketInputRecord.bytesInCompletePacket(SSLSocketInputRecord.java:70) ~[na:na]
	at java.base/sun.security.ssl.SSLSocketImpl.readApplicationRecord(SSLSocketImpl.java:1461) ~[na:na]
	at java.base/sun.security.ssl.SSLSocketImpl$AppInputStream.read(SSLSocketImpl.java:1066) ~[na:na]
	at com.mongodb.internal.connection.SocketStream.read(SocketStream.java:175) ~[mongodb-driver-core-4.11.2.jar:na]
	at com.mongodb.internal.connection.SocketStream.read(SocketStream.java:200) ~[mongodb-driver-core-4.11.2.jar:na]
	at com.mongodb.internal.connection.InternalStreamConnection.receiveResponseBuffers(InternalStreamConnection.java:739) ~[mongodb-driver-core-4.11.2.jar:na]
	at com.mongodb.internal.connection.InternalStreamConnection.receiveMessageWithAdditionalTimeout(InternalStreamConnection.java:603) ~[mongodb-driver-core-4.11.2.jar:na]
	... 5 common frames omitted

2026-03-28T12:30:19.320+05:30  INFO 99702 --- [academic-service] [ngodb.net:27017] org.mongodb.driver.cluster               : Monitor thread successfully connected to server with description ServerDescription{address=ac-3mufzp1-shard-00-01.4nosy2u.mongodb.net:27017, type=REPLICA_SET_PRIMARY, state=CONNECTED, ok=true, minWireVersion=0, maxWireVersion=25, maxDocumentSize=16777216, logicalSessionTimeoutMinutes=30, roundTripTimeNanos=48157292, setName='atlas-hy5sqn-shard-0', canonicalAddress=ac-3mufzp1-shard-00-01.4nosy2u.mongodb.net:27017, hosts=[ac-3mufzp1-shard-00-00.4nosy2u.mongodb.net:27017, ac-3mufzp1-shard-00-02.4nosy2u.mongodb.net:27017, ac-3mufzp1-shard-00-01.4nosy2u.mongodb.net:27017], passives=[], arbiters=[], primary='ac-3mufzp1-shard-00-01.4nosy2u.mongodb.net:27017', tagSet=TagSet{[Tag{name='availabilityZone', value='aps1-az3'}, Tag{name='diskState', value='READY'}, Tag{name='nodeType', value='ELECTABLE'}, Tag{name='provider', value='AWS'}, Tag{name='region', value='AP_SOUTH_1'}, Tag{name='workloadType', value='OPERATIONAL'}]}, electionId=7fffffff00000000000000ca, setVersion=46, topologyVersion=TopologyVersion{processId=69b311797648454b51f7c7a8, counter=6}, lastWriteDate=Sat Mar 28 12:30:19 IST 2026, lastUpdateTimeNanos=206333168913166}
2026-03-28T12:30:19.321+05:30  INFO 99702 --- [academic-service] [ngodb.net:27017] org.mongodb.driver.cluster               : Discovered replica set primary ac-3mufzp1-shard-00-01.4nosy2u.mongodb.net:27017 with max election id 7fffffff00000000000000ca and max set version 46
2026-03-28T12:30:19.880+05:30  INFO 99702 --- [academic-service] [ngodb.net:27017] org.mongodb.driver.cluster               : Exception in monitor thread while connecting to server ac-3mufzp1-shard-00-02.4nosy2u.mongodb.net:27017

com.mongodb.MongoSocketReadTimeoutException: Timeout while receiving message
	at com.mongodb.internal.connection.InternalStreamConnection.translateReadException(InternalStreamConnection.java:728) ~[mongodb-driver-core-4.11.2.jar:na]
	at com.mongodb.internal.connection.InternalStreamConnection.receiveMessageWithAdditionalTimeout(InternalStreamConnection.java:606) ~[mongodb-driver-core-4.11.2.jar:na]
	at com.mongodb.internal.connection.InternalStreamConnection.receiveCommandMessageResponse(InternalStreamConnection.java:451) ~[mongodb-driver-core-4.11.2.jar:na]
	at com.mongodb.internal.connection.InternalStreamConnection.receive(InternalStreamConnection.java:404) ~[mongodb-driver-core-4.11.2.jar:na]
	at com.mongodb.internal.connection.DefaultServerMonitor$ServerMonitorRunnable.lookupServerDescription(DefaultServerMonitor.java:221) ~[mongodb-driver-core-4.11.2.jar:na]
	at com.mongodb.internal.connection.DefaultServerMonitor$ServerMonitorRunnable.run(DefaultServerMonitor.java:153) ~[mongodb-driver-core-4.11.2.jar:na]
	at java.base/java.lang.Thread.run(Thread.java:1583) ~[na:na]
Caused by: java.net.SocketTimeoutException: Read timed out
	at java.base/sun.nio.ch.NioSocketImpl.timedRead(NioSocketImpl.java:278) ~[na:na]
	at java.base/sun.nio.ch.NioSocketImpl.implRead(NioSocketImpl.java:304) ~[na:na]
	at java.base/sun.nio.ch.NioSocketImpl.read(NioSocketImpl.java:346) ~[na:na]
	at java.base/sun.nio.ch.NioSocketImpl$1.read(NioSocketImpl.java:796) ~[na:na]
	at java.base/java.net.Socket$SocketInputStream.read(Socket.java:1099) ~[na:na]
	at java.base/sun.security.ssl.SSLSocketInputRecord.read(SSLSocketInputRecord.java:489) ~[na:na]
	at java.base/sun.security.ssl.SSLSocketInputRecord.readHeader(SSLSocketInputRecord.java:483) ~[na:na]
	at java.base/sun.security.ssl.SSLSocketInputRecord.bytesInCompletePacket(SSLSocketInputRecord.java:70) ~[na:na]
	at java.base/sun.security.ssl.SSLSocketImpl.readApplicationRecord(SSLSocketImpl.java:1461) ~[na:na]
	at java.base/sun.security.ssl.SSLSocketImpl$AppInputStream.read(SSLSocketImpl.java:1066) ~[na:na]
	at com.mongodb.internal.connection.SocketStream.read(SocketStream.java:175) ~[mongodb-driver-core-4.11.2.jar:na]
	at com.mongodb.internal.connection.SocketStream.read(SocketStream.java:200) ~[mongodb-driver-core-4.11.2.jar:na]
	at com.mongodb.internal.connection.InternalStreamConnection.receiveResponseBuffers(InternalStreamConnection.java:739) ~[mongodb-driver-core-4.11.2.jar:na]
	at com.mongodb.internal.connection.InternalStreamConnection.receiveMessageWithAdditionalTimeout(InternalStreamConnection.java:603) ~[mongodb-driver-core-4.11.2.jar:na]
	... 5 common frames omitted

2026-03-28T12:30:19.984+05:30  INFO 99702 --- [academic-service] [ngodb.net:27017] org.mongodb.driver.cluster               : Monitor thread successfully connected to server with description ServerDescription{address=ac-3mufzp1-shard-00-02.4nosy2u.mongodb.net:27017, type=REPLICA_SET_SECONDARY, state=CONNECTED, ok=true, minWireVersion=0, maxWireVersion=25, maxDocumentSize=16777216, logicalSessionTimeoutMinutes=30, roundTripTimeNanos=42521417, setName='atlas-hy5sqn-shard-0', canonicalAddress=ac-3mufzp1-shard-00-02.4nosy2u.mongodb.net:27017, hosts=[ac-3mufzp1-shard-00-00.4nosy2u.mongodb.net:27017, ac-3mufzp1-shard-00-02.4nosy2u.mongodb.net:27017, ac-3mufzp1-shard-00-01.4nosy2u.mongodb.net:27017], passives=[], arbiters=[], primary='ac-3mufzp1-shard-00-01.4nosy2u.mongodb.net:27017', tagSet=TagSet{[Tag{name='availabilityZone', value='aps1-az2'}, Tag{name='diskState', value='READY'}, Tag{name='nodeType', value='ELECTABLE'}, Tag{name='provider', value='AWS'}, Tag{name='region', value='AP_SOUTH_1'}, Tag{name='workloadType', value='OPERATIONAL'}]}, electionId=null, setVersion=46, topologyVersion=TopologyVersion{processId=69b31436cf980eb974c6b7c1, counter=3}, lastWriteDate=Sat Mar 28 12:30:19 IST 2026, lastUpdateTimeNanos=206333833900208}
2026-03-28T12:31:34.499+05:30  INFO 99702 --- [academic-service] [ngodb.net:27017] org.mongodb.driver.cluster               : Exception in monitor thread while connecting to server ac-3mufzp1-shard-00-01.4nosy2u.mongodb.net:27017

com.mongodb.MongoSocketReadTimeoutException: Timeout while receiving message
	at com.mongodb.internal.connection.InternalStreamConnection.translateReadException(InternalStreamConnection.java:728) ~[mongodb-driver-core-4.11.2.jar:na]
	at com.mongodb.internal.connection.InternalStreamConnection.receiveMessageWithAdditionalTimeout(InternalStreamConnection.java:606) ~[mongodb-driver-core-4.11.2.jar:na]
	at com.mongodb.internal.connection.InternalStreamConnection.receiveCommandMessageResponse(InternalStreamConnection.java:451) ~[mongodb-driver-core-4.11.2.jar:na]
	at com.mongodb.internal.connection.InternalStreamConnection.receive(InternalStreamConnection.java:404) ~[mongodb-driver-core-4.11.2.jar:na]
	at com.mongodb.internal.connection.DefaultServerMonitor$ServerMonitorRunnable.lookupServerDescription(DefaultServerMonitor.java:221) ~[mongodb-driver-core-4.11.2.jar:na]
	at com.mongodb.internal.connection.DefaultServerMonitor$ServerMonitorRunnable.run(DefaultServerMonitor.java:153) ~[mongodb-driver-core-4.11.2.jar:na]
	at java.base/java.lang.Thread.run(Thread.java:1583) ~[na:na]
Caused by: java.net.SocketTimeoutException: Read timed out
	at java.base/sun.nio.ch.NioSocketImpl.timedRead(NioSocketImpl.java:278) ~[na:na]
	at java.base/sun.nio.ch.NioSocketImpl.implRead(NioSocketImpl.java:304) ~[na:na]
	at java.base/sun.nio.ch.NioSocketImpl.read(NioSocketImpl.java:346) ~[na:na]
	at java.base/sun.nio.ch.NioSocketImpl$1.read(NioSocketImpl.java:796) ~[na:na]
	at java.base/java.net.Socket$SocketInputStream.read(Socket.java:1099) ~[na:na]
	at java.base/sun.security.ssl.SSLSocketInputRecord.read(SSLSocketInputRecord.java:489) ~[na:na]
	at java.base/sun.security.ssl.SSLSocketInputRecord.readHeader(SSLSocketInputRecord.java:483) ~[na:na]
	at java.base/sun.security.ssl.SSLSocketInputRecord.bytesInCompletePacket(SSLSocketInputRecord.java:70) ~[na:na]
	at java.base/sun.security.ssl.SSLSocketImpl.readApplicationRecord(SSLSocketImpl.java:1461) ~[na:na]
	at java.base/sun.security.ssl.SSLSocketImpl$AppInputStream.read(SSLSocketImpl.java:1066) ~[na:na]
	at com.mongodb.internal.connection.SocketStream.read(SocketStream.java:175) ~[mongodb-driver-core-4.11.2.jar:na]
	at com.mongodb.internal.connection.SocketStream.read(SocketStream.java:200) ~[mongodb-driver-core-4.11.2.jar:na]
	at com.mongodb.internal.connection.InternalStreamConnection.receiveResponseBuffers(InternalStreamConnection.java:739) ~[mongodb-driver-core-4.11.2.jar:na]
	at com.mongodb.internal.connection.InternalStreamConnection.receiveMessageWithAdditionalTimeout(InternalStreamConnection.java:603) ~[mongodb-driver-core-4.11.2.jar:na]
	... 5 common frames omitted

2026-03-28T12:31:34.883+05:30  INFO 99702 --- [academic-service] [ngodb.net:27017] org.mongodb.driver.cluster               : Monitor thread successfully connected to server with description ServerDescription{address=ac-3mufzp1-shard-00-01.4nosy2u.mongodb.net:27017, type=REPLICA_SET_PRIMARY, state=CONNECTED, ok=true, minWireVersion=0, maxWireVersion=25, maxDocumentSize=16777216, logicalSessionTimeoutMinutes=30, roundTripTimeNanos=60436334, setName='atlas-hy5sqn-shard-0', canonicalAddress=ac-3mufzp1-shard-00-01.4nosy2u.mongodb.net:27017, hosts=[ac-3mufzp1-shard-00-00.4nosy2u.mongodb.net:27017, ac-3mufzp1-shard-00-02.4nosy2u.mongodb.net:27017, ac-3mufzp1-shard-00-01.4nosy2u.mongodb.net:27017], passives=[], arbiters=[], primary='ac-3mufzp1-shard-00-01.4nosy2u.mongodb.net:27017', tagSet=TagSet{[Tag{name='availabilityZone', value='aps1-az3'}, Tag{name='diskState', value='READY'}, Tag{name='nodeType', value='ELECTABLE'}, Tag{name='provider', value='AWS'}, Tag{name='region', value='AP_SOUTH_1'}, Tag{name='workloadType', value='OPERATIONAL'}]}, electionId=7fffffff00000000000000ca, setVersion=46, topologyVersion=TopologyVersion{processId=69b311797648454b51f7c7a8, counter=6}, lastWriteDate=Sat Mar 28 12:31:34 IST 2026, lastUpdateTimeNanos=206373591395375}
2026-03-28T12:31:34.883+05:30  INFO 99702 --- [academic-service] [ngodb.net:27017] org.mongodb.driver.cluster               : Discovered replica set primary ac-3mufzp1-shard-00-01.4nosy2u.mongodb.net:27017 with max election id 7fffffff00000000000000ca and max set version 46
2026-03-28T12:31:35.150+05:30  INFO 99702 --- [academic-service] [ngodb.net:27017] org.mongodb.driver.cluster               : Exception in monitor thread while connecting to server ac-3mufzp1-shard-00-02.4nosy2u.mongodb.net:27017

com.mongodb.MongoSocketReadTimeoutException: Timeout while receiving message
	at com.mongodb.internal.connection.InternalStreamConnection.translateReadException(InternalStreamConnection.java:728) ~[mongodb-driver-core-4.11.2.jar:na]
	at com.mongodb.internal.connection.InternalStreamConnection.receiveMessageWithAdditionalTimeout(InternalStreamConnection.java:606) ~[mongodb-driver-core-4.11.2.jar:na]
	at com.mongodb.internal.connection.InternalStreamConnection.receiveCommandMessageResponse(InternalStreamConnection.java:451) ~[mongodb-driver-core-4.11.2.jar:na]
	at com.mongodb.internal.connection.InternalStreamConnection.receive(InternalStreamConnection.java:404) ~[mongodb-driver-core-4.11.2.jar:na]
	at com.mongodb.internal.connection.DefaultServerMonitor$ServerMonitorRunnable.lookupServerDescription(DefaultServerMonitor.java:221) ~[mongodb-driver-core-4.11.2.jar:na]
	at com.mongodb.internal.connection.DefaultServerMonitor$ServerMonitorRunnable.run(DefaultServerMonitor.java:153) ~[mongodb-driver-core-4.11.2.jar:na]
	at java.base/java.lang.Thread.run(Thread.java:1583) ~[na:na]
Caused by: java.net.SocketTimeoutException: Read timed out
	at java.base/sun.nio.ch.NioSocketImpl.timedRead(NioSocketImpl.java:278) ~[na:na]
	at java.base/sun.nio.ch.NioSocketImpl.implRead(NioSocketImpl.java:304) ~[na:na]
	at java.base/sun.nio.ch.NioSocketImpl.read(NioSocketImpl.java:346) ~[na:na]
	at java.base/sun.nio.ch.NioSocketImpl$1.read(NioSocketImpl.java:796) ~[na:na]
	at java.base/java.net.Socket$SocketInputStream.read(Socket.java:1099) ~[na:na]
	at java.base/sun.security.ssl.SSLSocketInputRecord.read(SSLSocketInputRecord.java:489) ~[na:na]
	at java.base/sun.security.ssl.SSLSocketInputRecord.readHeader(SSLSocketInputRecord.java:483) ~[na:na]
	at java.base/sun.security.ssl.SSLSocketInputRecord.bytesInCompletePacket(SSLSocketInputRecord.java:70) ~[na:na]
	at java.base/sun.security.ssl.SSLSocketImpl.readApplicationRecord(SSLSocketImpl.java:1461) ~[na:na]
	at java.base/sun.security.ssl.SSLSocketImpl$AppInputStream.read(SSLSocketImpl.java:1066) ~[na:na]
	at com.mongodb.internal.connection.SocketStream.read(SocketStream.java:175) ~[mongodb-driver-core-4.11.2.jar:na]
	at com.mongodb.internal.connection.SocketStream.read(SocketStream.java:200) ~[mongodb-driver-core-4.11.2.jar:na]
	at com.mongodb.internal.connection.InternalStreamConnection.receiveResponseBuffers(InternalStreamConnection.java:739) ~[mongodb-driver-core-4.11.2.jar:na]
	at com.mongodb.internal.connection.InternalStreamConnection.receiveMessageWithAdditionalTimeout(InternalStreamConnection.java:603) ~[mongodb-driver-core-4.11.2.jar:na]
	... 5 common frames omitted

2026-03-28T12:31:35.260+05:30  INFO 99702 --- [academic-service] [ngodb.net:27017] org.mongodb.driver.cluster               : Monitor thread successfully connected to server with description ServerDescription{address=ac-3mufzp1-shard-00-02.4nosy2u.mongodb.net:27017, type=REPLICA_SET_SECONDARY, state=CONNECTED, ok=true, minWireVersion=0, maxWireVersion=25, maxDocumentSize=16777216, logicalSessionTimeoutMinutes=30, roundTripTimeNanos=45475916, setName='atlas-hy5sqn-shard-0', canonicalAddress=ac-3mufzp1-shard-00-02.4nosy2u.mongodb.net:27017, hosts=[ac-3mufzp1-shard-00-00.4nosy2u.mongodb.net:27017, ac-3mufzp1-shard-00-02.4nosy2u.mongodb.net:27017, ac-3mufzp1-shard-00-01.4nosy2u.mongodb.net:27017], passives=[], arbiters=[], primary='ac-3mufzp1-shard-00-01.4nosy2u.mongodb.net:27017', tagSet=TagSet{[Tag{name='availabilityZone', value='aps1-az2'}, Tag{name='diskState', value='READY'}, Tag{name='nodeType', value='ELECTABLE'}, Tag{name='provider', value='AWS'}, Tag{name='region', value='AP_SOUTH_1'}, Tag{name='workloadType', value='OPERATIONAL'}]}, electionId=null, setVersion=46, topologyVersion=TopologyVersion{processId=69b31436cf980eb974c6b7c1, counter=3}, lastWriteDate=Sat Mar 28 12:31:35 IST 2026, lastUpdateTimeNanos=206373969419000}
2026-03-28T12:35:51.454+05:30  INFO 99702 --- [academic-service] [trap-executor-0] c.n.d.s.r.aws.ConfigClusterResolver      : Resolving eureka endpoints via configuration
2026-03-28T12:40:51.460+05:30  INFO 99702 --- [academic-service] [trap-executor-0] c.n.d.s.r.aws.ConfigClusterResolver      : Resolving eureka endpoints via configuration
2026-03-28T12:45:51.458+05:30  INFO 99702 --- [academic-service] [trap-executor-0] c.n.d.s.r.aws.ConfigClusterResolver      : Resolving eureka endpoints via configuration
2026-03-28T12:51:54.706+05:30  INFO 99702 --- [academic-service] [ngodb.net:27017] org.mongodb.driver.cluster               : Exception in monitor thread while connecting to server ac-3mufzp1-shard-00-01.4nosy2u.mongodb.net:27017

com.mongodb.MongoSocketReadTimeoutException: Timeout while receiving message
	at com.mongodb.internal.connection.InternalStreamConnection.translateReadException(InternalStreamConnection.java:728) ~[mongodb-driver-core-4.11.2.jar:na]
	at com.mongodb.internal.connection.InternalStreamConnection.receiveMessageWithAdditionalTimeout(InternalStreamConnection.java:606) ~[mongodb-driver-core-4.11.2.jar:na]
	at com.mongodb.internal.connection.InternalStreamConnection.receiveCommandMessageResponse(InternalStreamConnection.java:451) ~[mongodb-driver-core-4.11.2.jar:na]
	at com.mongodb.internal.connection.InternalStreamConnection.receive(InternalStreamConnection.java:404) ~[mongodb-driver-core-4.11.2.jar:na]
	at com.mongodb.internal.connection.DefaultServerMonitor$ServerMonitorRunnable.lookupServerDescription(DefaultServerMonitor.java:221) ~[mongodb-driver-core-4.11.2.jar:na]
	at com.mongodb.internal.connection.DefaultServerMonitor$ServerMonitorRunnable.run(DefaultServerMonitor.java:153) ~[mongodb-driver-core-4.11.2.jar:na]
	at java.base/java.lang.Thread.run(Thread.java:1583) ~[na:na]
Caused by: java.net.SocketTimeoutException: Read timed out
	at java.base/sun.nio.ch.NioSocketImpl.timedRead(NioSocketImpl.java:278) ~[na:na]
	at java.base/sun.nio.ch.NioSocketImpl.implRead(NioSocketImpl.java:304) ~[na:na]
	at java.base/sun.nio.ch.NioSocketImpl.read(NioSocketImpl.java:346) ~[na:na]
	at java.base/sun.nio.ch.NioSocketImpl$1.read(NioSocketImpl.java:796) ~[na:na]
	at java.base/java.net.Socket$SocketInputStream.read(Socket.java:1099) ~[na:na]
	at java.base/sun.security.ssl.SSLSocketInputRecord.read(SSLSocketInputRecord.java:489) ~[na:na]
	at java.base/sun.security.ssl.SSLSocketInputRecord.readHeader(SSLSocketInputRecord.java:483) ~[na:na]
	at java.base/sun.security.ssl.SSLSocketInputRecord.bytesInCompletePacket(SSLSocketInputRecord.java:70) ~[na:na]
	at java.base/sun.security.ssl.SSLSocketImpl.readApplicationRecord(SSLSocketImpl.java:1461) ~[na:na]
	at java.base/sun.security.ssl.SSLSocketImpl$AppInputStream.read(SSLSocketImpl.java:1066) ~[na:na]
	at com.mongodb.internal.connection.SocketStream.read(SocketStream.java:175) ~[mongodb-driver-core-4.11.2.jar:na]
	at com.mongodb.internal.connection.SocketStream.read(SocketStream.java:200) ~[mongodb-driver-core-4.11.2.jar:na]
	at com.mongodb.internal.connection.InternalStreamConnection.receiveResponseBuffers(InternalStreamConnection.java:739) ~[mongodb-driver-core-4.11.2.jar:na]
	at com.mongodb.internal.connection.InternalStreamConnection.receiveMessageWithAdditionalTimeout(InternalStreamConnection.java:603) ~[mongodb-driver-core-4.11.2.jar:na]
	... 5 common frames omitted

2026-03-28T12:51:55.286+05:30  INFO 99702 --- [academic-service] [ngodb.net:27017] org.mongodb.driver.cluster               : Exception in monitor thread while connecting to server ac-3mufzp1-shard-00-02.4nosy2u.mongodb.net:27017

com.mongodb.MongoSocketReadTimeoutException: Timeout while receiving message
	at com.mongodb.internal.connection.InternalStreamConnection.translateReadException(InternalStreamConnection.java:728) ~[mongodb-driver-core-4.11.2.jar:na]
	at com.mongodb.internal.connection.InternalStreamConnection.receiveMessageWithAdditionalTimeout(InternalStreamConnection.java:606) ~[mongodb-driver-core-4.11.2.jar:na]
	at com.mongodb.internal.connection.InternalStreamConnection.receiveCommandMessageResponse(InternalStreamConnection.java:451) ~[mongodb-driver-core-4.11.2.jar:na]
	at com.mongodb.internal.connection.InternalStreamConnection.receive(InternalStreamConnection.java:404) ~[mongodb-driver-core-4.11.2.jar:na]
	at com.mongodb.internal.connection.DefaultServerMonitor$ServerMonitorRunnable.lookupServerDescription(DefaultServerMonitor.java:221) ~[mongodb-driver-core-4.11.2.jar:na]
	at com.mongodb.internal.connection.DefaultServerMonitor$ServerMonitorRunnable.run(DefaultServerMonitor.java:153) ~[mongodb-driver-core-4.11.2.jar:na]
	at java.base/java.lang.Thread.run(Thread.java:1583) ~[na:na]
Caused by: java.net.SocketTimeoutException: Read timed out
	at java.base/sun.nio.ch.NioSocketImpl.timedRead(NioSocketImpl.java:278) ~[na:na]
	at java.base/sun.nio.ch.NioSocketImpl.implRead(NioSocketImpl.java:304) ~[na:na]
	at java.base/sun.nio.ch.NioSocketImpl.read(NioSocketImpl.java:346) ~[na:na]
	at java.base/sun.nio.ch.NioSocketImpl$1.read(NioSocketImpl.java:796) ~[na:na]
	at java.base/java.net.Socket$SocketInputStream.read(Socket.java:1099) ~[na:na]
	at java.base/sun.security.ssl.SSLSocketInputRecord.read(SSLSocketInputRecord.java:489) ~[na:na]
	at java.base/sun.security.ssl.SSLSocketInputRecord.readHeader(SSLSocketInputRecord.java:483) ~[na:na]
	at java.base/sun.security.ssl.SSLSocketInputRecord.bytesInCompletePacket(SSLSocketInputRecord.java:70) ~[na:na]
	at java.base/sun.security.ssl.SSLSocketImpl.readApplicationRecord(SSLSocketImpl.java:1461) ~[na:na]
	at java.base/sun.security.ssl.SSLSocketImpl$AppInputStream.read(SSLSocketImpl.java:1066) ~[na:na]
	at com.mongodb.internal.connection.SocketStream.read(SocketStream.java:175) ~[mongodb-driver-core-4.11.2.jar:na]
	at com.mongodb.internal.connection.SocketStream.read(SocketStream.java:200) ~[mongodb-driver-core-4.11.2.jar:na]
	at com.mongodb.internal.connection.InternalStreamConnection.receiveResponseBuffers(InternalStreamConnection.java:739) ~[mongodb-driver-core-4.11.2.jar:na]
	at com.mongodb.internal.connection.InternalStreamConnection.receiveMessageWithAdditionalTimeout(InternalStreamConnection.java:603) ~[mongodb-driver-core-4.11.2.jar:na]
	... 5 common frames omitted

2026-03-28T12:51:55.508+05:30  INFO 99702 --- [academic-service] [ngodb.net:27017] org.mongodb.driver.cluster               : Monitor thread successfully connected to server with description ServerDescription{address=ac-3mufzp1-shard-00-01.4nosy2u.mongodb.net:27017, type=REPLICA_SET_PRIMARY, state=CONNECTED, ok=true, minWireVersion=0, maxWireVersion=25, maxDocumentSize=16777216, logicalSessionTimeoutMinutes=30, roundTripTimeNanos=306521667, setName='atlas-hy5sqn-shard-0', canonicalAddress=ac-3mufzp1-shard-00-01.4nosy2u.mongodb.net:27017, hosts=[ac-3mufzp1-shard-00-00.4nosy2u.mongodb.net:27017, ac-3mufzp1-shard-00-02.4nosy2u.mongodb.net:27017, ac-3mufzp1-shard-00-01.4nosy2u.mongodb.net:27017], passives=[], arbiters=[], primary='ac-3mufzp1-shard-00-01.4nosy2u.mongodb.net:27017', tagSet=TagSet{[Tag{name='availabilityZone', value='aps1-az3'}, Tag{name='diskState', value='READY'}, Tag{name='nodeType', value='ELECTABLE'}, Tag{name='provider', value='AWS'}, Tag{name='region', value='AP_SOUTH_1'}, Tag{name='workloadType', value='OPERATIONAL'}]}, electionId=7fffffff00000000000000ca, setVersion=46, topologyVersion=TopologyVersion{processId=69b311797648454b51f7c7a8, counter=6}, lastWriteDate=Sat Mar 28 12:51:55 IST 2026, lastUpdateTimeNanos=207394965465000}
2026-03-28T12:51:55.508+05:30  INFO 99702 --- [academic-service] [ngodb.net:27017] org.mongodb.driver.cluster               : Discovered replica set primary ac-3mufzp1-shard-00-01.4nosy2u.mongodb.net:27017 with max election id 7fffffff00000000000000ca and max set version 46
2026-03-28T12:51:55.714+05:30  INFO 99702 --- [academic-service] [ngodb.net:27017] org.mongodb.driver.cluster               : Monitor thread successfully connected to server with description ServerDescription{address=ac-3mufzp1-shard-00-02.4nosy2u.mongodb.net:27017, type=REPLICA_SET_SECONDARY, state=CONNECTED, ok=true, minWireVersion=0, maxWireVersion=25, maxDocumentSize=16777216, logicalSessionTimeoutMinutes=30, roundTripTimeNanos=196208000, setName='atlas-hy5sqn-shard-0', canonicalAddress=ac-3mufzp1-shard-00-02.4nosy2u.mongodb.net:27017, hosts=[ac-3mufzp1-shard-00-00.4nosy2u.mongodb.net:27017, ac-3mufzp1-shard-00-02.4nosy2u.mongodb.net:27017, ac-3mufzp1-shard-00-01.4nosy2u.mongodb.net:27017], passives=[], arbiters=[], primary='ac-3mufzp1-shard-00-01.4nosy2u.mongodb.net:27017', tagSet=TagSet{[Tag{name='availabilityZone', value='aps1-az2'}, Tag{name='diskState', value='READY'}, Tag{name='nodeType', value='ELECTABLE'}, Tag{name='provider', value='AWS'}, Tag{name='region', value='AP_SOUTH_1'}, Tag{name='workloadType', value='OPERATIONAL'}]}, electionId=null, setVersion=46, topologyVersion=TopologyVersion{processId=69b31436cf980eb974c6b7c1, counter=3}, lastWriteDate=Sat Mar 28 12:51:55 IST 2026, lastUpdateTimeNanos=207395171907666}
2026-03-28T12:51:56.810+05:30  INFO 99702 --- [academic-service] [ngodb.net:27017] org.mongodb.driver.cluster               : Exception in monitor thread while connecting to server ac-3mufzp1-shard-00-00.4nosy2u.mongodb.net:27017

com.mongodb.MongoSocketReadTimeoutException: Timeout while receiving message
	at com.mongodb.internal.connection.InternalStreamConnection.translateReadException(InternalStreamConnection.java:728) ~[mongodb-driver-core-4.11.2.jar:na]
	at com.mongodb.internal.connection.InternalStreamConnection.receiveMessageWithAdditionalTimeout(InternalStreamConnection.java:606) ~[mongodb-driver-core-4.11.2.jar:na]
	at com.mongodb.internal.connection.InternalStreamConnection.receiveCommandMessageResponse(InternalStreamConnection.java:451) ~[mongodb-driver-core-4.11.2.jar:na]
	at com.mongodb.internal.connection.InternalStreamConnection.receive(InternalStreamConnection.java:404) ~[mongodb-driver-core-4.11.2.jar:na]
	at com.mongodb.internal.connection.DefaultServerMonitor$ServerMonitorRunnable.lookupServerDescription(DefaultServerMonitor.java:221) ~[mongodb-driver-core-4.11.2.jar:na]
	at com.mongodb.internal.connection.DefaultServerMonitor$ServerMonitorRunnable.run(DefaultServerMonitor.java:153) ~[mongodb-driver-core-4.11.2.jar:na]
	at java.base/java.lang.Thread.run(Thread.java:1583) ~[na:na]
Caused by: java.net.SocketTimeoutException: Read timed out
	at java.base/sun.nio.ch.NioSocketImpl.timedRead(NioSocketImpl.java:278) ~[na:na]
	at java.base/sun.nio.ch.NioSocketImpl.implRead(NioSocketImpl.java:304) ~[na:na]
	at java.base/sun.nio.ch.NioSocketImpl.read(NioSocketImpl.java:346) ~[na:na]
	at java.base/sun.nio.ch.NioSocketImpl$1.read(NioSocketImpl.java:796) ~[na:na]
	at java.base/java.net.Socket$SocketInputStream.read(Socket.java:1099) ~[na:na]
	at java.base/sun.security.ssl.SSLSocketInputRecord.read(SSLSocketInputRecord.java:489) ~[na:na]
	at java.base/sun.security.ssl.SSLSocketInputRecord.readHeader(SSLSocketInputRecord.java:483) ~[na:na]
	at java.base/sun.security.ssl.SSLSocketInputRecord.bytesInCompletePacket(SSLSocketInputRecord.java:70) ~[na:na]
	at java.base/sun.security.ssl.SSLSocketImpl.readApplicationRecord(SSLSocketImpl.java:1461) ~[na:na]
	at java.base/sun.security.ssl.SSLSocketImpl$AppInputStream.read(SSLSocketImpl.java:1066) ~[na:na]
	at com.mongodb.internal.connection.SocketStream.read(SocketStream.java:175) ~[mongodb-driver-core-4.11.2.jar:na]
	at com.mongodb.internal.connection.SocketStream.read(SocketStream.java:200) ~[mongodb-driver-core-4.11.2.jar:na]
	at com.mongodb.internal.connection.InternalStreamConnection.receiveResponseBuffers(InternalStreamConnection.java:739) ~[mongodb-driver-core-4.11.2.jar:na]
	at com.mongodb.internal.connection.InternalStreamConnection.receiveMessageWithAdditionalTimeout(InternalStreamConnection.java:603) ~[mongodb-driver-core-4.11.2.jar:na]
	... 5 common frames omitted

2026-03-28T12:51:57.298+05:30  INFO 99702 --- [academic-service] [ngodb.net:27017] org.mongodb.driver.cluster               : Monitor thread successfully connected to server with description ServerDescription{address=ac-3mufzp1-shard-00-00.4nosy2u.mongodb.net:27017, type=REPLICA_SET_SECONDARY, state=CONNECTED, ok=true, minWireVersion=0, maxWireVersion=25, maxDocumentSize=16777216, logicalSessionTimeoutMinutes=30, roundTripTimeNanos=211816291, setName='atlas-hy5sqn-shard-0', canonicalAddress=ac-3mufzp1-shard-00-00.4nosy2u.mongodb.net:27017, hosts=[ac-3mufzp1-shard-00-00.4nosy2u.mongodb.net:27017, ac-3mufzp1-shard-00-02.4nosy2u.mongodb.net:27017, ac-3mufzp1-shard-00-01.4nosy2u.mongodb.net:27017], passives=[], arbiters=[], primary='ac-3mufzp1-shard-00-01.4nosy2u.mongodb.net:27017', tagSet=TagSet{[Tag{name='availabilityZone', value='aps1-az1'}, Tag{name='diskState', value='READY'}, Tag{name='nodeType', value='ELECTABLE'}, Tag{name='provider', value='AWS'}, Tag{name='region', value='AP_SOUTH_1'}, Tag{name='workloadType', value='OPERATIONAL'}]}, electionId=null, setVersion=46, topologyVersion=TopologyVersion{processId=69b30edff67384ce6d9efce1, counter=4}, lastWriteDate=Sat Mar 28 12:51:57 IST 2026, lastUpdateTimeNanos=207396756482041}
2026-03-28T12:54:20.723+05:30  INFO 99702 --- [academic-service] [ngodb.net:27017] org.mongodb.driver.cluster               : Exception in monitor thread while connecting to server ac-3mufzp1-shard-00-01.4nosy2u.mongodb.net:27017

com.mongodb.MongoSocketReadTimeoutException: Timeout while receiving message
	at com.mongodb.internal.connection.InternalStreamConnection.translateReadException(InternalStreamConnection.java:728) ~[mongodb-driver-core-4.11.2.jar:na]
	at com.mongodb.internal.connection.InternalStreamConnection.receiveMessageWithAdditionalTimeout(InternalStreamConnection.java:606) ~[mongodb-driver-core-4.11.2.jar:na]
	at com.mongodb.internal.connection.InternalStreamConnection.receiveCommandMessageResponse(InternalStreamConnection.java:451) ~[mongodb-driver-core-4.11.2.jar:na]
	at com.mongodb.internal.connection.InternalStreamConnection.receive(InternalStreamConnection.java:404) ~[mongodb-driver-core-4.11.2.jar:na]
	at com.mongodb.internal.connection.DefaultServerMonitor$ServerMonitorRunnable.lookupServerDescription(DefaultServerMonitor.java:221) ~[mongodb-driver-core-4.11.2.jar:na]
	at com.mongodb.internal.connection.DefaultServerMonitor$ServerMonitorRunnable.run(DefaultServerMonitor.java:153) ~[mongodb-driver-core-4.11.2.jar:na]
	at java.base/java.lang.Thread.run(Thread.java:1583) ~[na:na]
Caused by: java.net.SocketTimeoutException: Read timed out
	at java.base/sun.nio.ch.NioSocketImpl.timedRead(NioSocketImpl.java:278) ~[na:na]
	at java.base/sun.nio.ch.NioSocketImpl.implRead(NioSocketImpl.java:304) ~[na:na]
	at java.base/sun.nio.ch.NioSocketImpl.read(NioSocketImpl.java:346) ~[na:na]
	at java.base/sun.nio.ch.NioSocketImpl$1.read(NioSocketImpl.java:796) ~[na:na]
	at java.base/java.net.Socket$SocketInputStream.read(Socket.java:1099) ~[na:na]
	at java.base/sun.security.ssl.SSLSocketInputRecord.read(SSLSocketInputRecord.java:489) ~[na:na]
	at java.base/sun.security.ssl.SSLSocketInputRecord.readHeader(SSLSocketInputRecord.java:483) ~[na:na]
	at java.base/sun.security.ssl.SSLSocketInputRecord.bytesInCompletePacket(SSLSocketInputRecord.java:70) ~[na:na]
	at java.base/sun.security.ssl.SSLSocketImpl.readApplicationRecord(SSLSocketImpl.java:1461) ~[na:na]
	at java.base/sun.security.ssl.SSLSocketImpl$AppInputStream.read(SSLSocketImpl.java:1066) ~[na:na]
	at com.mongodb.internal.connection.SocketStream.read(SocketStream.java:175) ~[mongodb-driver-core-4.11.2.jar:na]
	at com.mongodb.internal.connection.SocketStream.read(SocketStream.java:200) ~[mongodb-driver-core-4.11.2.jar:na]
	at com.mongodb.internal.connection.InternalStreamConnection.receiveResponseBuffers(InternalStreamConnection.java:739) ~[mongodb-driver-core-4.11.2.jar:na]
	at com.mongodb.internal.connection.InternalStreamConnection.receiveMessageWithAdditionalTimeout(InternalStreamConnection.java:603) ~[mongodb-driver-core-4.11.2.jar:na]
	... 5 common frames omitted

2026-03-28T12:54:20.860+05:30  INFO 99702 --- [academic-service] [ngodb.net:27017] org.mongodb.driver.cluster               : Monitor thread successfully connected to server with description ServerDescription{address=ac-3mufzp1-shard-00-01.4nosy2u.mongodb.net:27017, type=REPLICA_SET_PRIMARY, state=CONNECTED, ok=true, minWireVersion=0, maxWireVersion=25, maxDocumentSize=16777216, logicalSessionTimeoutMinutes=30, roundTripTimeNanos=46470875, setName='atlas-hy5sqn-shard-0', canonicalAddress=ac-3mufzp1-shard-00-01.4nosy2u.mongodb.net:27017, hosts=[ac-3mufzp1-shard-00-00.4nosy2u.mongodb.net:27017, ac-3mufzp1-shard-00-02.4nosy2u.mongodb.net:27017, ac-3mufzp1-shard-00-01.4nosy2u.mongodb.net:27017], passives=[], arbiters=[], primary='ac-3mufzp1-shard-00-01.4nosy2u.mongodb.net:27017', tagSet=TagSet{[Tag{name='availabilityZone', value='aps1-az3'}, Tag{name='diskState', value='READY'}, Tag{name='nodeType', value='ELECTABLE'}, Tag{name='provider', value='AWS'}, Tag{name='region', value='AP_SOUTH_1'}, Tag{name='workloadType', value='OPERATIONAL'}]}, electionId=7fffffff00000000000000ca, setVersion=46, topologyVersion=TopologyVersion{processId=69b311797648454b51f7c7a8, counter=6}, lastWriteDate=Sat Mar 28 12:54:20 IST 2026, lastUpdateTimeNanos=207445145865875}
2026-03-28T12:54:20.860+05:30  INFO 99702 --- [academic-service] [ngodb.net:27017] org.mongodb.driver.cluster               : Discovered replica set primary ac-3mufzp1-shard-00-01.4nosy2u.mongodb.net:27017 with max election id 7fffffff00000000000000ca and max set version 46
2026-03-28T12:54:20.915+05:30  INFO 99702 --- [academic-service] [ngodb.net:27017] org.mongodb.driver.cluster               : Exception in monitor thread while connecting to server ac-3mufzp1-shard-00-02.4nosy2u.mongodb.net:27017

com.mongodb.MongoSocketReadTimeoutException: Timeout while receiving message
	at com.mongodb.internal.connection.InternalStreamConnection.translateReadException(InternalStreamConnection.java:728) ~[mongodb-driver-core-4.11.2.jar:na]
	at com.mongodb.internal.connection.InternalStreamConnection.receiveMessageWithAdditionalTimeout(InternalStreamConnection.java:606) ~[mongodb-driver-core-4.11.2.jar:na]
	at com.mongodb.internal.connection.InternalStreamConnection.receiveCommandMessageResponse(InternalStreamConnection.java:451) ~[mongodb-driver-core-4.11.2.jar:na]
	at com.mongodb.internal.connection.InternalStreamConnection.receive(InternalStreamConnection.java:404) ~[mongodb-driver-core-4.11.2.jar:na]
	at com.mongodb.internal.connection.DefaultServerMonitor$ServerMonitorRunnable.lookupServerDescription(DefaultServerMonitor.java:221) ~[mongodb-driver-core-4.11.2.jar:na]
	at com.mongodb.internal.connection.DefaultServerMonitor$ServerMonitorRunnable.run(DefaultServerMonitor.java:153) ~[mongodb-driver-core-4.11.2.jar:na]
	at java.base/java.lang.Thread.run(Thread.java:1583) ~[na:na]
Caused by: java.net.SocketTimeoutException: Read timed out
	at java.base/sun.nio.ch.NioSocketImpl.timedRead(NioSocketImpl.java:278) ~[na:na]
	at java.base/sun.nio.ch.NioSocketImpl.implRead(NioSocketImpl.java:304) ~[na:na]
	at java.base/sun.nio.ch.NioSocketImpl.read(NioSocketImpl.java:346) ~[na:na]
	at java.base/sun.nio.ch.NioSocketImpl$1.read(NioSocketImpl.java:796) ~[na:na]
	at java.base/java.net.Socket$SocketInputStream.read(Socket.java:1099) ~[na:na]
	at java.base/sun.security.ssl.SSLSocketInputRecord.read(SSLSocketInputRecord.java:489) ~[na:na]
	at java.base/sun.security.ssl.SSLSocketInputRecord.readHeader(SSLSocketInputRecord.java:483) ~[na:na]
	at java.base/sun.security.ssl.SSLSocketInputRecord.bytesInCompletePacket(SSLSocketInputRecord.java:70) ~[na:na]
	at java.base/sun.security.ssl.SSLSocketImpl.readApplicationRecord(SSLSocketImpl.java:1461) ~[na:na]
	at java.base/sun.security.ssl.SSLSocketImpl$AppInputStream.read(SSLSocketImpl.java:1066) ~[na:na]
	at com.mongodb.internal.connection.SocketStream.read(SocketStream.java:175) ~[mongodb-driver-core-4.11.2.jar:na]
	at com.mongodb.internal.connection.SocketStream.read(SocketStream.java:200) ~[mongodb-driver-core-4.11.2.jar:na]
	at com.mongodb.internal.connection.InternalStreamConnection.receiveResponseBuffers(InternalStreamConnection.java:739) ~[mongodb-driver-core-4.11.2.jar:na]
	at com.mongodb.internal.connection.InternalStreamConnection.receiveMessageWithAdditionalTimeout(InternalStreamConnection.java:603) ~[mongodb-driver-core-4.11.2.jar:na]
	... 5 common frames omitted

2026-03-28T12:54:21.025+05:30  INFO 99702 --- [academic-service] [ngodb.net:27017] org.mongodb.driver.cluster               : Monitor thread successfully connected to server with description ServerDescription{address=ac-3mufzp1-shard-00-02.4nosy2u.mongodb.net:27017, type=REPLICA_SET_SECONDARY, state=CONNECTED, ok=true, minWireVersion=0, maxWireVersion=25, maxDocumentSize=16777216, logicalSessionTimeoutMinutes=30, roundTripTimeNanos=45959625, setName='atlas-hy5sqn-shard-0', canonicalAddress=ac-3mufzp1-shard-00-02.4nosy2u.mongodb.net:27017, hosts=[ac-3mufzp1-shard-00-00.4nosy2u.mongodb.net:27017, ac-3mufzp1-shard-00-02.4nosy2u.mongodb.net:27017, ac-3mufzp1-shard-00-01.4nosy2u.mongodb.net:27017], passives=[], arbiters=[], primary='ac-3mufzp1-shard-00-01.4nosy2u.mongodb.net:27017', tagSet=TagSet{[Tag{name='availabilityZone', value='aps1-az2'}, Tag{name='diskState', value='READY'}, Tag{name='nodeType', value='ELECTABLE'}, Tag{name='provider', value='AWS'}, Tag{name='region', value='AP_SOUTH_1'}, Tag{name='workloadType', value='OPERATIONAL'}]}, electionId=null, setVersion=46, topologyVersion=TopologyVersion{processId=69b31436cf980eb974c6b7c1, counter=3}, lastWriteDate=Sat Mar 28 12:54:21 IST 2026, lastUpdateTimeNanos=207445312304875}
2026-03-28T12:56:34.592+05:30  INFO 99702 --- [academic-service] [ngodb.net:27017] org.mongodb.driver.cluster               : Exception in monitor thread while connecting to server ac-3mufzp1-shard-00-00.4nosy2u.mongodb.net:27017

com.mongodb.MongoSocketReadTimeoutException: Timeout while receiving message
	at com.mongodb.internal.connection.InternalStreamConnection.translateReadException(InternalStreamConnection.java:728) ~[mongodb-driver-core-4.11.2.jar:na]
	at com.mongodb.internal.connection.InternalStreamConnection.receiveMessageWithAdditionalTimeout(InternalStreamConnection.java:606) ~[mongodb-driver-core-4.11.2.jar:na]
	at com.mongodb.internal.connection.InternalStreamConnection.receiveCommandMessageResponse(InternalStreamConnection.java:451) ~[mongodb-driver-core-4.11.2.jar:na]
	at com.mongodb.internal.connection.InternalStreamConnection.receive(InternalStreamConnection.java:404) ~[mongodb-driver-core-4.11.2.jar:na]
	at com.mongodb.internal.connection.DefaultServerMonitor$ServerMonitorRunnable.lookupServerDescription(DefaultServerMonitor.java:221) ~[mongodb-driver-core-4.11.2.jar:na]
	at com.mongodb.internal.connection.DefaultServerMonitor$ServerMonitorRunnable.run(DefaultServerMonitor.java:153) ~[mongodb-driver-core-4.11.2.jar:na]
	at java.base/java.lang.Thread.run(Thread.java:1583) ~[na:na]
Caused by: java.net.SocketTimeoutException: Read timed out
	at java.base/sun.nio.ch.NioSocketImpl.timedRead(NioSocketImpl.java:278) ~[na:na]
	at java.base/sun.nio.ch.NioSocketImpl.implRead(NioSocketImpl.java:304) ~[na:na]
	at java.base/sun.nio.ch.NioSocketImpl.read(NioSocketImpl.java:346) ~[na:na]
	at java.base/sun.nio.ch.NioSocketImpl$1.read(NioSocketImpl.java:796) ~[na:na]
	at java.base/java.net.Socket$SocketInputStream.read(Socket.java:1099) ~[na:na]
	at java.base/sun.security.ssl.SSLSocketInputRecord.read(SSLSocketInputRecord.java:489) ~[na:na]
	at java.base/sun.security.ssl.SSLSocketInputRecord.readHeader(SSLSocketInputRecord.java:483) ~[na:na]
	at java.base/sun.security.ssl.SSLSocketInputRecord.bytesInCompletePacket(SSLSocketInputRecord.java:70) ~[na:na]
	at java.base/sun.security.ssl.SSLSocketImpl.readApplicationRecord(SSLSocketImpl.java:1461) ~[na:na]
	at java.base/sun.security.ssl.SSLSocketImpl$AppInputStream.read(SSLSocketImpl.java:1066) ~[na:na]
	at com.mongodb.internal.connection.SocketStream.read(SocketStream.java:175) ~[mongodb-driver-core-4.11.2.jar:na]
	at com.mongodb.internal.connection.SocketStream.read(SocketStream.java:200) ~[mongodb-driver-core-4.11.2.jar:na]
	at com.mongodb.internal.connection.InternalStreamConnection.receiveResponseBuffers(InternalStreamConnection.java:739) ~[mongodb-driver-core-4.11.2.jar:na]
	at com.mongodb.internal.connection.InternalStreamConnection.receiveMessageWithAdditionalTimeout(InternalStreamConnection.java:603) ~[mongodb-driver-core-4.11.2.jar:na]
	... 5 common frames omitted

2026-03-28T12:56:34.706+05:30  INFO 99702 --- [academic-service] [ngodb.net:27017] org.mongodb.driver.cluster               : Monitor thread successfully connected to server with description ServerDescription{address=ac-3mufzp1-shard-00-00.4nosy2u.mongodb.net:27017, type=REPLICA_SET_SECONDARY, state=CONNECTED, ok=true, minWireVersion=0, maxWireVersion=25, maxDocumentSize=16777216, logicalSessionTimeoutMinutes=30, roundTripTimeNanos=46538250, setName='atlas-hy5sqn-shard-0', canonicalAddress=ac-3mufzp1-shard-00-00.4nosy2u.mongodb.net:27017, hosts=[ac-3mufzp1-shard-00-00.4nosy2u.mongodb.net:27017, ac-3mufzp1-shard-00-02.4nosy2u.mongodb.net:27017, ac-3mufzp1-shard-00-01.4nosy2u.mongodb.net:27017], passives=[], arbiters=[], primary='ac-3mufzp1-shard-00-01.4nosy2u.mongodb.net:27017', tagSet=TagSet{[Tag{name='availabilityZone', value='aps1-az1'}, Tag{name='diskState', value='READY'}, Tag{name='nodeType', value='ELECTABLE'}, Tag{name='provider', value='AWS'}, Tag{name='region', value='AP_SOUTH_1'}, Tag{name='workloadType', value='OPERATIONAL'}]}, electionId=null, setVersion=46, topologyVersion=TopologyVersion{processId=69b30edff67384ce6d9efce1, counter=4}, lastWriteDate=Sat Mar 28 12:56:34 IST 2026, lastUpdateTimeNanos=207481896529291}
2026-03-28T12:56:37.988+05:30  INFO 99702 --- [academic-service] [ngodb.net:27017] org.mongodb.driver.cluster               : Exception in monitor thread while connecting to server ac-3mufzp1-shard-00-01.4nosy2u.mongodb.net:27017

com.mongodb.MongoSocketReadTimeoutException: Timeout while receiving message
	at com.mongodb.internal.connection.InternalStreamConnection.translateReadException(InternalStreamConnection.java:728) ~[mongodb-driver-core-4.11.2.jar:na]
	at com.mongodb.internal.connection.InternalStreamConnection.receiveMessageWithAdditionalTimeout(InternalStreamConnection.java:606) ~[mongodb-driver-core-4.11.2.jar:na]
	at com.mongodb.internal.connection.InternalStreamConnection.receiveCommandMessageResponse(InternalStreamConnection.java:451) ~[mongodb-driver-core-4.11.2.jar:na]
	at com.mongodb.internal.connection.InternalStreamConnection.receive(InternalStreamConnection.java:404) ~[mongodb-driver-core-4.11.2.jar:na]
	at com.mongodb.internal.connection.DefaultServerMonitor$ServerMonitorRunnable.lookupServerDescription(DefaultServerMonitor.java:221) ~[mongodb-driver-core-4.11.2.jar:na]
	at com.mongodb.internal.connection.DefaultServerMonitor$ServerMonitorRunnable.run(DefaultServerMonitor.java:153) ~[mongodb-driver-core-4.11.2.jar:na]
	at java.base/java.lang.Thread.run(Thread.java:1583) ~[na:na]
Caused by: java.net.SocketTimeoutException: Read timed out
	at java.base/sun.nio.ch.NioSocketImpl.timedRead(NioSocketImpl.java:278) ~[na:na]
	at java.base/sun.nio.ch.NioSocketImpl.implRead(NioSocketImpl.java:304) ~[na:na]
	at java.base/sun.nio.ch.NioSocketImpl.read(NioSocketImpl.java:346) ~[na:na]
	at java.base/sun.nio.ch.NioSocketImpl$1.read(NioSocketImpl.java:796) ~[na:na]
	at java.base/java.net.Socket$SocketInputStream.read(Socket.java:1099) ~[na:na]
	at java.base/sun.security.ssl.SSLSocketInputRecord.read(SSLSocketInputRecord.java:489) ~[na:na]
	at java.base/sun.security.ssl.SSLSocketInputRecord.readHeader(SSLSocketInputRecord.java:483) ~[na:na]
	at java.base/sun.security.ssl.SSLSocketInputRecord.bytesInCompletePacket(SSLSocketInputRecord.java:70) ~[na:na]
	at java.base/sun.security.ssl.SSLSocketImpl.readApplicationRecord(SSLSocketImpl.java:1461) ~[na:na]
	at java.base/sun.security.ssl.SSLSocketImpl$AppInputStream.read(SSLSocketImpl.java:1066) ~[na:na]
	at com.mongodb.internal.connection.SocketStream.read(SocketStream.java:175) ~[mongodb-driver-core-4.11.2.jar:na]
	at com.mongodb.internal.connection.SocketStream.read(SocketStream.java:200) ~[mongodb-driver-core-4.11.2.jar:na]
	at com.mongodb.internal.connection.InternalStreamConnection.receiveResponseBuffers(InternalStreamConnection.java:739) ~[mongodb-driver-core-4.11.2.jar:na]
	at com.mongodb.internal.connection.InternalStreamConnection.receiveMessageWithAdditionalTimeout(InternalStreamConnection.java:603) ~[mongodb-driver-core-4.11.2.jar:na]
	... 5 common frames omitted

2026-03-28T12:56:38.147+05:30  INFO 99702 --- [academic-service] [ngodb.net:27017] org.mongodb.driver.cluster               : Exception in monitor thread while connecting to server ac-3mufzp1-shard-00-02.4nosy2u.mongodb.net:27017

com.mongodb.MongoSocketReadTimeoutException: Timeout while receiving message
	at com.mongodb.internal.connection.InternalStreamConnection.translateReadException(InternalStreamConnection.java:728) ~[mongodb-driver-core-4.11.2.jar:na]
	at com.mongodb.internal.connection.InternalStreamConnection.receiveMessageWithAdditionalTimeout(InternalStreamConnection.java:606) ~[mongodb-driver-core-4.11.2.jar:na]
	at com.mongodb.internal.connection.InternalStreamConnection.receiveCommandMessageResponse(InternalStreamConnection.java:451) ~[mongodb-driver-core-4.11.2.jar:na]
	at com.mongodb.internal.connection.InternalStreamConnection.receive(InternalStreamConnection.java:404) ~[mongodb-driver-core-4.11.2.jar:na]
	at com.mongodb.internal.connection.DefaultServerMonitor$ServerMonitorRunnable.lookupServerDescription(DefaultServerMonitor.java:221) ~[mongodb-driver-core-4.11.2.jar:na]
	at com.mongodb.internal.connection.DefaultServerMonitor$ServerMonitorRunnable.run(DefaultServerMonitor.java:153) ~[mongodb-driver-core-4.11.2.jar:na]
	at java.base/java.lang.Thread.run(Thread.java:1583) ~[na:na]
Caused by: java.net.SocketTimeoutException: Read timed out
	at java.base/sun.nio.ch.NioSocketImpl.timedRead(NioSocketImpl.java:278) ~[na:na]
	at java.base/sun.nio.ch.NioSocketImpl.implRead(NioSocketImpl.java:304) ~[na:na]
	at java.base/sun.nio.ch.NioSocketImpl.read(NioSocketImpl.java:346) ~[na:na]
	at java.base/sun.nio.ch.NioSocketImpl$1.read(NioSocketImpl.java:796) ~[na:na]
	at java.base/java.net.Socket$SocketInputStream.read(Socket.java:1099) ~[na:na]
	at java.base/sun.security.ssl.SSLSocketInputRecord.read(SSLSocketInputRecord.java:489) ~[na:na]
	at java.base/sun.security.ssl.SSLSocketInputRecord.readHeader(SSLSocketInputRecord.java:483) ~[na:na]
	at java.base/sun.security.ssl.SSLSocketInputRecord.bytesInCompletePacket(SSLSocketInputRecord.java:70) ~[na:na]
	at java.base/sun.security.ssl.SSLSocketImpl.readApplicationRecord(SSLSocketImpl.java:1461) ~[na:na]
	at java.base/sun.security.ssl.SSLSocketImpl$AppInputStream.read(SSLSocketImpl.java:1066) ~[na:na]
	at com.mongodb.internal.connection.SocketStream.read(SocketStream.java:175) ~[mongodb-driver-core-4.11.2.jar:na]
	at com.mongodb.internal.connection.SocketStream.read(SocketStream.java:200) ~[mongodb-driver-core-4.11.2.jar:na]
	at com.mongodb.internal.connection.InternalStreamConnection.receiveResponseBuffers(InternalStreamConnection.java:739) ~[mongodb-driver-core-4.11.2.jar:na]
	at com.mongodb.internal.connection.InternalStreamConnection.receiveMessageWithAdditionalTimeout(InternalStreamConnection.java:603) ~[mongodb-driver-core-4.11.2.jar:na]
	... 5 common frames omitted

2026-03-28T12:56:38.353+05:30  INFO 99702 --- [academic-service] [ngodb.net:27017] org.mongodb.driver.cluster               : Monitor thread successfully connected to server with description ServerDescription{address=ac-3mufzp1-shard-00-01.4nosy2u.mongodb.net:27017, type=REPLICA_SET_PRIMARY, state=CONNECTED, ok=true, minWireVersion=0, maxWireVersion=25, maxDocumentSize=16777216, logicalSessionTimeoutMinutes=30, roundTripTimeNanos=173391500, setName='atlas-hy5sqn-shard-0', canonicalAddress=ac-3mufzp1-shard-00-01.4nosy2u.mongodb.net:27017, hosts=[ac-3mufzp1-shard-00-00.4nosy2u.mongodb.net:27017, ac-3mufzp1-shard-00-02.4nosy2u.mongodb.net:27017, ac-3mufzp1-shard-00-01.4nosy2u.mongodb.net:27017], passives=[], arbiters=[], primary='ac-3mufzp1-shard-00-01.4nosy2u.mongodb.net:27017', tagSet=TagSet{[Tag{name='availabilityZone', value='aps1-az3'}, Tag{name='diskState', value='READY'}, Tag{name='nodeType', value='ELECTABLE'}, Tag{name='provider', value='AWS'}, Tag{name='region', value='AP_SOUTH_1'}, Tag{name='workloadType', value='OPERATIONAL'}]}, electionId=7fffffff00000000000000ca, setVersion=46, topologyVersion=TopologyVersion{processId=69b311797648454b51f7c7a8, counter=6}, lastWriteDate=Sat Mar 28 12:56:38 IST 2026, lastUpdateTimeNanos=207485544303791}
2026-03-28T12:56:38.354+05:30  INFO 99702 --- [academic-service] [ngodb.net:27017] org.mongodb.driver.cluster               : Discovered replica set primary ac-3mufzp1-shard-00-01.4nosy2u.mongodb.net:27017 with max election id 7fffffff00000000000000ca and max set version 46
2026-03-28T12:56:38.536+05:30  INFO 99702 --- [academic-service] [ngodb.net:27017] org.mongodb.driver.cluster               : Monitor thread successfully connected to server with description ServerDescription{address=ac-3mufzp1-shard-00-02.4nosy2u.mongodb.net:27017, type=REPLICA_SET_SECONDARY, state=CONNECTED, ok=true, minWireVersion=0, maxWireVersion=25, maxDocumentSize=16777216, logicalSessionTimeoutMinutes=30, roundTripTimeNanos=179563417, setName='atlas-hy5sqn-shard-0', canonicalAddress=ac-3mufzp1-shard-00-02.4nosy2u.mongodb.net:27017, hosts=[ac-3mufzp1-shard-00-00.4nosy2u.mongodb.net:27017, ac-3mufzp1-shard-00-02.4nosy2u.mongodb.net:27017, ac-3mufzp1-shard-00-01.4nosy2u.mongodb.net:27017], passives=[], arbiters=[], primary='ac-3mufzp1-shard-00-01.4nosy2u.mongodb.net:27017', tagSet=TagSet{[Tag{name='availabilityZone', value='aps1-az2'}, Tag{name='diskState', value='READY'}, Tag{name='nodeType', value='ELECTABLE'}, Tag{name='provider', value='AWS'}, Tag{name='region', value='AP_SOUTH_1'}, Tag{name='workloadType', value='OPERATIONAL'}]}, electionId=null, setVersion=46, topologyVersion=TopologyVersion{processId=69b31436cf980eb974c6b7c1, counter=3}, lastWriteDate=Sat Mar 28 12:56:38 IST 2026, lastUpdateTimeNanos=207485726200166}
2026-03-28T13:04:15.446+05:30  INFO 99702 --- [academic-service] [trap-executor-0] c.n.d.s.r.aws.ConfigClusterResolver      : Resolving eureka endpoints via configuration
2026-03-28T13:04:17.296+05:30  INFO 99702 --- [academic-service] [ngodb.net:27017] org.mongodb.driver.cluster               : Exception in monitor thread while connecting to server ac-3mufzp1-shard-00-00.4nosy2u.mongodb.net:27017

com.mongodb.MongoSocketReadTimeoutException: Timeout while receiving message
	at com.mongodb.internal.connection.InternalStreamConnection.translateReadException(InternalStreamConnection.java:728) ~[mongodb-driver-core-4.11.2.jar:na]
	at com.mongodb.internal.connection.InternalStreamConnection.receiveMessageWithAdditionalTimeout(InternalStreamConnection.java:606) ~[mongodb-driver-core-4.11.2.jar:na]
	at com.mongodb.internal.connection.InternalStreamConnection.receiveCommandMessageResponse(InternalStreamConnection.java:451) ~[mongodb-driver-core-4.11.2.jar:na]
	at com.mongodb.internal.connection.InternalStreamConnection.receive(InternalStreamConnection.java:404) ~[mongodb-driver-core-4.11.2.jar:na]
	at com.mongodb.internal.connection.DefaultServerMonitor$ServerMonitorRunnable.lookupServerDescription(DefaultServerMonitor.java:221) ~[mongodb-driver-core-4.11.2.jar:na]
	at com.mongodb.internal.connection.DefaultServerMonitor$ServerMonitorRunnable.run(DefaultServerMonitor.java:153) ~[mongodb-driver-core-4.11.2.jar:na]
	at java.base/java.lang.Thread.run(Thread.java:1583) ~[na:na]
Caused by: java.net.SocketTimeoutException: Read timed out
	at java.base/sun.nio.ch.NioSocketImpl.timedRead(NioSocketImpl.java:278) ~[na:na]
	at java.base/sun.nio.ch.NioSocketImpl.implRead(NioSocketImpl.java:304) ~[na:na]
	at java.base/sun.nio.ch.NioSocketImpl.read(NioSocketImpl.java:346) ~[na:na]
	at java.base/sun.nio.ch.NioSocketImpl$1.read(NioSocketImpl.java:796) ~[na:na]
	at java.base/java.net.Socket$SocketInputStream.read(Socket.java:1099) ~[na:na]
	at java.base/sun.security.ssl.SSLSocketInputRecord.read(SSLSocketInputRecord.java:489) ~[na:na]
	at java.base/sun.security.ssl.SSLSocketInputRecord.readHeader(SSLSocketInputRecord.java:483) ~[na:na]
	at java.base/sun.security.ssl.SSLSocketInputRecord.bytesInCompletePacket(SSLSocketInputRecord.java:70) ~[na:na]
	at java.base/sun.security.ssl.SSLSocketImpl.readApplicationRecord(SSLSocketImpl.java:1461) ~[na:na]
	at java.base/sun.security.ssl.SSLSocketImpl$AppInputStream.read(SSLSocketImpl.java:1066) ~[na:na]
	at com.mongodb.internal.connection.SocketStream.read(SocketStream.java:175) ~[mongodb-driver-core-4.11.2.jar:na]
	at com.mongodb.internal.connection.SocketStream.read(SocketStream.java:200) ~[mongodb-driver-core-4.11.2.jar:na]
	at com.mongodb.internal.connection.InternalStreamConnection.receiveResponseBuffers(InternalStreamConnection.java:739) ~[mongodb-driver-core-4.11.2.jar:na]
	at com.mongodb.internal.connection.InternalStreamConnection.receiveMessageWithAdditionalTimeout(InternalStreamConnection.java:603) ~[mongodb-driver-core-4.11.2.jar:na]
	... 5 common frames omitted

2026-03-28T13:04:17.735+05:30  INFO 99702 --- [academic-service] [ngodb.net:27017] org.mongodb.driver.cluster               : Monitor thread successfully connected to server with description ServerDescription{address=ac-3mufzp1-shard-00-00.4nosy2u.mongodb.net:27017, type=REPLICA_SET_SECONDARY, state=CONNECTED, ok=true, minWireVersion=0, maxWireVersion=25, maxDocumentSize=16777216, logicalSessionTimeoutMinutes=30, roundTripTimeNanos=178244750, setName='atlas-hy5sqn-shard-0', canonicalAddress=ac-3mufzp1-shard-00-00.4nosy2u.mongodb.net:27017, hosts=[ac-3mufzp1-shard-00-00.4nosy2u.mongodb.net:27017, ac-3mufzp1-shard-00-02.4nosy2u.mongodb.net:27017, ac-3mufzp1-shard-00-01.4nosy2u.mongodb.net:27017], passives=[], arbiters=[], primary='ac-3mufzp1-shard-00-01.4nosy2u.mongodb.net:27017', tagSet=TagSet{[Tag{name='availabilityZone', value='aps1-az1'}, Tag{name='diskState', value='READY'}, Tag{name='nodeType', value='ELECTABLE'}, Tag{name='provider', value='AWS'}, Tag{name='region', value='AP_SOUTH_1'}, Tag{name='workloadType', value='OPERATIONAL'}]}, electionId=null, setVersion=46, topologyVersion=TopologyVersion{processId=69b30edff67384ce6d9efce1, counter=4}, lastWriteDate=Sat Mar 28 13:04:17 IST 2026, lastUpdateTimeNanos=207532481317083}
2026-03-28T13:04:20.879+05:30  INFO 99702 --- [academic-service] [ngodb.net:27017] org.mongodb.driver.cluster               : Exception in monitor thread while connecting to server ac-3mufzp1-shard-00-01.4nosy2u.mongodb.net:27017

com.mongodb.MongoSocketReadTimeoutException: Timeout while receiving message
	at com.mongodb.internal.connection.InternalStreamConnection.translateReadException(InternalStreamConnection.java:728) ~[mongodb-driver-core-4.11.2.jar:na]
	at com.mongodb.internal.connection.InternalStreamConnection.receiveMessageWithAdditionalTimeout(InternalStreamConnection.java:606) ~[mongodb-driver-core-4.11.2.jar:na]
	at com.mongodb.internal.connection.InternalStreamConnection.receiveCommandMessageResponse(InternalStreamConnection.java:451) ~[mongodb-driver-core-4.11.2.jar:na]
	at com.mongodb.internal.connection.InternalStreamConnection.receive(InternalStreamConnection.java:404) ~[mongodb-driver-core-4.11.2.jar:na]
	at com.mongodb.internal.connection.DefaultServerMonitor$ServerMonitorRunnable.lookupServerDescription(DefaultServerMonitor.java:221) ~[mongodb-driver-core-4.11.2.jar:na]
	at com.mongodb.internal.connection.DefaultServerMonitor$ServerMonitorRunnable.run(DefaultServerMonitor.java:153) ~[mongodb-driver-core-4.11.2.jar:na]
	at java.base/java.lang.Thread.run(Thread.java:1583) ~[na:na]
Caused by: java.net.SocketTimeoutException: Read timed out
	at java.base/sun.nio.ch.NioSocketImpl.timedRead(NioSocketImpl.java:278) ~[na:na]
	at java.base/sun.nio.ch.NioSocketImpl.implRead(NioSocketImpl.java:304) ~[na:na]
	at java.base/sun.nio.ch.NioSocketImpl.read(NioSocketImpl.java:346) ~[na:na]
	at java.base/sun.nio.ch.NioSocketImpl$1.read(NioSocketImpl.java:796) ~[na:na]
	at java.base/java.net.Socket$SocketInputStream.read(Socket.java:1099) ~[na:na]
	at java.base/sun.security.ssl.SSLSocketInputRecord.read(SSLSocketInputRecord.java:489) ~[na:na]
	at java.base/sun.security.ssl.SSLSocketInputRecord.readHeader(SSLSocketInputRecord.java:483) ~[na:na]
	at java.base/sun.security.ssl.SSLSocketInputRecord.bytesInCompletePacket(SSLSocketInputRecord.java:70) ~[na:na]
	at java.base/sun.security.ssl.SSLSocketImpl.readApplicationRecord(SSLSocketImpl.java:1461) ~[na:na]
	at java.base/sun.security.ssl.SSLSocketImpl$AppInputStream.read(SSLSocketImpl.java:1066) ~[na:na]
	at com.mongodb.internal.connection.SocketStream.read(SocketStream.java:175) ~[mongodb-driver-core-4.11.2.jar:na]
	at com.mongodb.internal.connection.SocketStream.read(SocketStream.java:200) ~[mongodb-driver-core-4.11.2.jar:na]
	at com.mongodb.internal.connection.InternalStreamConnection.receiveResponseBuffers(InternalStreamConnection.java:739) ~[mongodb-driver-core-4.11.2.jar:na]
	at com.mongodb.internal.connection.InternalStreamConnection.receiveMessageWithAdditionalTimeout(InternalStreamConnection.java:603) ~[mongodb-driver-core-4.11.2.jar:na]
	... 5 common frames omitted

2026-03-28T13:04:20.992+05:30  INFO 99702 --- [academic-service] [ngodb.net:27017] org.mongodb.driver.cluster               : Monitor thread successfully connected to server with description ServerDescription{address=ac-3mufzp1-shard-00-01.4nosy2u.mongodb.net:27017, type=REPLICA_SET_PRIMARY, state=CONNECTED, ok=true, minWireVersion=0, maxWireVersion=25, maxDocumentSize=16777216, logicalSessionTimeoutMinutes=30, roundTripTimeNanos=42567125, setName='atlas-hy5sqn-shard-0', canonicalAddress=ac-3mufzp1-shard-00-01.4nosy2u.mongodb.net:27017, hosts=[ac-3mufzp1-shard-00-00.4nosy2u.mongodb.net:27017, ac-3mufzp1-shard-00-02.4nosy2u.mongodb.net:27017, ac-3mufzp1-shard-00-01.4nosy2u.mongodb.net:27017], passives=[], arbiters=[], primary='ac-3mufzp1-shard-00-01.4nosy2u.mongodb.net:27017', tagSet=TagSet{[Tag{name='availabilityZone', value='aps1-az3'}, Tag{name='diskState', value='READY'}, Tag{name='nodeType', value='ELECTABLE'}, Tag{name='provider', value='AWS'}, Tag{name='region', value='AP_SOUTH_1'}, Tag{name='workloadType', value='OPERATIONAL'}]}, electionId=7fffffff00000000000000ca, setVersion=46, topologyVersion=TopologyVersion{processId=69b311797648454b51f7c7a8, counter=6}, lastWriteDate=Sat Mar 28 13:04:20 IST 2026, lastUpdateTimeNanos=207535738898125}
2026-03-28T13:04:20.993+05:30  INFO 99702 --- [academic-service] [ngodb.net:27017] org.mongodb.driver.cluster               : Discovered replica set primary ac-3mufzp1-shard-00-01.4nosy2u.mongodb.net:27017 with max election id 7fffffff00000000000000ca and max set version 46
2026-03-28T13:04:21.183+05:30  INFO 99702 --- [academic-service] [ngodb.net:27017] org.mongodb.driver.cluster               : Exception in monitor thread while connecting to server ac-3mufzp1-shard-00-02.4nosy2u.mongodb.net:27017

com.mongodb.MongoSocketReadTimeoutException: Timeout while receiving message
	at com.mongodb.internal.connection.InternalStreamConnection.translateReadException(InternalStreamConnection.java:728) ~[mongodb-driver-core-4.11.2.jar:na]
	at com.mongodb.internal.connection.InternalStreamConnection.receiveMessageWithAdditionalTimeout(InternalStreamConnection.java:606) ~[mongodb-driver-core-4.11.2.jar:na]
	at com.mongodb.internal.connection.InternalStreamConnection.receiveCommandMessageResponse(InternalStreamConnection.java:451) ~[mongodb-driver-core-4.11.2.jar:na]
	at com.mongodb.internal.connection.InternalStreamConnection.receive(InternalStreamConnection.java:404) ~[mongodb-driver-core-4.11.2.jar:na]
	at com.mongodb.internal.connection.DefaultServerMonitor$ServerMonitorRunnable.lookupServerDescription(DefaultServerMonitor.java:221) ~[mongodb-driver-core-4.11.2.jar:na]
	at com.mongodb.internal.connection.DefaultServerMonitor$ServerMonitorRunnable.run(DefaultServerMonitor.java:153) ~[mongodb-driver-core-4.11.2.jar:na]
	at java.base/java.lang.Thread.run(Thread.java:1583) ~[na:na]
Caused by: java.net.SocketTimeoutException: Read timed out
	at java.base/sun.nio.ch.NioSocketImpl.timedRead(NioSocketImpl.java:278) ~[na:na]
	at java.base/sun.nio.ch.NioSocketImpl.implRead(NioSocketImpl.java:304) ~[na:na]
	at java.base/sun.nio.ch.NioSocketImpl.read(NioSocketImpl.java:346) ~[na:na]
	at java.base/sun.nio.ch.NioSocketImpl$1.read(NioSocketImpl.java:796) ~[na:na]
	at java.base/java.net.Socket$SocketInputStream.read(Socket.java:1099) ~[na:na]
	at java.base/sun.security.ssl.SSLSocketInputRecord.read(SSLSocketInputRecord.java:489) ~[na:na]
	at java.base/sun.security.ssl.SSLSocketInputRecord.readHeader(SSLSocketInputRecord.java:483) ~[na:na]
	at java.base/sun.security.ssl.SSLSocketInputRecord.bytesInCompletePacket(SSLSocketInputRecord.java:70) ~[na:na]
	at java.base/sun.security.ssl.SSLSocketImpl.readApplicationRecord(SSLSocketImpl.java:1461) ~[na:na]
	at java.base/sun.security.ssl.SSLSocketImpl$AppInputStream.read(SSLSocketImpl.java:1066) ~[na:na]
	at com.mongodb.internal.connection.SocketStream.read(SocketStream.java:175) ~[mongodb-driver-core-4.11.2.jar:na]
	at com.mongodb.internal.connection.SocketStream.read(SocketStream.java:200) ~[mongodb-driver-core-4.11.2.jar:na]
	at com.mongodb.internal.connection.InternalStreamConnection.receiveResponseBuffers(InternalStreamConnection.java:739) ~[mongodb-driver-core-4.11.2.jar:na]
	at com.mongodb.internal.connection.InternalStreamConnection.receiveMessageWithAdditionalTimeout(InternalStreamConnection.java:603) ~[mongodb-driver-core-4.11.2.jar:na]
	... 5 common frames omitted

2026-03-28T13:04:21.313+05:30  INFO 99702 --- [academic-service] [ngodb.net:27017] org.mongodb.driver.cluster               : Monitor thread successfully connected to server with description ServerDescription{address=ac-3mufzp1-shard-00-02.4nosy2u.mongodb.net:27017, type=REPLICA_SET_SECONDARY, state=CONNECTED, ok=true, minWireVersion=0, maxWireVersion=25, maxDocumentSize=16777216, logicalSessionTimeoutMinutes=30, roundTripTimeNanos=43005666, setName='atlas-hy5sqn-shard-0', canonicalAddress=ac-3mufzp1-shard-00-02.4nosy2u.mongodb.net:27017, hosts=[ac-3mufzp1-shard-00-00.4nosy2u.mongodb.net:27017, ac-3mufzp1-shard-00-02.4nosy2u.mongodb.net:27017, ac-3mufzp1-shard-00-01.4nosy2u.mongodb.net:27017], passives=[], arbiters=[], primary='ac-3mufzp1-shard-00-01.4nosy2u.mongodb.net:27017', tagSet=TagSet{[Tag{name='availabilityZone', value='aps1-az2'}, Tag{name='diskState', value='READY'}, Tag{name='nodeType', value='ELECTABLE'}, Tag{name='provider', value='AWS'}, Tag{name='region', value='AP_SOUTH_1'}, Tag{name='workloadType', value='OPERATIONAL'}]}, electionId=null, setVersion=46, topologyVersion=TopologyVersion{processId=69b31436cf980eb974c6b7c1, counter=3}, lastWriteDate=Sat Mar 28 13:04:21 IST 2026, lastUpdateTimeNanos=207536059324083}
2026-03-28T13:09:15.449+05:30  INFO 99702 --- [academic-service] [trap-executor-0] c.n.d.s.r.aws.ConfigClusterResolver      : Resolving eureka endpoints via configuration
2026-03-28T13:14:15.445+05:30  INFO 99702 --- [academic-service] [trap-executor-0] c.n.d.s.r.aws.ConfigClusterResolver      : Resolving eureka endpoints via configuration
2026-03-28T13:19:15.445+05:30  INFO 99702 --- [academic-service] [trap-executor-0] c.n.d.s.r.aws.ConfigClusterResolver      : Resolving eureka endpoints via configuration
2026-03-28T13:24:18.424+05:30  INFO 99702 --- [academic-service] [trap-executor-0] c.n.d.s.r.aws.ConfigClusterResolver      : Resolving eureka endpoints via configuration
2026-03-28T13:29:18.423+05:30  INFO 99702 --- [academic-service] [trap-executor-0] c.n.d.s.r.aws.ConfigClusterResolver      : Resolving eureka endpoints via configuration
2026-03-28T13:34:18.423+05:30  INFO 99702 --- [academic-service] [trap-executor-0] c.n.d.s.r.aws.ConfigClusterResolver      : Resolving eureka endpoints via configuration
2026-03-28T13:57:14.917+05:30  INFO 99702 --- [academic-service] [ngodb.net:27017] org.mongodb.driver.cluster               : Exception in monitor thread while connecting to server ac-3mufzp1-shard-00-02.4nosy2u.mongodb.net:27017

com.mongodb.MongoSocketReadTimeoutException: Timeout while receiving message
	at com.mongodb.internal.connection.InternalStreamConnection.translateReadException(InternalStreamConnection.java:728) ~[mongodb-driver-core-4.11.2.jar:na]
	at com.mongodb.internal.connection.InternalStreamConnection.receiveMessageWithAdditionalTimeout(InternalStreamConnection.java:606) ~[mongodb-driver-core-4.11.2.jar:na]
	at com.mongodb.internal.connection.InternalStreamConnection.receiveCommandMessageResponse(InternalStreamConnection.java:451) ~[mongodb-driver-core-4.11.2.jar:na]
	at com.mongodb.internal.connection.InternalStreamConnection.receive(InternalStreamConnection.java:404) ~[mongodb-driver-core-4.11.2.jar:na]
	at com.mongodb.internal.connection.DefaultServerMonitor$ServerMonitorRunnable.lookupServerDescription(DefaultServerMonitor.java:221) ~[mongodb-driver-core-4.11.2.jar:na]
	at com.mongodb.internal.connection.DefaultServerMonitor$ServerMonitorRunnable.run(DefaultServerMonitor.java:153) ~[mongodb-driver-core-4.11.2.jar:na]
	at java.base/java.lang.Thread.run(Thread.java:1583) ~[na:na]
Caused by: java.net.SocketTimeoutException: Read timed out
	at java.base/sun.nio.ch.NioSocketImpl.timedRead(NioSocketImpl.java:278) ~[na:na]
	at java.base/sun.nio.ch.NioSocketImpl.implRead(NioSocketImpl.java:304) ~[na:na]
	at java.base/sun.nio.ch.NioSocketImpl.read(NioSocketImpl.java:346) ~[na:na]
	at java.base/sun.nio.ch.NioSocketImpl$1.read(NioSocketImpl.java:796) ~[na:na]
	at java.base/java.net.Socket$SocketInputStream.read(Socket.java:1099) ~[na:na]
	at java.base/sun.security.ssl.SSLSocketInputRecord.read(SSLSocketInputRecord.java:489) ~[na:na]
	at java.base/sun.security.ssl.SSLSocketInputRecord.readHeader(SSLSocketInputRecord.java:483) ~[na:na]
	at java.base/sun.security.ssl.SSLSocketInputRecord.bytesInCompletePacket(SSLSocketInputRecord.java:70) ~[na:na]
	at java.base/sun.security.ssl.SSLSocketImpl.readApplicationRecord(SSLSocketImpl.java:1461) ~[na:na]
	at java.base/sun.security.ssl.SSLSocketImpl$AppInputStream.read(SSLSocketImpl.java:1066) ~[na:na]
	at com.mongodb.internal.connection.SocketStream.read(SocketStream.java:175) ~[mongodb-driver-core-4.11.2.jar:na]
	at com.mongodb.internal.connection.SocketStream.read(SocketStream.java:200) ~[mongodb-driver-core-4.11.2.jar:na]
	at com.mongodb.internal.connection.InternalStreamConnection.receiveResponseBuffers(InternalStreamConnection.java:739) ~[mongodb-driver-core-4.11.2.jar:na]
	at com.mongodb.internal.connection.InternalStreamConnection.receiveMessageWithAdditionalTimeout(InternalStreamConnection.java:603) ~[mongodb-driver-core-4.11.2.jar:na]
	... 5 common frames omitted

2026-03-28T13:57:15.163+05:30  INFO 99702 --- [academic-service] [ngodb.net:27017] org.mongodb.driver.cluster               : Monitor thread successfully connected to server with description ServerDescription{address=ac-3mufzp1-shard-00-02.4nosy2u.mongodb.net:27017, type=REPLICA_SET_SECONDARY, state=CONNECTED, ok=true, minWireVersion=0, maxWireVersion=25, maxDocumentSize=16777216, logicalSessionTimeoutMinutes=30, roundTripTimeNanos=113825167, setName='atlas-hy5sqn-shard-0', canonicalAddress=ac-3mufzp1-shard-00-02.4nosy2u.mongodb.net:27017, hosts=[ac-3mufzp1-shard-00-00.4nosy2u.mongodb.net:27017, ac-3mufzp1-shard-00-02.4nosy2u.mongodb.net:27017, ac-3mufzp1-shard-00-01.4nosy2u.mongodb.net:27017], passives=[], arbiters=[], primary='ac-3mufzp1-shard-00-01.4nosy2u.mongodb.net:27017', tagSet=TagSet{[Tag{name='availabilityZone', value='aps1-az2'}, Tag{name='diskState', value='READY'}, Tag{name='nodeType', value='ELECTABLE'}, Tag{name='provider', value='AWS'}, Tag{name='region', value='AP_SOUTH_1'}, Tag{name='workloadType', value='OPERATIONAL'}]}, electionId=null, setVersion=46, topologyVersion=TopologyVersion{processId=69b31436cf980eb974c6b7c1, counter=3}, lastWriteDate=Sat Mar 28 13:57:14 IST 2026, lastUpdateTimeNanos=209345477488250}
2026-03-28T13:57:23.505+05:30  INFO 99702 --- [academic-service] [ngodb.net:27017] org.mongodb.driver.cluster               : Exception in monitor thread while connecting to server ac-3mufzp1-shard-00-01.4nosy2u.mongodb.net:27017

com.mongodb.MongoSocketReadTimeoutException: Timeout while receiving message
	at com.mongodb.internal.connection.InternalStreamConnection.translateReadException(InternalStreamConnection.java:728) ~[mongodb-driver-core-4.11.2.jar:na]
	at com.mongodb.internal.connection.InternalStreamConnection.receiveMessageWithAdditionalTimeout(InternalStreamConnection.java:606) ~[mongodb-driver-core-4.11.2.jar:na]
	at com.mongodb.internal.connection.InternalStreamConnection.receiveCommandMessageResponse(InternalStreamConnection.java:451) ~[mongodb-driver-core-4.11.2.jar:na]
	at com.mongodb.internal.connection.InternalStreamConnection.receive(InternalStreamConnection.java:404) ~[mongodb-driver-core-4.11.2.jar:na]
	at com.mongodb.internal.connection.DefaultServerMonitor$ServerMonitorRunnable.lookupServerDescription(DefaultServerMonitor.java:221) ~[mongodb-driver-core-4.11.2.jar:na]
	at com.mongodb.internal.connection.DefaultServerMonitor$ServerMonitorRunnable.run(DefaultServerMonitor.java:153) ~[mongodb-driver-core-4.11.2.jar:na]
	at java.base/java.lang.Thread.run(Thread.java:1583) ~[na:na]
Caused by: java.net.SocketTimeoutException: Read timed out
	at java.base/sun.nio.ch.NioSocketImpl.timedRead(NioSocketImpl.java:278) ~[na:na]
	at java.base/sun.nio.ch.NioSocketImpl.implRead(NioSocketImpl.java:304) ~[na:na]
	at java.base/sun.nio.ch.NioSocketImpl.read(NioSocketImpl.java:346) ~[na:na]
	at java.base/sun.nio.ch.NioSocketImpl$1.read(NioSocketImpl.java:796) ~[na:na]
	at java.base/java.net.Socket$SocketInputStream.read(Socket.java:1099) ~[na:na]
	at java.base/sun.security.ssl.SSLSocketInputRecord.read(SSLSocketInputRecord.java:489) ~[na:na]
	at java.base/sun.security.ssl.SSLSocketInputRecord.readHeader(SSLSocketInputRecord.java:483) ~[na:na]
	at java.base/sun.security.ssl.SSLSocketInputRecord.bytesInCompletePacket(SSLSocketInputRecord.java:70) ~[na:na]
	at java.base/sun.security.ssl.SSLSocketImpl.readApplicationRecord(SSLSocketImpl.java:1461) ~[na:na]
	at java.base/sun.security.ssl.SSLSocketImpl$AppInputStream.read(SSLSocketImpl.java:1066) ~[na:na]
	at com.mongodb.internal.connection.SocketStream.read(SocketStream.java:175) ~[mongodb-driver-core-4.11.2.jar:na]
	at com.mongodb.internal.connection.SocketStream.read(SocketStream.java:200) ~[mongodb-driver-core-4.11.2.jar:na]
	at com.mongodb.internal.connection.InternalStreamConnection.receiveResponseBuffers(InternalStreamConnection.java:739) ~[mongodb-driver-core-4.11.2.jar:na]
	at com.mongodb.internal.connection.InternalStreamConnection.receiveMessageWithAdditionalTimeout(InternalStreamConnection.java:603) ~[mongodb-driver-core-4.11.2.jar:na]
	... 5 common frames omitted

2026-03-28T13:57:23.717+05:30  INFO 99702 --- [academic-service] [ngodb.net:27017] org.mongodb.driver.cluster               : Monitor thread successfully connected to server with description ServerDescription{address=ac-3mufzp1-shard-00-01.4nosy2u.mongodb.net:27017, type=REPLICA_SET_PRIMARY, state=CONNECTED, ok=true, minWireVersion=0, maxWireVersion=25, maxDocumentSize=16777216, logicalSessionTimeoutMinutes=30, roundTripTimeNanos=102951167, setName='atlas-hy5sqn-shard-0', canonicalAddress=ac-3mufzp1-shard-00-01.4nosy2u.mongodb.net:27017, hosts=[ac-3mufzp1-shard-00-00.4nosy2u.mongodb.net:27017, ac-3mufzp1-shard-00-02.4nosy2u.mongodb.net:27017, ac-3mufzp1-shard-00-01.4nosy2u.mongodb.net:27017], passives=[], arbiters=[], primary='ac-3mufzp1-shard-00-01.4nosy2u.mongodb.net:27017', tagSet=TagSet{[Tag{name='availabilityZone', value='aps1-az3'}, Tag{name='diskState', value='READY'}, Tag{name='nodeType', value='ELECTABLE'}, Tag{name='provider', value='AWS'}, Tag{name='region', value='AP_SOUTH_1'}, Tag{name='workloadType', value='OPERATIONAL'}]}, electionId=7fffffff00000000000000ca, setVersion=46, topologyVersion=TopologyVersion{processId=69b311797648454b51f7c7a8, counter=6}, lastWriteDate=Sat Mar 28 13:57:23 IST 2026, lastUpdateTimeNanos=209354045493083}
2026-03-28T13:57:23.718+05:30  INFO 99702 --- [academic-service] [ngodb.net:27017] org.mongodb.driver.cluster               : Discovered replica set primary ac-3mufzp1-shard-00-01.4nosy2u.mongodb.net:27017 with max election id 7fffffff00000000000000ca and max set version 46
2026-03-28T13:57:42.456+05:30  INFO 99702 --- [academic-service] [ngodb.net:27017] org.mongodb.driver.cluster               : Exception in monitor thread while connecting to server ac-3mufzp1-shard-00-00.4nosy2u.mongodb.net:27017

com.mongodb.MongoSocketReadTimeoutException: Timeout while receiving message
	at com.mongodb.internal.connection.InternalStreamConnection.translateReadException(InternalStreamConnection.java:728) ~[mongodb-driver-core-4.11.2.jar:na]
	at com.mongodb.internal.connection.InternalStreamConnection.receiveMessageWithAdditionalTimeout(InternalStreamConnection.java:606) ~[mongodb-driver-core-4.11.2.jar:na]
	at com.mongodb.internal.connection.InternalStreamConnection.receiveCommandMessageResponse(InternalStreamConnection.java:451) ~[mongodb-driver-core-4.11.2.jar:na]
	at com.mongodb.internal.connection.InternalStreamConnection.receive(InternalStreamConnection.java:404) ~[mongodb-driver-core-4.11.2.jar:na]
	at com.mongodb.internal.connection.DefaultServerMonitor$ServerMonitorRunnable.lookupServerDescription(DefaultServerMonitor.java:221) ~[mongodb-driver-core-4.11.2.jar:na]
	at com.mongodb.internal.connection.DefaultServerMonitor$ServerMonitorRunnable.run(DefaultServerMonitor.java:153) ~[mongodb-driver-core-4.11.2.jar:na]
	at java.base/java.lang.Thread.run(Thread.java:1583) ~[na:na]
Caused by: java.net.SocketTimeoutException: Read timed out
	at java.base/sun.nio.ch.NioSocketImpl.timedRead(NioSocketImpl.java:278) ~[na:na]
	at java.base/sun.nio.ch.NioSocketImpl.implRead(NioSocketImpl.java:304) ~[na:na]
	at java.base/sun.nio.ch.NioSocketImpl.read(NioSocketImpl.java:346) ~[na:na]
	at java.base/sun.nio.ch.NioSocketImpl$1.read(NioSocketImpl.java:796) ~[na:na]
	at java.base/java.net.Socket$SocketInputStream.read(Socket.java:1099) ~[na:na]
	at java.base/sun.security.ssl.SSLSocketInputRecord.read(SSLSocketInputRecord.java:489) ~[na:na]
	at java.base/sun.security.ssl.SSLSocketInputRecord.readHeader(SSLSocketInputRecord.java:483) ~[na:na]
	at java.base/sun.security.ssl.SSLSocketInputRecord.bytesInCompletePacket(SSLSocketInputRecord.java:70) ~[na:na]
	at java.base/sun.security.ssl.SSLSocketImpl.readApplicationRecord(SSLSocketImpl.java:1461) ~[na:na]
	at java.base/sun.security.ssl.SSLSocketImpl$AppInputStream.read(SSLSocketImpl.java:1066) ~[na:na]
	at com.mongodb.internal.connection.SocketStream.read(SocketStream.java:175) ~[mongodb-driver-core-4.11.2.jar:na]
	at com.mongodb.internal.connection.SocketStream.read(SocketStream.java:200) ~[mongodb-driver-core-4.11.2.jar:na]
	at com.mongodb.internal.connection.InternalStreamConnection.receiveResponseBuffers(InternalStreamConnection.java:739) ~[mongodb-driver-core-4.11.2.jar:na]
	at com.mongodb.internal.connection.InternalStreamConnection.receiveMessageWithAdditionalTimeout(InternalStreamConnection.java:603) ~[mongodb-driver-core-4.11.2.jar:na]
	... 5 common frames omitted

2026-03-28T13:57:42.621+05:30  INFO 99702 --- [academic-service] [ngodb.net:27017] org.mongodb.driver.cluster               : Monitor thread successfully connected to server with description ServerDescription{address=ac-3mufzp1-shard-00-00.4nosy2u.mongodb.net:27017, type=REPLICA_SET_SECONDARY, state=CONNECTED, ok=true, minWireVersion=0, maxWireVersion=25, maxDocumentSize=16777216, logicalSessionTimeoutMinutes=30, roundTripTimeNanos=81096791, setName='atlas-hy5sqn-shard-0', canonicalAddress=ac-3mufzp1-shard-00-00.4nosy2u.mongodb.net:27017, hosts=[ac-3mufzp1-shard-00-00.4nosy2u.mongodb.net:27017, ac-3mufzp1-shard-00-02.4nosy2u.mongodb.net:27017, ac-3mufzp1-shard-00-01.4nosy2u.mongodb.net:27017], passives=[], arbiters=[], primary='ac-3mufzp1-shard-00-01.4nosy2u.mongodb.net:27017', tagSet=TagSet{[Tag{name='availabilityZone', value='aps1-az1'}, Tag{name='diskState', value='READY'}, Tag{name='nodeType', value='ELECTABLE'}, Tag{name='provider', value='AWS'}, Tag{name='region', value='AP_SOUTH_1'}, Tag{name='workloadType', value='OPERATIONAL'}]}, electionId=null, setVersion=46, topologyVersion=TopologyVersion{processId=69b30edff67384ce6d9efce1, counter=4}, lastWriteDate=Sat Mar 28 13:57:42 IST 2026, lastUpdateTimeNanos=209372959293208}
2026-03-28T14:04:40.869+05:30  INFO 99702 --- [academic-service] [ngodb.net:27017] org.mongodb.driver.cluster               : Exception in monitor thread while connecting to server ac-3mufzp1-shard-00-01.4nosy2u.mongodb.net:27017

com.mongodb.MongoSocketReadTimeoutException: Timeout while receiving message
	at com.mongodb.internal.connection.InternalStreamConnection.translateReadException(InternalStreamConnection.java:728) ~[mongodb-driver-core-4.11.2.jar:na]
	at com.mongodb.internal.connection.InternalStreamConnection.receiveMessageWithAdditionalTimeout(InternalStreamConnection.java:606) ~[mongodb-driver-core-4.11.2.jar:na]
	at com.mongodb.internal.connection.InternalStreamConnection.receiveCommandMessageResponse(InternalStreamConnection.java:451) ~[mongodb-driver-core-4.11.2.jar:na]
	at com.mongodb.internal.connection.InternalStreamConnection.receive(InternalStreamConnection.java:404) ~[mongodb-driver-core-4.11.2.jar:na]
	at com.mongodb.internal.connection.DefaultServerMonitor$ServerMonitorRunnable.lookupServerDescription(DefaultServerMonitor.java:221) ~[mongodb-driver-core-4.11.2.jar:na]
	at com.mongodb.internal.connection.DefaultServerMonitor$ServerMonitorRunnable.run(DefaultServerMonitor.java:153) ~[mongodb-driver-core-4.11.2.jar:na]
	at java.base/java.lang.Thread.run(Thread.java:1583) ~[na:na]
Caused by: java.net.SocketTimeoutException: Read timed out
	at java.base/sun.nio.ch.NioSocketImpl.timedRead(NioSocketImpl.java:278) ~[na:na]
	at java.base/sun.nio.ch.NioSocketImpl.implRead(NioSocketImpl.java:304) ~[na:na]
	at java.base/sun.nio.ch.NioSocketImpl.read(NioSocketImpl.java:346) ~[na:na]
	at java.base/sun.nio.ch.NioSocketImpl$1.read(NioSocketImpl.java:796) ~[na:na]
	at java.base/java.net.Socket$SocketInputStream.read(Socket.java:1099) ~[na:na]
	at java.base/sun.security.ssl.SSLSocketInputRecord.read(SSLSocketInputRecord.java:489) ~[na:na]
	at java.base/sun.security.ssl.SSLSocketInputRecord.readHeader(SSLSocketInputRecord.java:483) ~[na:na]
	at java.base/sun.security.ssl.SSLSocketInputRecord.bytesInCompletePacket(SSLSocketInputRecord.java:70) ~[na:na]
	at java.base/sun.security.ssl.SSLSocketImpl.readApplicationRecord(SSLSocketImpl.java:1461) ~[na:na]
	at java.base/sun.security.ssl.SSLSocketImpl$AppInputStream.read(SSLSocketImpl.java:1066) ~[na:na]
	at com.mongodb.internal.connection.SocketStream.read(SocketStream.java:175) ~[mongodb-driver-core-4.11.2.jar:na]
	at com.mongodb.internal.connection.SocketStream.read(SocketStream.java:200) ~[mongodb-driver-core-4.11.2.jar:na]
	at com.mongodb.internal.connection.InternalStreamConnection.receiveResponseBuffers(InternalStreamConnection.java:739) ~[mongodb-driver-core-4.11.2.jar:na]
	at com.mongodb.internal.connection.InternalStreamConnection.receiveMessageWithAdditionalTimeout(InternalStreamConnection.java:603) ~[mongodb-driver-core-4.11.2.jar:na]
	... 5 common frames omitted

2026-03-28T14:04:41.133+05:30  INFO 99702 --- [academic-service] [ngodb.net:27017] org.mongodb.driver.cluster               : Monitor thread successfully connected to server with description ServerDescription{address=ac-3mufzp1-shard-00-01.4nosy2u.mongodb.net:27017, type=REPLICA_SET_PRIMARY, state=CONNECTED, ok=true, minWireVersion=0, maxWireVersion=25, maxDocumentSize=16777216, logicalSessionTimeoutMinutes=30, roundTripTimeNanos=91016625, setName='atlas-hy5sqn-shard-0', canonicalAddress=ac-3mufzp1-shard-00-01.4nosy2u.mongodb.net:27017, hosts=[ac-3mufzp1-shard-00-00.4nosy2u.mongodb.net:27017, ac-3mufzp1-shard-00-02.4nosy2u.mongodb.net:27017, ac-3mufzp1-shard-00-01.4nosy2u.mongodb.net:27017], passives=[], arbiters=[], primary='ac-3mufzp1-shard-00-01.4nosy2u.mongodb.net:27017', tagSet=TagSet{[Tag{name='availabilityZone', value='aps1-az3'}, Tag{name='diskState', value='READY'}, Tag{name='nodeType', value='ELECTABLE'}, Tag{name='provider', value='AWS'}, Tag{name='region', value='AP_SOUTH_1'}, Tag{name='workloadType', value='OPERATIONAL'}]}, electionId=7fffffff00000000000000ca, setVersion=46, topologyVersion=TopologyVersion{processId=69b311797648454b51f7c7a8, counter=6}, lastWriteDate=Sat Mar 28 14:04:41 IST 2026, lastUpdateTimeNanos=209436092758333}
2026-03-28T14:04:41.134+05:30  INFO 99702 --- [academic-service] [ngodb.net:27017] org.mongodb.driver.cluster               : Discovered replica set primary ac-3mufzp1-shard-00-01.4nosy2u.mongodb.net:27017 with max election id 7fffffff00000000000000ca and max set version 46
2026-03-28T14:04:50.610+05:30  INFO 99702 --- [academic-service] [ngodb.net:27017] org.mongodb.driver.cluster               : Exception in monitor thread while connecting to server ac-3mufzp1-shard-00-02.4nosy2u.mongodb.net:27017

com.mongodb.MongoSocketReadTimeoutException: Timeout while receiving message
	at com.mongodb.internal.connection.InternalStreamConnection.translateReadException(InternalStreamConnection.java:728) ~[mongodb-driver-core-4.11.2.jar:na]
	at com.mongodb.internal.connection.InternalStreamConnection.receiveMessageWithAdditionalTimeout(InternalStreamConnection.java:606) ~[mongodb-driver-core-4.11.2.jar:na]
	at com.mongodb.internal.connection.InternalStreamConnection.receiveCommandMessageResponse(InternalStreamConnection.java:451) ~[mongodb-driver-core-4.11.2.jar:na]
	at com.mongodb.internal.connection.InternalStreamConnection.receive(InternalStreamConnection.java:404) ~[mongodb-driver-core-4.11.2.jar:na]
	at com.mongodb.internal.connection.DefaultServerMonitor$ServerMonitorRunnable.lookupServerDescription(DefaultServerMonitor.java:221) ~[mongodb-driver-core-4.11.2.jar:na]
	at com.mongodb.internal.connection.DefaultServerMonitor$ServerMonitorRunnable.run(DefaultServerMonitor.java:153) ~[mongodb-driver-core-4.11.2.jar:na]
	at java.base/java.lang.Thread.run(Thread.java:1583) ~[na:na]
Caused by: java.net.SocketTimeoutException: Read timed out
	at java.base/sun.nio.ch.NioSocketImpl.timedRead(NioSocketImpl.java:278) ~[na:na]
	at java.base/sun.nio.ch.NioSocketImpl.implRead(NioSocketImpl.java:304) ~[na:na]
	at java.base/sun.nio.ch.NioSocketImpl.read(NioSocketImpl.java:346) ~[na:na]
	at java.base/sun.nio.ch.NioSocketImpl$1.read(NioSocketImpl.java:796) ~[na:na]
	at java.base/java.net.Socket$SocketInputStream.read(Socket.java:1099) ~[na:na]
	at java.base/sun.security.ssl.SSLSocketInputRecord.read(SSLSocketInputRecord.java:489) ~[na:na]
	at java.base/sun.security.ssl.SSLSocketInputRecord.readHeader(SSLSocketInputRecord.java:483) ~[na:na]
	at java.base/sun.security.ssl.SSLSocketInputRecord.bytesInCompletePacket(SSLSocketInputRecord.java:70) ~[na:na]
	at java.base/sun.security.ssl.SSLSocketImpl.readApplicationRecord(SSLSocketImpl.java:1461) ~[na:na]
	at java.base/sun.security.ssl.SSLSocketImpl$AppInputStream.read(SSLSocketImpl.java:1066) ~[na:na]
	at com.mongodb.internal.connection.SocketStream.read(SocketStream.java:175) ~[mongodb-driver-core-4.11.2.jar:na]
	at com.mongodb.internal.connection.SocketStream.read(SocketStream.java:200) ~[mongodb-driver-core-4.11.2.jar:na]
	at com.mongodb.internal.connection.InternalStreamConnection.receiveResponseBuffers(InternalStreamConnection.java:739) ~[mongodb-driver-core-4.11.2.jar:na]
	at com.mongodb.internal.connection.InternalStreamConnection.receiveMessageWithAdditionalTimeout(InternalStreamConnection.java:603) ~[mongodb-driver-core-4.11.2.jar:na]
	... 5 common frames omitted

2026-03-28T14:04:51.188+05:30  INFO 99702 --- [academic-service] [ngodb.net:27017] org.mongodb.driver.cluster               : Monitor thread successfully connected to server with description ServerDescription{address=ac-3mufzp1-shard-00-02.4nosy2u.mongodb.net:27017, type=REPLICA_SET_SECONDARY, state=CONNECTED, ok=true, minWireVersion=0, maxWireVersion=25, maxDocumentSize=16777216, logicalSessionTimeoutMinutes=30, roundTripTimeNanos=316804791, setName='atlas-hy5sqn-shard-0', canonicalAddress=ac-3mufzp1-shard-00-02.4nosy2u.mongodb.net:27017, hosts=[ac-3mufzp1-shard-00-00.4nosy2u.mongodb.net:27017, ac-3mufzp1-shard-00-02.4nosy2u.mongodb.net:27017, ac-3mufzp1-shard-00-01.4nosy2u.mongodb.net:27017], passives=[], arbiters=[], primary='ac-3mufzp1-shard-00-01.4nosy2u.mongodb.net:27017', tagSet=TagSet{[Tag{name='availabilityZone', value='aps1-az2'}, Tag{name='diskState', value='READY'}, Tag{name='nodeType', value='ELECTABLE'}, Tag{name='provider', value='AWS'}, Tag{name='region', value='AP_SOUTH_1'}, Tag{name='workloadType', value='OPERATIONAL'}]}, electionId=null, setVersion=46, topologyVersion=TopologyVersion{processId=69b31436cf980eb974c6b7c1, counter=3}, lastWriteDate=Sat Mar 28 14:04:51 IST 2026, lastUpdateTimeNanos=209446148384083}
2026-03-28T14:07:55.287+05:30  INFO 99702 --- [academic-service] [trap-executor-0] c.n.d.s.r.aws.ConfigClusterResolver      : Resolving eureka endpoints via configuration
2026-03-28T14:29:57.477+05:30  INFO 99702 --- [academic-service] [ngodb.net:27017] org.mongodb.driver.cluster               : Exception in monitor thread while connecting to server ac-3mufzp1-shard-00-01.4nosy2u.mongodb.net:27017

com.mongodb.MongoSocketReadTimeoutException: Timeout while receiving message
	at com.mongodb.internal.connection.InternalStreamConnection.translateReadException(InternalStreamConnection.java:728) ~[mongodb-driver-core-4.11.2.jar:na]
	at com.mongodb.internal.connection.InternalStreamConnection.receiveMessageWithAdditionalTimeout(InternalStreamConnection.java:606) ~[mongodb-driver-core-4.11.2.jar:na]
	at com.mongodb.internal.connection.InternalStreamConnection.receiveCommandMessageResponse(InternalStreamConnection.java:451) ~[mongodb-driver-core-4.11.2.jar:na]
	at com.mongodb.internal.connection.InternalStreamConnection.receive(InternalStreamConnection.java:404) ~[mongodb-driver-core-4.11.2.jar:na]
	at com.mongodb.internal.connection.DefaultServerMonitor$ServerMonitorRunnable.lookupServerDescription(DefaultServerMonitor.java:221) ~[mongodb-driver-core-4.11.2.jar:na]
	at com.mongodb.internal.connection.DefaultServerMonitor$ServerMonitorRunnable.run(DefaultServerMonitor.java:153) ~[mongodb-driver-core-4.11.2.jar:na]
	at java.base/java.lang.Thread.run(Thread.java:1583) ~[na:na]
Caused by: java.net.SocketTimeoutException: Read timed out
	at java.base/sun.nio.ch.NioSocketImpl.timedRead(NioSocketImpl.java:278) ~[na:na]
	at java.base/sun.nio.ch.NioSocketImpl.implRead(NioSocketImpl.java:304) ~[na:na]
	at java.base/sun.nio.ch.NioSocketImpl.read(NioSocketImpl.java:346) ~[na:na]
	at java.base/sun.nio.ch.NioSocketImpl$1.read(NioSocketImpl.java:796) ~[na:na]
	at java.base/java.net.Socket$SocketInputStream.read(Socket.java:1099) ~[na:na]
	at java.base/sun.security.ssl.SSLSocketInputRecord.read(SSLSocketInputRecord.java:489) ~[na:na]
	at java.base/sun.security.ssl.SSLSocketInputRecord.readHeader(SSLSocketInputRecord.java:483) ~[na:na]
	at java.base/sun.security.ssl.SSLSocketInputRecord.bytesInCompletePacket(SSLSocketInputRecord.java:70) ~[na:na]
	at java.base/sun.security.ssl.SSLSocketImpl.readApplicationRecord(SSLSocketImpl.java:1461) ~[na:na]
	at java.base/sun.security.ssl.SSLSocketImpl$AppInputStream.read(SSLSocketImpl.java:1066) ~[na:na]
	at com.mongodb.internal.connection.SocketStream.read(SocketStream.java:175) ~[mongodb-driver-core-4.11.2.jar:na]
	at com.mongodb.internal.connection.SocketStream.read(SocketStream.java:200) ~[mongodb-driver-core-4.11.2.jar:na]
	at com.mongodb.internal.connection.InternalStreamConnection.receiveResponseBuffers(InternalStreamConnection.java:739) ~[mongodb-driver-core-4.11.2.jar:na]
	at com.mongodb.internal.connection.InternalStreamConnection.receiveMessageWithAdditionalTimeout(InternalStreamConnection.java:603) ~[mongodb-driver-core-4.11.2.jar:na]
	... 5 common frames omitted

2026-03-28T14:29:57.634+05:30  INFO 99702 --- [academic-service] [ngodb.net:27017] org.mongodb.driver.cluster               : Exception in monitor thread while connecting to server ac-3mufzp1-shard-00-02.4nosy2u.mongodb.net:27017

com.mongodb.MongoSocketReadTimeoutException: Timeout while receiving message
	at com.mongodb.internal.connection.InternalStreamConnection.translateReadException(InternalStreamConnection.java:728) ~[mongodb-driver-core-4.11.2.jar:na]
	at com.mongodb.internal.connection.InternalStreamConnection.receiveMessageWithAdditionalTimeout(InternalStreamConnection.java:606) ~[mongodb-driver-core-4.11.2.jar:na]
	at com.mongodb.internal.connection.InternalStreamConnection.receiveCommandMessageResponse(InternalStreamConnection.java:451) ~[mongodb-driver-core-4.11.2.jar:na]
	at com.mongodb.internal.connection.InternalStreamConnection.receive(InternalStreamConnection.java:404) ~[mongodb-driver-core-4.11.2.jar:na]
	at com.mongodb.internal.connection.DefaultServerMonitor$ServerMonitorRunnable.lookupServerDescription(DefaultServerMonitor.java:221) ~[mongodb-driver-core-4.11.2.jar:na]
	at com.mongodb.internal.connection.DefaultServerMonitor$ServerMonitorRunnable.run(DefaultServerMonitor.java:153) ~[mongodb-driver-core-4.11.2.jar:na]
	at java.base/java.lang.Thread.run(Thread.java:1583) ~[na:na]
Caused by: java.net.SocketTimeoutException: Read timed out
	at java.base/sun.nio.ch.NioSocketImpl.timedRead(NioSocketImpl.java:278) ~[na:na]
	at java.base/sun.nio.ch.NioSocketImpl.implRead(NioSocketImpl.java:304) ~[na:na]
	at java.base/sun.nio.ch.NioSocketImpl.read(NioSocketImpl.java:346) ~[na:na]
	at java.base/sun.nio.ch.NioSocketImpl$1.read(NioSocketImpl.java:796) ~[na:na]
	at java.base/java.net.Socket$SocketInputStream.read(Socket.java:1099) ~[na:na]
	at java.base/sun.security.ssl.SSLSocketInputRecord.read(SSLSocketInputRecord.java:489) ~[na:na]
	at java.base/sun.security.ssl.SSLSocketInputRecord.readHeader(SSLSocketInputRecord.java:483) ~[na:na]
	at java.base/sun.security.ssl.SSLSocketInputRecord.bytesInCompletePacket(SSLSocketInputRecord.java:70) ~[na:na]
	at java.base/sun.security.ssl.SSLSocketImpl.readApplicationRecord(SSLSocketImpl.java:1461) ~[na:na]
	at java.base/sun.security.ssl.SSLSocketImpl$AppInputStream.read(SSLSocketImpl.java:1066) ~[na:na]
	at com.mongodb.internal.connection.SocketStream.read(SocketStream.java:175) ~[mongodb-driver-core-4.11.2.jar:na]
	at com.mongodb.internal.connection.SocketStream.read(SocketStream.java:200) ~[mongodb-driver-core-4.11.2.jar:na]
	at com.mongodb.internal.connection.InternalStreamConnection.receiveResponseBuffers(InternalStreamConnection.java:739) ~[mongodb-driver-core-4.11.2.jar:na]
	at com.mongodb.internal.connection.InternalStreamConnection.receiveMessageWithAdditionalTimeout(InternalStreamConnection.java:603) ~[mongodb-driver-core-4.11.2.jar:na]
	... 5 common frames omitted

2026-03-28T14:29:57.735+05:30  INFO 99702 --- [academic-service] [ngodb.net:27017] org.mongodb.driver.cluster               : Monitor thread successfully connected to server with description ServerDescription{address=ac-3mufzp1-shard-00-01.4nosy2u.mongodb.net:27017, type=REPLICA_SET_PRIMARY, state=CONNECTED, ok=true, minWireVersion=0, maxWireVersion=25, maxDocumentSize=16777216, logicalSessionTimeoutMinutes=30, roundTripTimeNanos=90516250, setName='atlas-hy5sqn-shard-0', canonicalAddress=ac-3mufzp1-shard-00-01.4nosy2u.mongodb.net:27017, hosts=[ac-3mufzp1-shard-00-00.4nosy2u.mongodb.net:27017, ac-3mufzp1-shard-00-02.4nosy2u.mongodb.net:27017, ac-3mufzp1-shard-00-01.4nosy2u.mongodb.net:27017], passives=[], arbiters=[], primary='ac-3mufzp1-shard-00-01.4nosy2u.mongodb.net:27017', tagSet=TagSet{[Tag{name='availabilityZone', value='aps1-az3'}, Tag{name='diskState', value='READY'}, Tag{name='nodeType', value='ELECTABLE'}, Tag{name='provider', value='AWS'}, Tag{name='region', value='AP_SOUTH_1'}, Tag{name='workloadType', value='OPERATIONAL'}]}, electionId=7fffffff00000000000000ca, setVersion=46, topologyVersion=TopologyVersion{processId=69b311797648454b51f7c7a8, counter=6}, lastWriteDate=Sat Mar 28 14:29:57 IST 2026, lastUpdateTimeNanos=209656492716583}
2026-03-28T14:29:57.735+05:30  INFO 99702 --- [academic-service] [ngodb.net:27017] org.mongodb.driver.cluster               : Discovered replica set primary ac-3mufzp1-shard-00-01.4nosy2u.mongodb.net:27017 with max election id 7fffffff00000000000000ca and max set version 46
2026-03-28T14:29:57.780+05:30  INFO 99702 --- [academic-service] [ngodb.net:27017] org.mongodb.driver.cluster               : Monitor thread successfully connected to server with description ServerDescription{address=ac-3mufzp1-shard-00-02.4nosy2u.mongodb.net:27017, type=REPLICA_SET_SECONDARY, state=CONNECTED, ok=true, minWireVersion=0, maxWireVersion=25, maxDocumentSize=16777216, logicalSessionTimeoutMinutes=30, roundTripTimeNanos=84702209, setName='atlas-hy5sqn-shard-0', canonicalAddress=ac-3mufzp1-shard-00-02.4nosy2u.mongodb.net:27017, hosts=[ac-3mufzp1-shard-00-00.4nosy2u.mongodb.net:27017, ac-3mufzp1-shard-00-02.4nosy2u.mongodb.net:27017, ac-3mufzp1-shard-00-01.4nosy2u.mongodb.net:27017], passives=[], arbiters=[], primary='ac-3mufzp1-shard-00-01.4nosy2u.mongodb.net:27017', tagSet=TagSet{[Tag{name='availabilityZone', value='aps1-az2'}, Tag{name='diskState', value='READY'}, Tag{name='nodeType', value='ELECTABLE'}, Tag{name='provider', value='AWS'}, Tag{name='region', value='AP_SOUTH_1'}, Tag{name='workloadType', value='OPERATIONAL'}]}, electionId=null, setVersion=46, topologyVersion=TopologyVersion{processId=69b31436cf980eb974c6b7c1, counter=3}, lastWriteDate=Sat Mar 28 14:29:57 IST 2026, lastUpdateTimeNanos=209656538261875}
2026-03-28T14:29:59.412+05:30  INFO 99702 --- [academic-service] [ngodb.net:27017] org.mongodb.driver.cluster               : Exception in monitor thread while connecting to server ac-3mufzp1-shard-00-00.4nosy2u.mongodb.net:27017

com.mongodb.MongoSocketReadTimeoutException: Timeout while receiving message
	at com.mongodb.internal.connection.InternalStreamConnection.translateReadException(InternalStreamConnection.java:728) ~[mongodb-driver-core-4.11.2.jar:na]
	at com.mongodb.internal.connection.InternalStreamConnection.receiveMessageWithAdditionalTimeout(InternalStreamConnection.java:606) ~[mongodb-driver-core-4.11.2.jar:na]
	at com.mongodb.internal.connection.InternalStreamConnection.receiveCommandMessageResponse(InternalStreamConnection.java:451) ~[mongodb-driver-core-4.11.2.jar:na]
	at com.mongodb.internal.connection.InternalStreamConnection.receive(InternalStreamConnection.java:404) ~[mongodb-driver-core-4.11.2.jar:na]
	at com.mongodb.internal.connection.DefaultServerMonitor$ServerMonitorRunnable.lookupServerDescription(DefaultServerMonitor.java:221) ~[mongodb-driver-core-4.11.2.jar:na]
	at com.mongodb.internal.connection.DefaultServerMonitor$ServerMonitorRunnable.run(DefaultServerMonitor.java:153) ~[mongodb-driver-core-4.11.2.jar:na]
	at java.base/java.lang.Thread.run(Thread.java:1583) ~[na:na]
Caused by: java.net.SocketTimeoutException: Read timed out
	at java.base/sun.nio.ch.NioSocketImpl.timedRead(NioSocketImpl.java:278) ~[na:na]
	at java.base/sun.nio.ch.NioSocketImpl.implRead(NioSocketImpl.java:304) ~[na:na]
	at java.base/sun.nio.ch.NioSocketImpl.read(NioSocketImpl.java:346) ~[na:na]
	at java.base/sun.nio.ch.NioSocketImpl$1.read(NioSocketImpl.java:796) ~[na:na]
	at java.base/java.net.Socket$SocketInputStream.read(Socket.java:1099) ~[na:na]
	at java.base/sun.security.ssl.SSLSocketInputRecord.read(SSLSocketInputRecord.java:489) ~[na:na]
	at java.base/sun.security.ssl.SSLSocketInputRecord.readHeader(SSLSocketInputRecord.java:483) ~[na:na]
	at java.base/sun.security.ssl.SSLSocketInputRecord.bytesInCompletePacket(SSLSocketInputRecord.java:70) ~[na:na]
	at java.base/sun.security.ssl.SSLSocketImpl.readApplicationRecord(SSLSocketImpl.java:1461) ~[na:na]
	at java.base/sun.security.ssl.SSLSocketImpl$AppInputStream.read(SSLSocketImpl.java:1066) ~[na:na]
	at com.mongodb.internal.connection.SocketStream.read(SocketStream.java:175) ~[mongodb-driver-core-4.11.2.jar:na]
	at com.mongodb.internal.connection.SocketStream.read(SocketStream.java:200) ~[mongodb-driver-core-4.11.2.jar:na]
	at com.mongodb.internal.connection.InternalStreamConnection.receiveResponseBuffers(InternalStreamConnection.java:739) ~[mongodb-driver-core-4.11.2.jar:na]
	at com.mongodb.internal.connection.InternalStreamConnection.receiveMessageWithAdditionalTimeout(InternalStreamConnection.java:603) ~[mongodb-driver-core-4.11.2.jar:na]
	... 5 common frames omitted

2026-03-28T14:29:59.571+05:30  INFO 99702 --- [academic-service] [ngodb.net:27017] org.mongodb.driver.cluster               : Monitor thread successfully connected to server with description ServerDescription{address=ac-3mufzp1-shard-00-00.4nosy2u.mongodb.net:27017, type=REPLICA_SET_SECONDARY, state=CONNECTED, ok=true, minWireVersion=0, maxWireVersion=25, maxDocumentSize=16777216, logicalSessionTimeoutMinutes=30, roundTripTimeNanos=91417000, setName='atlas-hy5sqn-shard-0', canonicalAddress=ac-3mufzp1-shard-00-00.4nosy2u.mongodb.net:27017, hosts=[ac-3mufzp1-shard-00-00.4nosy2u.mongodb.net:27017, ac-3mufzp1-shard-00-02.4nosy2u.mongodb.net:27017, ac-3mufzp1-shard-00-01.4nosy2u.mongodb.net:27017], passives=[], arbiters=[], primary='ac-3mufzp1-shard-00-01.4nosy2u.mongodb.net:27017', tagSet=TagSet{[Tag{name='availabilityZone', value='aps1-az1'}, Tag{name='diskState', value='READY'}, Tag{name='nodeType', value='ELECTABLE'}, Tag{name='provider', value='AWS'}, Tag{name='region', value='AP_SOUTH_1'}, Tag{name='workloadType', value='OPERATIONAL'}]}, electionId=null, setVersion=46, topologyVersion=TopologyVersion{processId=69b30edff67384ce6d9efce1, counter=4}, lastWriteDate=Sat Mar 28 14:29:59 IST 2026, lastUpdateTimeNanos=209658329412291}
2026-03-28T14:36:04.593+05:30  INFO 99702 --- [academic-service] [tbeatExecutor-0] com.netflix.discovery.DiscoveryClient    : DiscoveryClient_ACADEMIC-SERVICE/192.168.0.207:academic-service:8089 - Re-registering apps/ACADEMIC-SERVICE
2026-03-28T14:36:04.594+05:30  INFO 99702 --- [academic-service] [tbeatExecutor-0] com.netflix.discovery.DiscoveryClient    : DiscoveryClient_ACADEMIC-SERVICE/192.168.0.207:academic-service:8089: registering service...
2026-03-28T14:36:04.618+05:30  INFO 99702 --- [academic-service] [tbeatExecutor-0] com.netflix.discovery.DiscoveryClient    : DiscoveryClient_ACADEMIC-SERVICE/192.168.0.207:academic-service:8089 - registration status: 204
2026-03-28T15:00:40.881+05:30  INFO 99702 --- [academic-service] [ngodb.net:27017] org.mongodb.driver.cluster               : Exception in monitor thread while connecting to server ac-3mufzp1-shard-00-00.4nosy2u.mongodb.net:27017

com.mongodb.MongoSocketReadTimeoutException: Timeout while receiving message
	at com.mongodb.internal.connection.InternalStreamConnection.translateReadException(InternalStreamConnection.java:728) ~[mongodb-driver-core-4.11.2.jar:na]
	at com.mongodb.internal.connection.InternalStreamConnection.receiveMessageWithAdditionalTimeout(InternalStreamConnection.java:606) ~[mongodb-driver-core-4.11.2.jar:na]
	at com.mongodb.internal.connection.InternalStreamConnection.receiveCommandMessageResponse(InternalStreamConnection.java:451) ~[mongodb-driver-core-4.11.2.jar:na]
	at com.mongodb.internal.connection.InternalStreamConnection.receive(InternalStreamConnection.java:404) ~[mongodb-driver-core-4.11.2.jar:na]
	at com.mongodb.internal.connection.DefaultServerMonitor$ServerMonitorRunnable.lookupServerDescription(DefaultServerMonitor.java:221) ~[mongodb-driver-core-4.11.2.jar:na]
	at com.mongodb.internal.connection.DefaultServerMonitor$ServerMonitorRunnable.run(DefaultServerMonitor.java:153) ~[mongodb-driver-core-4.11.2.jar:na]
	at java.base/java.lang.Thread.run(Thread.java:1583) ~[na:na]
Caused by: java.net.SocketTimeoutException: Read timed out
	at java.base/sun.nio.ch.NioSocketImpl.timedRead(NioSocketImpl.java:278) ~[na:na]
	at java.base/sun.nio.ch.NioSocketImpl.implRead(NioSocketImpl.java:304) ~[na:na]
	at java.base/sun.nio.ch.NioSocketImpl.read(NioSocketImpl.java:346) ~[na:na]
	at java.base/sun.nio.ch.NioSocketImpl$1.read(NioSocketImpl.java:796) ~[na:na]
	at java.base/java.net.Socket$SocketInputStream.read(Socket.java:1099) ~[na:na]
	at java.base/sun.security.ssl.SSLSocketInputRecord.read(SSLSocketInputRecord.java:489) ~[na:na]
	at java.base/sun.security.ssl.SSLSocketInputRecord.readHeader(SSLSocketInputRecord.java:483) ~[na:na]
	at java.base/sun.security.ssl.SSLSocketInputRecord.bytesInCompletePacket(SSLSocketInputRecord.java:70) ~[na:na]
	at java.base/sun.security.ssl.SSLSocketImpl.readApplicationRecord(SSLSocketImpl.java:1461) ~[na:na]
	at java.base/sun.security.ssl.SSLSocketImpl$AppInputStream.read(SSLSocketImpl.java:1066) ~[na:na]
	at com.mongodb.internal.connection.SocketStream.read(SocketStream.java:175) ~[mongodb-driver-core-4.11.2.jar:na]
	at com.mongodb.internal.connection.SocketStream.read(SocketStream.java:200) ~[mongodb-driver-core-4.11.2.jar:na]
	at com.mongodb.internal.connection.InternalStreamConnection.receiveResponseBuffers(InternalStreamConnection.java:739) ~[mongodb-driver-core-4.11.2.jar:na]
	at com.mongodb.internal.connection.InternalStreamConnection.receiveMessageWithAdditionalTimeout(InternalStreamConnection.java:603) ~[mongodb-driver-core-4.11.2.jar:na]
	... 5 common frames omitted

2026-03-28T15:00:40.995+05:30  INFO 99702 --- [academic-service] [ngodb.net:27017] org.mongodb.driver.cluster               : Monitor thread successfully connected to server with description ServerDescription{address=ac-3mufzp1-shard-00-00.4nosy2u.mongodb.net:27017, type=REPLICA_SET_SECONDARY, state=CONNECTED, ok=true, minWireVersion=0, maxWireVersion=25, maxDocumentSize=16777216, logicalSessionTimeoutMinutes=30, roundTripTimeNanos=90458709, setName='atlas-hy5sqn-shard-0', canonicalAddress=ac-3mufzp1-shard-00-00.4nosy2u.mongodb.net:27017, hosts=[ac-3mufzp1-shard-00-00.4nosy2u.mongodb.net:27017, ac-3mufzp1-shard-00-02.4nosy2u.mongodb.net:27017, ac-3mufzp1-shard-00-01.4nosy2u.mongodb.net:27017], passives=[], arbiters=[], primary='ac-3mufzp1-shard-00-01.4nosy2u.mongodb.net:27017', tagSet=TagSet{[Tag{name='availabilityZone', value='aps1-az1'}, Tag{name='diskState', value='READY'}, Tag{name='nodeType', value='ELECTABLE'}, Tag{name='provider', value='AWS'}, Tag{name='region', value='AP_SOUTH_1'}, Tag{name='workloadType', value='OPERATIONAL'}]}, electionId=null, setVersion=46, topologyVersion=TopologyVersion{processId=69b30edff67384ce6d9efce1, counter=4}, lastWriteDate=Sat Mar 28 15:00:41 IST 2026, lastUpdateTimeNanos=209685511317833}
2026-03-28T15:16:27.206+05:30  INFO 99702 --- [academic-service] [ngodb.net:27017] org.mongodb.driver.cluster               : Exception in monitor thread while connecting to server ac-3mufzp1-shard-00-02.4nosy2u.mongodb.net:27017

com.mongodb.MongoSocketReadTimeoutException: Timeout while receiving message
	at com.mongodb.internal.connection.InternalStreamConnection.translateReadException(InternalStreamConnection.java:728) ~[mongodb-driver-core-4.11.2.jar:na]
	at com.mongodb.internal.connection.InternalStreamConnection.receiveMessageWithAdditionalTimeout(InternalStreamConnection.java:606) ~[mongodb-driver-core-4.11.2.jar:na]
	at com.mongodb.internal.connection.InternalStreamConnection.receiveCommandMessageResponse(InternalStreamConnection.java:451) ~[mongodb-driver-core-4.11.2.jar:na]
	at com.mongodb.internal.connection.InternalStreamConnection.receive(InternalStreamConnection.java:404) ~[mongodb-driver-core-4.11.2.jar:na]
	at com.mongodb.internal.connection.DefaultServerMonitor$ServerMonitorRunnable.lookupServerDescription(DefaultServerMonitor.java:221) ~[mongodb-driver-core-4.11.2.jar:na]
	at com.mongodb.internal.connection.DefaultServerMonitor$ServerMonitorRunnable.run(DefaultServerMonitor.java:153) ~[mongodb-driver-core-4.11.2.jar:na]
	at java.base/java.lang.Thread.run(Thread.java:1583) ~[na:na]
Caused by: java.net.SocketTimeoutException: Read timed out
	at java.base/sun.nio.ch.NioSocketImpl.timedRead(NioSocketImpl.java:278) ~[na:na]
	at java.base/sun.nio.ch.NioSocketImpl.implRead(NioSocketImpl.java:304) ~[na:na]
	at java.base/sun.nio.ch.NioSocketImpl.read(NioSocketImpl.java:346) ~[na:na]
	at java.base/sun.nio.ch.NioSocketImpl$1.read(NioSocketImpl.java:796) ~[na:na]
	at java.base/java.net.Socket$SocketInputStream.read(Socket.java:1099) ~[na:na]
	at java.base/sun.security.ssl.SSLSocketInputRecord.read(SSLSocketInputRecord.java:489) ~[na:na]
	at java.base/sun.security.ssl.SSLSocketInputRecord.readHeader(SSLSocketInputRecord.java:483) ~[na:na]
	at java.base/sun.security.ssl.SSLSocketInputRecord.bytesInCompletePacket(SSLSocketInputRecord.java:70) ~[na:na]
	at java.base/sun.security.ssl.SSLSocketImpl.readApplicationRecord(SSLSocketImpl.java:1461) ~[na:na]
	at java.base/sun.security.ssl.SSLSocketImpl$AppInputStream.read(SSLSocketImpl.java:1066) ~[na:na]
	at com.mongodb.internal.connection.SocketStream.read(SocketStream.java:175) ~[mongodb-driver-core-4.11.2.jar:na]
	at com.mongodb.internal.connection.SocketStream.read(SocketStream.java:200) ~[mongodb-driver-core-4.11.2.jar:na]
	at com.mongodb.internal.connection.InternalStreamConnection.receiveResponseBuffers(InternalStreamConnection.java:739) ~[mongodb-driver-core-4.11.2.jar:na]
	at com.mongodb.internal.connection.InternalStreamConnection.receiveMessageWithAdditionalTimeout(InternalStreamConnection.java:603) ~[mongodb-driver-core-4.11.2.jar:na]
	... 5 common frames omitted

2026-03-28T15:16:27.374+05:30  INFO 99702 --- [academic-service] [ngodb.net:27017] org.mongodb.driver.cluster               : Monitor thread successfully connected to server with description ServerDescription{address=ac-3mufzp1-shard-00-02.4nosy2u.mongodb.net:27017, type=REPLICA_SET_SECONDARY, state=CONNECTED, ok=true, minWireVersion=0, maxWireVersion=25, maxDocumentSize=16777216, logicalSessionTimeoutMinutes=30, roundTripTimeNanos=85835166, setName='atlas-hy5sqn-shard-0', canonicalAddress=ac-3mufzp1-shard-00-02.4nosy2u.mongodb.net:27017, hosts=[ac-3mufzp1-shard-00-00.4nosy2u.mongodb.net:27017, ac-3mufzp1-shard-00-02.4nosy2u.mongodb.net:27017, ac-3mufzp1-shard-00-01.4nosy2u.mongodb.net:27017], passives=[], arbiters=[], primary='ac-3mufzp1-shard-00-01.4nosy2u.mongodb.net:27017', tagSet=TagSet{[Tag{name='availabilityZone', value='aps1-az2'}, Tag{name='diskState', value='READY'}, Tag{name='nodeType', value='ELECTABLE'}, Tag{name='provider', value='AWS'}, Tag{name='region', value='AP_SOUTH_1'}, Tag{name='workloadType', value='OPERATIONAL'}]}, electionId=null, setVersion=46, topologyVersion=TopologyVersion{processId=69b31436cf980eb974c6b7c1, counter=3}, lastWriteDate=Sat Mar 28 15:16:27 IST 2026, lastUpdateTimeNanos=209693227705708}
2026-03-28T15:34:41.384+05:30  INFO 99702 --- [academic-service] [ngodb.net:27017] org.mongodb.driver.cluster               : Exception in monitor thread while connecting to server ac-3mufzp1-shard-00-00.4nosy2u.mongodb.net:27017

com.mongodb.MongoSocketReadTimeoutException: Timeout while receiving message
	at com.mongodb.internal.connection.InternalStreamConnection.translateReadException(InternalStreamConnection.java:728) ~[mongodb-driver-core-4.11.2.jar:na]
	at com.mongodb.internal.connection.InternalStreamConnection.receiveMessageWithAdditionalTimeout(InternalStreamConnection.java:606) ~[mongodb-driver-core-4.11.2.jar:na]
	at com.mongodb.internal.connection.InternalStreamConnection.receiveCommandMessageResponse(InternalStreamConnection.java:451) ~[mongodb-driver-core-4.11.2.jar:na]
	at com.mongodb.internal.connection.InternalStreamConnection.receive(InternalStreamConnection.java:404) ~[mongodb-driver-core-4.11.2.jar:na]
	at com.mongodb.internal.connection.DefaultServerMonitor$ServerMonitorRunnable.lookupServerDescription(DefaultServerMonitor.java:221) ~[mongodb-driver-core-4.11.2.jar:na]
	at com.mongodb.internal.connection.DefaultServerMonitor$ServerMonitorRunnable.run(DefaultServerMonitor.java:153) ~[mongodb-driver-core-4.11.2.jar:na]
	at java.base/java.lang.Thread.run(Thread.java:1583) ~[na:na]
Caused by: java.net.SocketTimeoutException: Read timed out
	at java.base/sun.nio.ch.NioSocketImpl.timedRead(NioSocketImpl.java:278) ~[na:na]
	at java.base/sun.nio.ch.NioSocketImpl.implRead(NioSocketImpl.java:304) ~[na:na]
	at java.base/sun.nio.ch.NioSocketImpl.read(NioSocketImpl.java:346) ~[na:na]
	at java.base/sun.nio.ch.NioSocketImpl$1.read(NioSocketImpl.java:796) ~[na:na]
	at java.base/java.net.Socket$SocketInputStream.read(Socket.java:1099) ~[na:na]
	at java.base/sun.security.ssl.SSLSocketInputRecord.read(SSLSocketInputRecord.java:489) ~[na:na]
	at java.base/sun.security.ssl.SSLSocketInputRecord.readHeader(SSLSocketInputRecord.java:483) ~[na:na]
	at java.base/sun.security.ssl.SSLSocketInputRecord.bytesInCompletePacket(SSLSocketInputRecord.java:70) ~[na:na]
	at java.base/sun.security.ssl.SSLSocketImpl.readApplicationRecord(SSLSocketImpl.java:1461) ~[na:na]
	at java.base/sun.security.ssl.SSLSocketImpl$AppInputStream.read(SSLSocketImpl.java:1066) ~[na:na]
	at com.mongodb.internal.connection.SocketStream.read(SocketStream.java:175) ~[mongodb-driver-core-4.11.2.jar:na]
	at com.mongodb.internal.connection.SocketStream.read(SocketStream.java:200) ~[mongodb-driver-core-4.11.2.jar:na]
	at com.mongodb.internal.connection.InternalStreamConnection.receiveResponseBuffers(InternalStreamConnection.java:739) ~[mongodb-driver-core-4.11.2.jar:na]
	at com.mongodb.internal.connection.InternalStreamConnection.receiveMessageWithAdditionalTimeout(InternalStreamConnection.java:603) ~[mongodb-driver-core-4.11.2.jar:na]
	... 5 common frames omitted

2026-03-28T15:34:41.492+05:30  INFO 99702 --- [academic-service] [ngodb.net:27017] org.mongodb.driver.cluster               : Monitor thread successfully connected to server with description ServerDescription{address=ac-3mufzp1-shard-00-00.4nosy2u.mongodb.net:27017, type=REPLICA_SET_SECONDARY, state=CONNECTED, ok=true, minWireVersion=0, maxWireVersion=25, maxDocumentSize=16777216, logicalSessionTimeoutMinutes=30, roundTripTimeNanos=81000041, setName='atlas-hy5sqn-shard-0', canonicalAddress=ac-3mufzp1-shard-00-00.4nosy2u.mongodb.net:27017, hosts=[ac-3mufzp1-shard-00-00.4nosy2u.mongodb.net:27017, ac-3mufzp1-shard-00-02.4nosy2u.mongodb.net:27017, ac-3mufzp1-shard-00-01.4nosy2u.mongodb.net:27017], passives=[], arbiters=[], primary='ac-3mufzp1-shard-00-01.4nosy2u.mongodb.net:27017', tagSet=TagSet{[Tag{name='availabilityZone', value='aps1-az1'}, Tag{name='diskState', value='READY'}, Tag{name='nodeType', value='ELECTABLE'}, Tag{name='provider', value='AWS'}, Tag{name='region', value='AP_SOUTH_1'}, Tag{name='workloadType', value='OPERATIONAL'}]}, electionId=null, setVersion=46, topologyVersion=TopologyVersion{processId=69b30edff67384ce6d9efce1, counter=4}, lastWriteDate=Sat Mar 28 15:34:41 IST 2026, lastUpdateTimeNanos=209705639557000}
2026-03-28T15:48:44.905+05:30  INFO 99702 --- [academic-service] [ngodb.net:27017] org.mongodb.driver.cluster               : Exception in monitor thread while connecting to server ac-3mufzp1-shard-00-01.4nosy2u.mongodb.net:27017

com.mongodb.MongoSocketReadTimeoutException: Timeout while receiving message
	at com.mongodb.internal.connection.InternalStreamConnection.translateReadException(InternalStreamConnection.java:728) ~[mongodb-driver-core-4.11.2.jar:na]
	at com.mongodb.internal.connection.InternalStreamConnection.receiveMessageWithAdditionalTimeout(InternalStreamConnection.java:606) ~[mongodb-driver-core-4.11.2.jar:na]
	at com.mongodb.internal.connection.InternalStreamConnection.receiveCommandMessageResponse(InternalStreamConnection.java:451) ~[mongodb-driver-core-4.11.2.jar:na]
	at com.mongodb.internal.connection.InternalStreamConnection.receive(InternalStreamConnection.java:404) ~[mongodb-driver-core-4.11.2.jar:na]
	at com.mongodb.internal.connection.DefaultServerMonitor$ServerMonitorRunnable.lookupServerDescription(DefaultServerMonitor.java:221) ~[mongodb-driver-core-4.11.2.jar:na]
	at com.mongodb.internal.connection.DefaultServerMonitor$ServerMonitorRunnable.run(DefaultServerMonitor.java:153) ~[mongodb-driver-core-4.11.2.jar:na]
	at java.base/java.lang.Thread.run(Thread.java:1583) ~[na:na]
Caused by: java.net.SocketTimeoutException: Read timed out
	at java.base/sun.nio.ch.NioSocketImpl.timedRead(NioSocketImpl.java:278) ~[na:na]
	at java.base/sun.nio.ch.NioSocketImpl.implRead(NioSocketImpl.java:304) ~[na:na]
	at java.base/sun.nio.ch.NioSocketImpl.read(NioSocketImpl.java:346) ~[na:na]
	at java.base/sun.nio.ch.NioSocketImpl$1.read(NioSocketImpl.java:796) ~[na:na]
	at java.base/java.net.Socket$SocketInputStream.read(Socket.java:1099) ~[na:na]
	at java.base/sun.security.ssl.SSLSocketInputRecord.read(SSLSocketInputRecord.java:489) ~[na:na]
	at java.base/sun.security.ssl.SSLSocketInputRecord.readHeader(SSLSocketInputRecord.java:483) ~[na:na]
	at java.base/sun.security.ssl.SSLSocketInputRecord.bytesInCompletePacket(SSLSocketInputRecord.java:70) ~[na:na]
	at java.base/sun.security.ssl.SSLSocketImpl.readApplicationRecord(SSLSocketImpl.java:1461) ~[na:na]
	at java.base/sun.security.ssl.SSLSocketImpl$AppInputStream.read(SSLSocketImpl.java:1066) ~[na:na]
	at com.mongodb.internal.connection.SocketStream.read(SocketStream.java:175) ~[mongodb-driver-core-4.11.2.jar:na]
	at com.mongodb.internal.connection.SocketStream.read(SocketStream.java:200) ~[mongodb-driver-core-4.11.2.jar:na]
	at com.mongodb.internal.connection.InternalStreamConnection.receiveResponseBuffers(InternalStreamConnection.java:739) ~[mongodb-driver-core-4.11.2.jar:na]
	at com.mongodb.internal.connection.InternalStreamConnection.receiveMessageWithAdditionalTimeout(InternalStreamConnection.java:603) ~[mongodb-driver-core-4.11.2.jar:na]
	... 5 common frames omitted

2026-03-28T15:48:45.084+05:30  INFO 99702 --- [academic-service] [ngodb.net:27017] org.mongodb.driver.cluster               : Monitor thread successfully connected to server with description ServerDescription{address=ac-3mufzp1-shard-00-01.4nosy2u.mongodb.net:27017, type=REPLICA_SET_PRIMARY, state=CONNECTED, ok=true, minWireVersion=0, maxWireVersion=25, maxDocumentSize=16777216, logicalSessionTimeoutMinutes=30, roundTripTimeNanos=50031417, setName='atlas-hy5sqn-shard-0', canonicalAddress=ac-3mufzp1-shard-00-01.4nosy2u.mongodb.net:27017, hosts=[ac-3mufzp1-shard-00-00.4nosy2u.mongodb.net:27017, ac-3mufzp1-shard-00-02.4nosy2u.mongodb.net:27017, ac-3mufzp1-shard-00-01.4nosy2u.mongodb.net:27017], passives=[], arbiters=[], primary='ac-3mufzp1-shard-00-01.4nosy2u.mongodb.net:27017', tagSet=TagSet{[Tag{name='availabilityZone', value='aps1-az3'}, Tag{name='diskState', value='READY'}, Tag{name='nodeType', value='ELECTABLE'}, Tag{name='provider', value='AWS'}, Tag{name='region', value='AP_SOUTH_1'}, Tag{name='workloadType', value='OPERATIONAL'}]}, electionId=7fffffff00000000000000ca, setVersion=46, topologyVersion=TopologyVersion{processId=69b311797648454b51f7c7a8, counter=6}, lastWriteDate=Sat Mar 28 15:48:45 IST 2026, lastUpdateTimeNanos=209710848801500}
2026-03-28T15:48:45.085+05:30  INFO 99702 --- [academic-service] [ngodb.net:27017] org.mongodb.driver.cluster               : Discovered replica set primary ac-3mufzp1-shard-00-01.4nosy2u.mongodb.net:27017 with max election id 7fffffff00000000000000ca and max set version 46
2026-03-28T15:48:47.485+05:30  INFO 99702 --- [academic-service] [ngodb.net:27017] org.mongodb.driver.cluster               : Exception in monitor thread while connecting to server ac-3mufzp1-shard-00-02.4nosy2u.mongodb.net:27017

com.mongodb.MongoSocketReadTimeoutException: Timeout while receiving message
	at com.mongodb.internal.connection.InternalStreamConnection.translateReadException(InternalStreamConnection.java:728) ~[mongodb-driver-core-4.11.2.jar:na]
	at com.mongodb.internal.connection.InternalStreamConnection.receiveMessageWithAdditionalTimeout(InternalStreamConnection.java:606) ~[mongodb-driver-core-4.11.2.jar:na]
	at com.mongodb.internal.connection.InternalStreamConnection.receiveCommandMessageResponse(InternalStreamConnection.java:451) ~[mongodb-driver-core-4.11.2.jar:na]
	at com.mongodb.internal.connection.InternalStreamConnection.receive(InternalStreamConnection.java:404) ~[mongodb-driver-core-4.11.2.jar:na]
	at com.mongodb.internal.connection.DefaultServerMonitor$ServerMonitorRunnable.lookupServerDescription(DefaultServerMonitor.java:221) ~[mongodb-driver-core-4.11.2.jar:na]
	at com.mongodb.internal.connection.DefaultServerMonitor$ServerMonitorRunnable.run(DefaultServerMonitor.java:153) ~[mongodb-driver-core-4.11.2.jar:na]
	at java.base/java.lang.Thread.run(Thread.java:1583) ~[na:na]
Caused by: java.net.SocketTimeoutException: Read timed out
	at java.base/sun.nio.ch.NioSocketImpl.timedRead(NioSocketImpl.java:278) ~[na:na]
	at java.base/sun.nio.ch.NioSocketImpl.implRead(NioSocketImpl.java:304) ~[na:na]
	at java.base/sun.nio.ch.NioSocketImpl.read(NioSocketImpl.java:346) ~[na:na]
	at java.base/sun.nio.ch.NioSocketImpl$1.read(NioSocketImpl.java:796) ~[na:na]
	at java.base/java.net.Socket$SocketInputStream.read(Socket.java:1099) ~[na:na]
	at java.base/sun.security.ssl.SSLSocketInputRecord.read(SSLSocketInputRecord.java:489) ~[na:na]
	at java.base/sun.security.ssl.SSLSocketInputRecord.readHeader(SSLSocketInputRecord.java:483) ~[na:na]
	at java.base/sun.security.ssl.SSLSocketInputRecord.bytesInCompletePacket(SSLSocketInputRecord.java:70) ~[na:na]
	at java.base/sun.security.ssl.SSLSocketImpl.readApplicationRecord(SSLSocketImpl.java:1461) ~[na:na]
	at java.base/sun.security.ssl.SSLSocketImpl$AppInputStream.read(SSLSocketImpl.java:1066) ~[na:na]
	at com.mongodb.internal.connection.SocketStream.read(SocketStream.java:175) ~[mongodb-driver-core-4.11.2.jar:na]
	at com.mongodb.internal.connection.SocketStream.read(SocketStream.java:200) ~[mongodb-driver-core-4.11.2.jar:na]
	at com.mongodb.internal.connection.InternalStreamConnection.receiveResponseBuffers(InternalStreamConnection.java:739) ~[mongodb-driver-core-4.11.2.jar:na]
	at com.mongodb.internal.connection.InternalStreamConnection.receiveMessageWithAdditionalTimeout(InternalStreamConnection.java:603) ~[mongodb-driver-core-4.11.2.jar:na]
	... 5 common frames omitted

2026-03-28T15:48:47.546+05:30  INFO 99702 --- [academic-service] [ngodb.net:27017] org.mongodb.driver.cluster               : Monitor thread successfully connected to server with description ServerDescription{address=ac-3mufzp1-shard-00-02.4nosy2u.mongodb.net:27017, type=REPLICA_SET_SECONDARY, state=CONNECTED, ok=true, minWireVersion=0, maxWireVersion=25, maxDocumentSize=16777216, logicalSessionTimeoutMinutes=30, roundTripTimeNanos=40614375, setName='atlas-hy5sqn-shard-0', canonicalAddress=ac-3mufzp1-shard-00-02.4nosy2u.mongodb.net:27017, hosts=[ac-3mufzp1-shard-00-00.4nosy2u.mongodb.net:27017, ac-3mufzp1-shard-00-02.4nosy2u.mongodb.net:27017, ac-3mufzp1-shard-00-01.4nosy2u.mongodb.net:27017], passives=[], arbiters=[], primary='ac-3mufzp1-shard-00-01.4nosy2u.mongodb.net:27017', tagSet=TagSet{[Tag{name='availabilityZone', value='aps1-az2'}, Tag{name='diskState', value='READY'}, Tag{name='nodeType', value='ELECTABLE'}, Tag{name='provider', value='AWS'}, Tag{name='region', value='AP_SOUTH_1'}, Tag{name='workloadType', value='OPERATIONAL'}]}, electionId=null, setVersion=46, topologyVersion=TopologyVersion{processId=69b31436cf980eb974c6b7c1, counter=3}, lastWriteDate=Sat Mar 28 15:48:47 IST 2026, lastUpdateTimeNanos=209713308718916}
2026-03-28T15:51:19.747+05:30  INFO 99702 --- [academic-service] [ngodb.net:27017] org.mongodb.driver.cluster               : Exception in monitor thread while connecting to server ac-3mufzp1-shard-00-00.4nosy2u.mongodb.net:27017

com.mongodb.MongoSocketReadTimeoutException: Timeout while receiving message
	at com.mongodb.internal.connection.InternalStreamConnection.translateReadException(InternalStreamConnection.java:728) ~[mongodb-driver-core-4.11.2.jar:na]
	at com.mongodb.internal.connection.InternalStreamConnection.receiveMessageWithAdditionalTimeout(InternalStreamConnection.java:606) ~[mongodb-driver-core-4.11.2.jar:na]
	at com.mongodb.internal.connection.InternalStreamConnection.receiveCommandMessageResponse(InternalStreamConnection.java:451) ~[mongodb-driver-core-4.11.2.jar:na]
	at com.mongodb.internal.connection.InternalStreamConnection.receive(InternalStreamConnection.java:404) ~[mongodb-driver-core-4.11.2.jar:na]
	at com.mongodb.internal.connection.DefaultServerMonitor$ServerMonitorRunnable.lookupServerDescription(DefaultServerMonitor.java:221) ~[mongodb-driver-core-4.11.2.jar:na]
	at com.mongodb.internal.connection.DefaultServerMonitor$ServerMonitorRunnable.run(DefaultServerMonitor.java:153) ~[mongodb-driver-core-4.11.2.jar:na]
	at java.base/java.lang.Thread.run(Thread.java:1583) ~[na:na]
Caused by: java.net.SocketTimeoutException: Read timed out
	at java.base/sun.nio.ch.NioSocketImpl.timedRead(NioSocketImpl.java:278) ~[na:na]
	at java.base/sun.nio.ch.NioSocketImpl.implRead(NioSocketImpl.java:304) ~[na:na]
	at java.base/sun.nio.ch.NioSocketImpl.read(NioSocketImpl.java:346) ~[na:na]
	at java.base/sun.nio.ch.NioSocketImpl$1.read(NioSocketImpl.java:796) ~[na:na]
	at java.base/java.net.Socket$SocketInputStream.read(Socket.java:1099) ~[na:na]
	at java.base/sun.security.ssl.SSLSocketInputRecord.read(SSLSocketInputRecord.java:489) ~[na:na]
	at java.base/sun.security.ssl.SSLSocketInputRecord.readHeader(SSLSocketInputRecord.java:483) ~[na:na]
	at java.base/sun.security.ssl.SSLSocketInputRecord.bytesInCompletePacket(SSLSocketInputRecord.java:70) ~[na:na]
	at java.base/sun.security.ssl.SSLSocketImpl.readApplicationRecord(SSLSocketImpl.java:1461) ~[na:na]
	at java.base/sun.security.ssl.SSLSocketImpl$AppInputStream.read(SSLSocketImpl.java:1066) ~[na:na]
	at com.mongodb.internal.connection.SocketStream.read(SocketStream.java:175) ~[mongodb-driver-core-4.11.2.jar:na]
	at com.mongodb.internal.connection.SocketStream.read(SocketStream.java:200) ~[mongodb-driver-core-4.11.2.jar:na]
	at com.mongodb.internal.connection.InternalStreamConnection.receiveResponseBuffers(InternalStreamConnection.java:739) ~[mongodb-driver-core-4.11.2.jar:na]
	at com.mongodb.internal.connection.InternalStreamConnection.receiveMessageWithAdditionalTimeout(InternalStreamConnection.java:603) ~[mongodb-driver-core-4.11.2.jar:na]
	... 5 common frames omitted

2026-03-28T15:51:19.808+05:30  INFO 99702 --- [academic-service] [ngodb.net:27017] org.mongodb.driver.cluster               : Monitor thread successfully connected to server with description ServerDescription{address=ac-3mufzp1-shard-00-00.4nosy2u.mongodb.net:27017, type=REPLICA_SET_SECONDARY, state=CONNECTED, ok=true, minWireVersion=0, maxWireVersion=25, maxDocumentSize=16777216, logicalSessionTimeoutMinutes=30, roundTripTimeNanos=41040750, setName='atlas-hy5sqn-shard-0', canonicalAddress=ac-3mufzp1-shard-00-00.4nosy2u.mongodb.net:27017, hosts=[ac-3mufzp1-shard-00-00.4nosy2u.mongodb.net:27017, ac-3mufzp1-shard-00-02.4nosy2u.mongodb.net:27017, ac-3mufzp1-shard-00-01.4nosy2u.mongodb.net:27017], passives=[], arbiters=[], primary='ac-3mufzp1-shard-00-01.4nosy2u.mongodb.net:27017', tagSet=TagSet{[Tag{name='availabilityZone', value='aps1-az1'}, Tag{name='diskState', value='READY'}, Tag{name='nodeType', value='ELECTABLE'}, Tag{name='provider', value='AWS'}, Tag{name='region', value='AP_SOUTH_1'}, Tag{name='workloadType', value='OPERATIONAL'}]}, electionId=null, setVersion=46, topologyVersion=TopologyVersion{processId=69b30edff67384ce6d9efce1, counter=4}, lastWriteDate=Sat Mar 28 15:51:19 IST 2026, lastUpdateTimeNanos=209725723722375}
2026-03-28T16:07:36.573+05:30  INFO 99702 --- [academic-service] [ngodb.net:27017] org.mongodb.driver.cluster               : Exception in monitor thread while connecting to server ac-3mufzp1-shard-00-01.4nosy2u.mongodb.net:27017

com.mongodb.MongoSocketReadTimeoutException: Timeout while receiving message
	at com.mongodb.internal.connection.InternalStreamConnection.translateReadException(InternalStreamConnection.java:728) ~[mongodb-driver-core-4.11.2.jar:na]
	at com.mongodb.internal.connection.InternalStreamConnection.receiveMessageWithAdditionalTimeout(InternalStreamConnection.java:606) ~[mongodb-driver-core-4.11.2.jar:na]
	at com.mongodb.internal.connection.InternalStreamConnection.receiveCommandMessageResponse(InternalStreamConnection.java:451) ~[mongodb-driver-core-4.11.2.jar:na]
	at com.mongodb.internal.connection.InternalStreamConnection.receive(InternalStreamConnection.java:404) ~[mongodb-driver-core-4.11.2.jar:na]
	at com.mongodb.internal.connection.DefaultServerMonitor$ServerMonitorRunnable.lookupServerDescription(DefaultServerMonitor.java:221) ~[mongodb-driver-core-4.11.2.jar:na]
	at com.mongodb.internal.connection.DefaultServerMonitor$ServerMonitorRunnable.run(DefaultServerMonitor.java:153) ~[mongodb-driver-core-4.11.2.jar:na]
	at java.base/java.lang.Thread.run(Thread.java:1583) ~[na:na]
Caused by: java.net.SocketTimeoutException: Read timed out
	at java.base/sun.nio.ch.NioSocketImpl.timedRead(NioSocketImpl.java:278) ~[na:na]
	at java.base/sun.nio.ch.NioSocketImpl.implRead(NioSocketImpl.java:304) ~[na:na]
	at java.base/sun.nio.ch.NioSocketImpl.read(NioSocketImpl.java:346) ~[na:na]
	at java.base/sun.nio.ch.NioSocketImpl$1.read(NioSocketImpl.java:796) ~[na:na]
	at java.base/java.net.Socket$SocketInputStream.read(Socket.java:1099) ~[na:na]
	at java.base/sun.security.ssl.SSLSocketInputRecord.read(SSLSocketInputRecord.java:489) ~[na:na]
	at java.base/sun.security.ssl.SSLSocketInputRecord.readHeader(SSLSocketInputRecord.java:483) ~[na:na]
	at java.base/sun.security.ssl.SSLSocketInputRecord.bytesInCompletePacket(SSLSocketInputRecord.java:70) ~[na:na]
	at java.base/sun.security.ssl.SSLSocketImpl.readApplicationRecord(SSLSocketImpl.java:1461) ~[na:na]
	at java.base/sun.security.ssl.SSLSocketImpl$AppInputStream.read(SSLSocketImpl.java:1066) ~[na:na]
	at com.mongodb.internal.connection.SocketStream.read(SocketStream.java:175) ~[mongodb-driver-core-4.11.2.jar:na]
	at com.mongodb.internal.connection.SocketStream.read(SocketStream.java:200) ~[mongodb-driver-core-4.11.2.jar:na]
	at com.mongodb.internal.connection.InternalStreamConnection.receiveResponseBuffers(InternalStreamConnection.java:739) ~[mongodb-driver-core-4.11.2.jar:na]
	at com.mongodb.internal.connection.InternalStreamConnection.receiveMessageWithAdditionalTimeout(InternalStreamConnection.java:603) ~[mongodb-driver-core-4.11.2.jar:na]
	... 5 common frames omitted

2026-03-28T16:07:36.682+05:30  INFO 99702 --- [academic-service] [ngodb.net:27017] org.mongodb.driver.cluster               : Monitor thread successfully connected to server with description ServerDescription{address=ac-3mufzp1-shard-00-01.4nosy2u.mongodb.net:27017, type=REPLICA_SET_PRIMARY, state=CONNECTED, ok=true, minWireVersion=0, maxWireVersion=25, maxDocumentSize=16777216, logicalSessionTimeoutMinutes=30, roundTripTimeNanos=41807375, setName='atlas-hy5sqn-shard-0', canonicalAddress=ac-3mufzp1-shard-00-01.4nosy2u.mongodb.net:27017, hosts=[ac-3mufzp1-shard-00-00.4nosy2u.mongodb.net:27017, ac-3mufzp1-shard-00-02.4nosy2u.mongodb.net:27017, ac-3mufzp1-shard-00-01.4nosy2u.mongodb.net:27017], passives=[], arbiters=[], primary='ac-3mufzp1-shard-00-01.4nosy2u.mongodb.net:27017', tagSet=TagSet{[Tag{name='availabilityZone', value='aps1-az3'}, Tag{name='diskState', value='READY'}, Tag{name='nodeType', value='ELECTABLE'}, Tag{name='provider', value='AWS'}, Tag{name='region', value='AP_SOUTH_1'}, Tag{name='workloadType', value='OPERATIONAL'}]}, electionId=7fffffff00000000000000ca, setVersion=46, topologyVersion=TopologyVersion{processId=69b311797648454b51f7c7a8, counter=6}, lastWriteDate=Sat Mar 28 16:07:36 IST 2026, lastUpdateTimeNanos=209740963547958}
2026-03-28T16:07:36.682+05:30  INFO 99702 --- [academic-service] [ngodb.net:27017] org.mongodb.driver.cluster               : Discovered replica set primary ac-3mufzp1-shard-00-01.4nosy2u.mongodb.net:27017 with max election id 7fffffff00000000000000ca and max set version 46
2026-03-28T16:24:33.125+05:30  INFO 99702 --- [academic-service] [ngodb.net:27017] org.mongodb.driver.cluster               : Exception in monitor thread while connecting to server ac-3mufzp1-shard-00-02.4nosy2u.mongodb.net:27017

com.mongodb.MongoSocketReadTimeoutException: Timeout while receiving message
	at com.mongodb.internal.connection.InternalStreamConnection.translateReadException(InternalStreamConnection.java:728) ~[mongodb-driver-core-4.11.2.jar:na]
	at com.mongodb.internal.connection.InternalStreamConnection.receiveMessageWithAdditionalTimeout(InternalStreamConnection.java:606) ~[mongodb-driver-core-4.11.2.jar:na]
	at com.mongodb.internal.connection.InternalStreamConnection.receiveCommandMessageResponse(InternalStreamConnection.java:451) ~[mongodb-driver-core-4.11.2.jar:na]
	at com.mongodb.internal.connection.InternalStreamConnection.receive(InternalStreamConnection.java:404) ~[mongodb-driver-core-4.11.2.jar:na]
	at com.mongodb.internal.connection.DefaultServerMonitor$ServerMonitorRunnable.lookupServerDescription(DefaultServerMonitor.java:221) ~[mongodb-driver-core-4.11.2.jar:na]
	at com.mongodb.internal.connection.DefaultServerMonitor$ServerMonitorRunnable.run(DefaultServerMonitor.java:153) ~[mongodb-driver-core-4.11.2.jar:na]
	at java.base/java.lang.Thread.run(Thread.java:1583) ~[na:na]
Caused by: java.net.SocketTimeoutException: Read timed out
	at java.base/sun.nio.ch.NioSocketImpl.timedRead(NioSocketImpl.java:278) ~[na:na]
	at java.base/sun.nio.ch.NioSocketImpl.implRead(NioSocketImpl.java:304) ~[na:na]
	at java.base/sun.nio.ch.NioSocketImpl.read(NioSocketImpl.java:346) ~[na:na]
	at java.base/sun.nio.ch.NioSocketImpl$1.read(NioSocketImpl.java:796) ~[na:na]
	at java.base/java.net.Socket$SocketInputStream.read(Socket.java:1099) ~[na:na]
	at java.base/sun.security.ssl.SSLSocketInputRecord.read(SSLSocketInputRecord.java:489) ~[na:na]
	at java.base/sun.security.ssl.SSLSocketInputRecord.readHeader(SSLSocketInputRecord.java:483) ~[na:na]
	at java.base/sun.security.ssl.SSLSocketInputRecord.bytesInCompletePacket(SSLSocketInputRecord.java:70) ~[na:na]
	at java.base/sun.security.ssl.SSLSocketImpl.readApplicationRecord(SSLSocketImpl.java:1461) ~[na:na]
	at java.base/sun.security.ssl.SSLSocketImpl$AppInputStream.read(SSLSocketImpl.java:1066) ~[na:na]
	at com.mongodb.internal.connection.SocketStream.read(SocketStream.java:175) ~[mongodb-driver-core-4.11.2.jar:na]
	at com.mongodb.internal.connection.SocketStream.read(SocketStream.java:200) ~[mongodb-driver-core-4.11.2.jar:na]
	at com.mongodb.internal.connection.InternalStreamConnection.receiveResponseBuffers(InternalStreamConnection.java:739) ~[mongodb-driver-core-4.11.2.jar:na]
	at com.mongodb.internal.connection.InternalStreamConnection.receiveMessageWithAdditionalTimeout(InternalStreamConnection.java:603) ~[mongodb-driver-core-4.11.2.jar:na]
	... 5 common frames omitted

2026-03-28T16:24:33.470+05:30  INFO 99702 --- [academic-service] [ngodb.net:27017] org.mongodb.driver.cluster               : Monitor thread successfully connected to server with description ServerDescription{address=ac-3mufzp1-shard-00-02.4nosy2u.mongodb.net:27017, type=REPLICA_SET_SECONDARY, state=CONNECTED, ok=true, minWireVersion=0, maxWireVersion=25, maxDocumentSize=16777216, logicalSessionTimeoutMinutes=30, roundTripTimeNanos=42196917, setName='atlas-hy5sqn-shard-0', canonicalAddress=ac-3mufzp1-shard-00-02.4nosy2u.mongodb.net:27017, hosts=[ac-3mufzp1-shard-00-00.4nosy2u.mongodb.net:27017, ac-3mufzp1-shard-00-02.4nosy2u.mongodb.net:27017, ac-3mufzp1-shard-00-01.4nosy2u.mongodb.net:27017], passives=[], arbiters=[], primary='ac-3mufzp1-shard-00-01.4nosy2u.mongodb.net:27017', tagSet=TagSet{[Tag{name='availabilityZone', value='aps1-az2'}, Tag{name='diskState', value='READY'}, Tag{name='nodeType', value='ELECTABLE'}, Tag{name='provider', value='AWS'}, Tag{name='region', value='AP_SOUTH_1'}, Tag{name='workloadType', value='OPERATIONAL'}]}, electionId=null, setVersion=46, topologyVersion=TopologyVersion{processId=69b31436cf980eb974c6b7c1, counter=3}, lastWriteDate=Sat Mar 28 16:24:33 IST 2026, lastUpdateTimeNanos=209743664795375}
2026-03-28T16:24:35.547+05:30  INFO 99702 --- [academic-service] [ngodb.net:27017] org.mongodb.driver.cluster               : Exception in monitor thread while connecting to server ac-3mufzp1-shard-00-00.4nosy2u.mongodb.net:27017

com.mongodb.MongoSocketReadTimeoutException: Timeout while receiving message
	at com.mongodb.internal.connection.InternalStreamConnection.translateReadException(InternalStreamConnection.java:728) ~[mongodb-driver-core-4.11.2.jar:na]
	at com.mongodb.internal.connection.InternalStreamConnection.receiveMessageWithAdditionalTimeout(InternalStreamConnection.java:606) ~[mongodb-driver-core-4.11.2.jar:na]
	at com.mongodb.internal.connection.InternalStreamConnection.receiveCommandMessageResponse(InternalStreamConnection.java:451) ~[mongodb-driver-core-4.11.2.jar:na]
	at com.mongodb.internal.connection.InternalStreamConnection.receive(InternalStreamConnection.java:404) ~[mongodb-driver-core-4.11.2.jar:na]
	at com.mongodb.internal.connection.DefaultServerMonitor$ServerMonitorRunnable.lookupServerDescription(DefaultServerMonitor.java:221) ~[mongodb-driver-core-4.11.2.jar:na]
	at com.mongodb.internal.connection.DefaultServerMonitor$ServerMonitorRunnable.run(DefaultServerMonitor.java:153) ~[mongodb-driver-core-4.11.2.jar:na]
	at java.base/java.lang.Thread.run(Thread.java:1583) ~[na:na]
Caused by: java.net.SocketTimeoutException: Read timed out
	at java.base/sun.nio.ch.NioSocketImpl.timedRead(NioSocketImpl.java:278) ~[na:na]
	at java.base/sun.nio.ch.NioSocketImpl.implRead(NioSocketImpl.java:304) ~[na:na]
	at java.base/sun.nio.ch.NioSocketImpl.read(NioSocketImpl.java:346) ~[na:na]
	at java.base/sun.nio.ch.NioSocketImpl$1.read(NioSocketImpl.java:796) ~[na:na]
	at java.base/java.net.Socket$SocketInputStream.read(Socket.java:1099) ~[na:na]
	at java.base/sun.security.ssl.SSLSocketInputRecord.read(SSLSocketInputRecord.java:489) ~[na:na]
	at java.base/sun.security.ssl.SSLSocketInputRecord.readHeader(SSLSocketInputRecord.java:483) ~[na:na]
	at java.base/sun.security.ssl.SSLSocketInputRecord.bytesInCompletePacket(SSLSocketInputRecord.java:70) ~[na:na]
	at java.base/sun.security.ssl.SSLSocketImpl.readApplicationRecord(SSLSocketImpl.java:1461) ~[na:na]
	at java.base/sun.security.ssl.SSLSocketImpl$AppInputStream.read(SSLSocketImpl.java:1066) ~[na:na]
	at com.mongodb.internal.connection.SocketStream.read(SocketStream.java:175) ~[mongodb-driver-core-4.11.2.jar:na]
	at com.mongodb.internal.connection.SocketStream.read(SocketStream.java:200) ~[mongodb-driver-core-4.11.2.jar:na]
	at com.mongodb.internal.connection.InternalStreamConnection.receiveResponseBuffers(InternalStreamConnection.java:739) ~[mongodb-driver-core-4.11.2.jar:na]
	at com.mongodb.internal.connection.InternalStreamConnection.receiveMessageWithAdditionalTimeout(InternalStreamConnection.java:603) ~[mongodb-driver-core-4.11.2.jar:na]
	... 5 common frames omitted

2026-03-28T16:24:35.603+05:30  INFO 99702 --- [academic-service] [ngodb.net:27017] org.mongodb.driver.cluster               : Monitor thread successfully connected to server with description ServerDescription{address=ac-3mufzp1-shard-00-00.4nosy2u.mongodb.net:27017, type=REPLICA_SET_SECONDARY, state=CONNECTED, ok=true, minWireVersion=0, maxWireVersion=25, maxDocumentSize=16777216, logicalSessionTimeoutMinutes=30, roundTripTimeNanos=38285334, setName='atlas-hy5sqn-shard-0', canonicalAddress=ac-3mufzp1-shard-00-00.4nosy2u.mongodb.net:27017, hosts=[ac-3mufzp1-shard-00-00.4nosy2u.mongodb.net:27017, ac-3mufzp1-shard-00-02.4nosy2u.mongodb.net:27017, ac-3mufzp1-shard-00-01.4nosy2u.mongodb.net:27017], passives=[], arbiters=[], primary='ac-3mufzp1-shard-00-01.4nosy2u.mongodb.net:27017', tagSet=TagSet{[Tag{name='availabilityZone', value='aps1-az1'}, Tag{name='diskState', value='READY'}, Tag{name='nodeType', value='ELECTABLE'}, Tag{name='provider', value='AWS'}, Tag{name='region', value='AP_SOUTH_1'}, Tag{name='workloadType', value='OPERATIONAL'}]}, electionId=null, setVersion=46, topologyVersion=TopologyVersion{processId=69b30edff67384ce6d9efce1, counter=4}, lastWriteDate=Sat Mar 28 16:24:35 IST 2026, lastUpdateTimeNanos=209745801419208}
2026-03-28T16:30:03.028+05:30  INFO 99702 --- [academic-service] [ngodb.net:27017] org.mongodb.driver.cluster               : Exception in monitor thread while connecting to server ac-3mufzp1-shard-00-01.4nosy2u.mongodb.net:27017

com.mongodb.MongoSocketReadTimeoutException: Timeout while receiving message
	at com.mongodb.internal.connection.InternalStreamConnection.translateReadException(InternalStreamConnection.java:728) ~[mongodb-driver-core-4.11.2.jar:na]
	at com.mongodb.internal.connection.InternalStreamConnection.receiveMessageWithAdditionalTimeout(InternalStreamConnection.java:606) ~[mongodb-driver-core-4.11.2.jar:na]
	at com.mongodb.internal.connection.InternalStreamConnection.receiveCommandMessageResponse(InternalStreamConnection.java:451) ~[mongodb-driver-core-4.11.2.jar:na]
	at com.mongodb.internal.connection.InternalStreamConnection.receive(InternalStreamConnection.java:404) ~[mongodb-driver-core-4.11.2.jar:na]
	at com.mongodb.internal.connection.DefaultServerMonitor$ServerMonitorRunnable.lookupServerDescription(DefaultServerMonitor.java:221) ~[mongodb-driver-core-4.11.2.jar:na]
	at com.mongodb.internal.connection.DefaultServerMonitor$ServerMonitorRunnable.run(DefaultServerMonitor.java:153) ~[mongodb-driver-core-4.11.2.jar:na]
	at java.base/java.lang.Thread.run(Thread.java:1583) ~[na:na]
Caused by: java.net.SocketTimeoutException: Read timed out
	at java.base/sun.nio.ch.NioSocketImpl.timedRead(NioSocketImpl.java:278) ~[na:na]
	at java.base/sun.nio.ch.NioSocketImpl.implRead(NioSocketImpl.java:304) ~[na:na]
	at java.base/sun.nio.ch.NioSocketImpl.read(NioSocketImpl.java:346) ~[na:na]
	at java.base/sun.nio.ch.NioSocketImpl$1.read(NioSocketImpl.java:796) ~[na:na]
	at java.base/java.net.Socket$SocketInputStream.read(Socket.java:1099) ~[na:na]
	at java.base/sun.security.ssl.SSLSocketInputRecord.read(SSLSocketInputRecord.java:489) ~[na:na]
	at java.base/sun.security.ssl.SSLSocketInputRecord.readHeader(SSLSocketInputRecord.java:483) ~[na:na]
	at java.base/sun.security.ssl.SSLSocketInputRecord.bytesInCompletePacket(SSLSocketInputRecord.java:70) ~[na:na]
	at java.base/sun.security.ssl.SSLSocketImpl.readApplicationRecord(SSLSocketImpl.java:1461) ~[na:na]
	at java.base/sun.security.ssl.SSLSocketImpl$AppInputStream.read(SSLSocketImpl.java:1066) ~[na:na]
	at com.mongodb.internal.connection.SocketStream.read(SocketStream.java:175) ~[mongodb-driver-core-4.11.2.jar:na]
	at com.mongodb.internal.connection.SocketStream.read(SocketStream.java:200) ~[mongodb-driver-core-4.11.2.jar:na]
	at com.mongodb.internal.connection.InternalStreamConnection.receiveResponseBuffers(InternalStreamConnection.java:739) ~[mongodb-driver-core-4.11.2.jar:na]
	at com.mongodb.internal.connection.InternalStreamConnection.receiveMessageWithAdditionalTimeout(InternalStreamConnection.java:603) ~[mongodb-driver-core-4.11.2.jar:na]
	... 5 common frames omitted

2026-03-28T16:30:03.100+05:30  INFO 99702 --- [academic-service] [ngodb.net:27017] org.mongodb.driver.cluster               : Monitor thread successfully connected to server with description ServerDescription{address=ac-3mufzp1-shard-00-01.4nosy2u.mongodb.net:27017, type=REPLICA_SET_PRIMARY, state=CONNECTED, ok=true, minWireVersion=0, maxWireVersion=25, maxDocumentSize=16777216, logicalSessionTimeoutMinutes=30, roundTripTimeNanos=46275333, setName='atlas-hy5sqn-shard-0', canonicalAddress=ac-3mufzp1-shard-00-01.4nosy2u.mongodb.net:27017, hosts=[ac-3mufzp1-shard-00-00.4nosy2u.mongodb.net:27017, ac-3mufzp1-shard-00-02.4nosy2u.mongodb.net:27017, ac-3mufzp1-shard-00-01.4nosy2u.mongodb.net:27017], passives=[], arbiters=[], primary='ac-3mufzp1-shard-00-01.4nosy2u.mongodb.net:27017', tagSet=TagSet{[Tag{name='availabilityZone', value='aps1-az3'}, Tag{name='diskState', value='READY'}, Tag{name='nodeType', value='ELECTABLE'}, Tag{name='provider', value='AWS'}, Tag{name='region', value='AP_SOUTH_1'}, Tag{name='workloadType', value='OPERATIONAL'}]}, electionId=7fffffff00000000000000ca, setVersion=46, topologyVersion=TopologyVersion{processId=69b311797648454b51f7c7a8, counter=6}, lastWriteDate=Sat Mar 28 16:30:03 IST 2026, lastUpdateTimeNanos=209761061408333}
2026-03-28T16:30:03.101+05:30  INFO 99702 --- [academic-service] [ngodb.net:27017] org.mongodb.driver.cluster               : Discovered replica set primary ac-3mufzp1-shard-00-01.4nosy2u.mongodb.net:27017 with max election id 7fffffff00000000000000ca and max set version 46
2026-03-28T16:30:15.702+05:30  INFO 99702 --- [academic-service] [ngodb.net:27017] org.mongodb.driver.cluster               : Exception in monitor thread while connecting to server ac-3mufzp1-shard-00-02.4nosy2u.mongodb.net:27017

com.mongodb.MongoSocketReadTimeoutException: Timeout while receiving message
	at com.mongodb.internal.connection.InternalStreamConnection.translateReadException(InternalStreamConnection.java:728) ~[mongodb-driver-core-4.11.2.jar:na]
	at com.mongodb.internal.connection.InternalStreamConnection.receiveMessageWithAdditionalTimeout(InternalStreamConnection.java:606) ~[mongodb-driver-core-4.11.2.jar:na]
	at com.mongodb.internal.connection.InternalStreamConnection.receiveCommandMessageResponse(InternalStreamConnection.java:451) ~[mongodb-driver-core-4.11.2.jar:na]
	at com.mongodb.internal.connection.InternalStreamConnection.receive(InternalStreamConnection.java:404) ~[mongodb-driver-core-4.11.2.jar:na]
	at com.mongodb.internal.connection.DefaultServerMonitor$ServerMonitorRunnable.lookupServerDescription(DefaultServerMonitor.java:221) ~[mongodb-driver-core-4.11.2.jar:na]
	at com.mongodb.internal.connection.DefaultServerMonitor$ServerMonitorRunnable.run(DefaultServerMonitor.java:153) ~[mongodb-driver-core-4.11.2.jar:na]
	at java.base/java.lang.Thread.run(Thread.java:1583) ~[na:na]
Caused by: java.net.SocketTimeoutException: Read timed out
	at java.base/sun.nio.ch.NioSocketImpl.timedRead(NioSocketImpl.java:278) ~[na:na]
	at java.base/sun.nio.ch.NioSocketImpl.implRead(NioSocketImpl.java:304) ~[na:na]
	at java.base/sun.nio.ch.NioSocketImpl.read(NioSocketImpl.java:346) ~[na:na]
	at java.base/sun.nio.ch.NioSocketImpl$1.read(NioSocketImpl.java:796) ~[na:na]
	at java.base/java.net.Socket$SocketInputStream.read(Socket.java:1099) ~[na:na]
	at java.base/sun.security.ssl.SSLSocketInputRecord.read(SSLSocketInputRecord.java:489) ~[na:na]
	at java.base/sun.security.ssl.SSLSocketInputRecord.readHeader(SSLSocketInputRecord.java:483) ~[na:na]
	at java.base/sun.security.ssl.SSLSocketInputRecord.bytesInCompletePacket(SSLSocketInputRecord.java:70) ~[na:na]
	at java.base/sun.security.ssl.SSLSocketImpl.readApplicationRecord(SSLSocketImpl.java:1461) ~[na:na]
	at java.base/sun.security.ssl.SSLSocketImpl$AppInputStream.read(SSLSocketImpl.java:1066) ~[na:na]
	at com.mongodb.internal.connection.SocketStream.read(SocketStream.java:175) ~[mongodb-driver-core-4.11.2.jar:na]
	at com.mongodb.internal.connection.SocketStream.read(SocketStream.java:200) ~[mongodb-driver-core-4.11.2.jar:na]
	at com.mongodb.internal.connection.InternalStreamConnection.receiveResponseBuffers(InternalStreamConnection.java:739) ~[mongodb-driver-core-4.11.2.jar:na]
	at com.mongodb.internal.connection.InternalStreamConnection.receiveMessageWithAdditionalTimeout(InternalStreamConnection.java:603) ~[mongodb-driver-core-4.11.2.jar:na]
	... 5 common frames omitted

2026-03-28T16:37:09.442+05:30  INFO 99702 --- [academic-service] [ngodb.net:27017] org.mongodb.driver.cluster               : Exception in monitor thread while connecting to server ac-3mufzp1-shard-00-00.4nosy2u.mongodb.net:27017

com.mongodb.MongoSocketReadTimeoutException: Timeout while receiving message
	at com.mongodb.internal.connection.InternalStreamConnection.translateReadException(InternalStreamConnection.java:728) ~[mongodb-driver-core-4.11.2.jar:na]
	at com.mongodb.internal.connection.InternalStreamConnection.receiveMessageWithAdditionalTimeout(InternalStreamConnection.java:606) ~[mongodb-driver-core-4.11.2.jar:na]
	at com.mongodb.internal.connection.InternalStreamConnection.receiveCommandMessageResponse(InternalStreamConnection.java:451) ~[mongodb-driver-core-4.11.2.jar:na]
	at com.mongodb.internal.connection.InternalStreamConnection.receive(InternalStreamConnection.java:404) ~[mongodb-driver-core-4.11.2.jar:na]
	at com.mongodb.internal.connection.DefaultServerMonitor$ServerMonitorRunnable.lookupServerDescription(DefaultServerMonitor.java:221) ~[mongodb-driver-core-4.11.2.jar:na]
	at com.mongodb.internal.connection.DefaultServerMonitor$ServerMonitorRunnable.run(DefaultServerMonitor.java:153) ~[mongodb-driver-core-4.11.2.jar:na]
	at java.base/java.lang.Thread.run(Thread.java:1583) ~[na:na]
Caused by: java.net.SocketTimeoutException: Read timed out
	at java.base/sun.nio.ch.NioSocketImpl.timedRead(NioSocketImpl.java:278) ~[na:na]
	at java.base/sun.nio.ch.NioSocketImpl.implRead(NioSocketImpl.java:304) ~[na:na]
	at java.base/sun.nio.ch.NioSocketImpl.read(NioSocketImpl.java:346) ~[na:na]
	at java.base/sun.nio.ch.NioSocketImpl$1.read(NioSocketImpl.java:796) ~[na:na]
	at java.base/java.net.Socket$SocketInputStream.read(Socket.java:1099) ~[na:na]
	at java.base/sun.security.ssl.SSLSocketInputRecord.read(SSLSocketInputRecord.java:489) ~[na:na]
	at java.base/sun.security.ssl.SSLSocketInputRecord.readHeader(SSLSocketInputRecord.java:483) ~[na:na]
	at java.base/sun.security.ssl.SSLSocketInputRecord.bytesInCompletePacket(SSLSocketInputRecord.java:70) ~[na:na]
	at java.base/sun.security.ssl.SSLSocketImpl.readApplicationRecord(SSLSocketImpl.java:1461) ~[na:na]
	at java.base/sun.security.ssl.SSLSocketImpl$AppInputStream.read(SSLSocketImpl.java:1066) ~[na:na]
	at com.mongodb.internal.connection.SocketStream.read(SocketStream.java:175) ~[mongodb-driver-core-4.11.2.jar:na]
	at com.mongodb.internal.connection.SocketStream.read(SocketStream.java:200) ~[mongodb-driver-core-4.11.2.jar:na]
	at com.mongodb.internal.connection.InternalStreamConnection.receiveResponseBuffers(InternalStreamConnection.java:739) ~[mongodb-driver-core-4.11.2.jar:na]
	at com.mongodb.internal.connection.InternalStreamConnection.receiveMessageWithAdditionalTimeout(InternalStreamConnection.java:603) ~[mongodb-driver-core-4.11.2.jar:na]
	... 5 common frames omitted

2026-03-28T16:37:09.605+05:30  INFO 99702 --- [academic-service] [ngodb.net:27017] org.mongodb.driver.cluster               : Monitor thread successfully connected to server with description ServerDescription{address=ac-3mufzp1-shard-00-00.4nosy2u.mongodb.net:27017, type=REPLICA_SET_SECONDARY, state=CONNECTED, ok=true, minWireVersion=0, maxWireVersion=25, maxDocumentSize=16777216, logicalSessionTimeoutMinutes=30, roundTripTimeNanos=49244958, setName='atlas-hy5sqn-shard-0', canonicalAddress=ac-3mufzp1-shard-00-00.4nosy2u.mongodb.net:27017, hosts=[ac-3mufzp1-shard-00-00.4nosy2u.mongodb.net:27017, ac-3mufzp1-shard-00-02.4nosy2u.mongodb.net:27017, ac-3mufzp1-shard-00-01.4nosy2u.mongodb.net:27017], passives=[], arbiters=[], primary='ac-3mufzp1-shard-00-01.4nosy2u.mongodb.net:27017', tagSet=TagSet{[Tag{name='availabilityZone', value='aps1-az1'}, Tag{name='diskState', value='READY'}, Tag{name='nodeType', value='ELECTABLE'}, Tag{name='provider', value='AWS'}, Tag{name='region', value='AP_SOUTH_1'}, Tag{name='workloadType', value='OPERATIONAL'}]}, electionId=null, setVersion=46, topologyVersion=TopologyVersion{processId=69b30edff67384ce6d9efce1, counter=4}, lastWriteDate=Sat Mar 28 16:37:09 IST 2026, lastUpdateTimeNanos=209775970453750}
2026-03-28T16:46:20.011+05:30  INFO 99702 --- [academic-service] [ngodb.net:27017] org.mongodb.driver.cluster               : Monitor thread successfully connected to server with description ServerDescription{address=ac-3mufzp1-shard-00-02.4nosy2u.mongodb.net:27017, type=REPLICA_SET_SECONDARY, state=CONNECTED, ok=true, minWireVersion=0, maxWireVersion=25, maxDocumentSize=16777216, logicalSessionTimeoutMinutes=30, roundTripTimeNanos=49717333, setName='atlas-hy5sqn-shard-0', canonicalAddress=ac-3mufzp1-shard-00-02.4nosy2u.mongodb.net:27017, hosts=[ac-3mufzp1-shard-00-00.4nosy2u.mongodb.net:27017, ac-3mufzp1-shard-00-02.4nosy2u.mongodb.net:27017, ac-3mufzp1-shard-00-01.4nosy2u.mongodb.net:27017], passives=[], arbiters=[], primary='ac-3mufzp1-shard-00-01.4nosy2u.mongodb.net:27017', tagSet=TagSet{[Tag{name='availabilityZone', value='aps1-az2'}, Tag{name='diskState', value='READY'}, Tag{name='nodeType', value='ELECTABLE'}, Tag{name='provider', value='AWS'}, Tag{name='region', value='AP_SOUTH_1'}, Tag{name='workloadType', value='OPERATIONAL'}]}, electionId=null, setVersion=46, topologyVersion=TopologyVersion{processId=69b31436cf980eb974c6b7c1, counter=3}, lastWriteDate=Sat Mar 28 16:46:20 IST 2026, lastUpdateTimeNanos=209793996824541}
2026-03-28T17:01:42.000+05:30  INFO 99702 --- [academic-service] [ngodb.net:27017] org.mongodb.driver.cluster               : Exception in monitor thread while connecting to server ac-3mufzp1-shard-00-01.4nosy2u.mongodb.net:27017

com.mongodb.MongoSocketReadTimeoutException: Timeout while receiving message
	at com.mongodb.internal.connection.InternalStreamConnection.translateReadException(InternalStreamConnection.java:728) ~[mongodb-driver-core-4.11.2.jar:na]
	at com.mongodb.internal.connection.InternalStreamConnection.receiveMessageWithAdditionalTimeout(InternalStreamConnection.java:606) ~[mongodb-driver-core-4.11.2.jar:na]
	at com.mongodb.internal.connection.InternalStreamConnection.receiveCommandMessageResponse(InternalStreamConnection.java:451) ~[mongodb-driver-core-4.11.2.jar:na]
	at com.mongodb.internal.connection.InternalStreamConnection.receive(InternalStreamConnection.java:404) ~[mongodb-driver-core-4.11.2.jar:na]
	at com.mongodb.internal.connection.DefaultServerMonitor$ServerMonitorRunnable.lookupServerDescription(DefaultServerMonitor.java:221) ~[mongodb-driver-core-4.11.2.jar:na]
	at com.mongodb.internal.connection.DefaultServerMonitor$ServerMonitorRunnable.run(DefaultServerMonitor.java:153) ~[mongodb-driver-core-4.11.2.jar:na]
	at java.base/java.lang.Thread.run(Thread.java:1583) ~[na:na]
Caused by: java.net.SocketTimeoutException: Read timed out
	at java.base/sun.nio.ch.NioSocketImpl.timedRead(NioSocketImpl.java:278) ~[na:na]
	at java.base/sun.nio.ch.NioSocketImpl.implRead(NioSocketImpl.java:304) ~[na:na]
	at java.base/sun.nio.ch.NioSocketImpl.read(NioSocketImpl.java:346) ~[na:na]
	at java.base/sun.nio.ch.NioSocketImpl$1.read(NioSocketImpl.java:796) ~[na:na]
	at java.base/java.net.Socket$SocketInputStream.read(Socket.java:1099) ~[na:na]
	at java.base/sun.security.ssl.SSLSocketInputRecord.read(SSLSocketInputRecord.java:489) ~[na:na]
	at java.base/sun.security.ssl.SSLSocketInputRecord.readHeader(SSLSocketInputRecord.java:483) ~[na:na]
	at java.base/sun.security.ssl.SSLSocketInputRecord.bytesInCompletePacket(SSLSocketInputRecord.java:70) ~[na:na]
	at java.base/sun.security.ssl.SSLSocketImpl.readApplicationRecord(SSLSocketImpl.java:1461) ~[na:na]
	at java.base/sun.security.ssl.SSLSocketImpl$AppInputStream.read(SSLSocketImpl.java:1066) ~[na:na]
	at com.mongodb.internal.connection.SocketStream.read(SocketStream.java:175) ~[mongodb-driver-core-4.11.2.jar:na]
	at com.mongodb.internal.connection.SocketStream.read(SocketStream.java:200) ~[mongodb-driver-core-4.11.2.jar:na]
	at com.mongodb.internal.connection.InternalStreamConnection.receiveResponseBuffers(InternalStreamConnection.java:739) ~[mongodb-driver-core-4.11.2.jar:na]
	at com.mongodb.internal.connection.InternalStreamConnection.receiveMessageWithAdditionalTimeout(InternalStreamConnection.java:603) ~[mongodb-driver-core-4.11.2.jar:na]
	... 5 common frames omitted

2026-03-28T17:01:46.887+05:30  INFO 99702 --- [academic-service] [ngodb.net:27017] org.mongodb.driver.cluster               : Exception in monitor thread while connecting to server ac-3mufzp1-shard-00-00.4nosy2u.mongodb.net:27017

com.mongodb.MongoSocketReadTimeoutException: Timeout while receiving message
	at com.mongodb.internal.connection.InternalStreamConnection.translateReadException(InternalStreamConnection.java:728) ~[mongodb-driver-core-4.11.2.jar:na]
	at com.mongodb.internal.connection.InternalStreamConnection.receiveMessageWithAdditionalTimeout(InternalStreamConnection.java:606) ~[mongodb-driver-core-4.11.2.jar:na]
	at com.mongodb.internal.connection.InternalStreamConnection.receiveCommandMessageResponse(InternalStreamConnection.java:451) ~[mongodb-driver-core-4.11.2.jar:na]
	at com.mongodb.internal.connection.InternalStreamConnection.receive(InternalStreamConnection.java:404) ~[mongodb-driver-core-4.11.2.jar:na]
	at com.mongodb.internal.connection.DefaultServerMonitor$ServerMonitorRunnable.lookupServerDescription(DefaultServerMonitor.java:221) ~[mongodb-driver-core-4.11.2.jar:na]
	at com.mongodb.internal.connection.DefaultServerMonitor$ServerMonitorRunnable.run(DefaultServerMonitor.java:153) ~[mongodb-driver-core-4.11.2.jar:na]
	at java.base/java.lang.Thread.run(Thread.java:1583) ~[na:na]
Caused by: java.net.SocketTimeoutException: Read timed out
	at java.base/sun.nio.ch.NioSocketImpl.timedRead(NioSocketImpl.java:278) ~[na:na]
	at java.base/sun.nio.ch.NioSocketImpl.implRead(NioSocketImpl.java:304) ~[na:na]
	at java.base/sun.nio.ch.NioSocketImpl.read(NioSocketImpl.java:346) ~[na:na]
	at java.base/sun.nio.ch.NioSocketImpl$1.read(NioSocketImpl.java:796) ~[na:na]
	at java.base/java.net.Socket$SocketInputStream.read(Socket.java:1099) ~[na:na]
	at java.base/sun.security.ssl.SSLSocketInputRecord.read(SSLSocketInputRecord.java:489) ~[na:na]
	at java.base/sun.security.ssl.SSLSocketInputRecord.readHeader(SSLSocketInputRecord.java:483) ~[na:na]
	at java.base/sun.security.ssl.SSLSocketInputRecord.bytesInCompletePacket(SSLSocketInputRecord.java:70) ~[na:na]
	at java.base/sun.security.ssl.SSLSocketImpl.readApplicationRecord(SSLSocketImpl.java:1461) ~[na:na]
	at java.base/sun.security.ssl.SSLSocketImpl$AppInputStream.read(SSLSocketImpl.java:1066) ~[na:na]
	at com.mongodb.internal.connection.SocketStream.read(SocketStream.java:175) ~[mongodb-driver-core-4.11.2.jar:na]
	at com.mongodb.internal.connection.SocketStream.read(SocketStream.java:200) ~[mongodb-driver-core-4.11.2.jar:na]
	at com.mongodb.internal.connection.InternalStreamConnection.receiveResponseBuffers(InternalStreamConnection.java:739) ~[mongodb-driver-core-4.11.2.jar:na]
	at com.mongodb.internal.connection.InternalStreamConnection.receiveMessageWithAdditionalTimeout(InternalStreamConnection.java:603) ~[mongodb-driver-core-4.11.2.jar:na]
	... 5 common frames omitted

2026-03-28T17:01:46.893+05:30  INFO 99702 --- [academic-service] [ngodb.net:27017] org.mongodb.driver.cluster               : Exception in monitor thread while connecting to server ac-3mufzp1-shard-00-00.4nosy2u.mongodb.net:27017

com.mongodb.MongoSocketException: ac-3mufzp1-shard-00-00.4nosy2u.mongodb.net: nodename nor servname provided, or not known
	at com.mongodb.ServerAddress.getSocketAddresses(ServerAddress.java:221) ~[mongodb-driver-core-4.11.2.jar:na]
	at com.mongodb.internal.connection.ServerAddressWithResolver.getSocketAddresses(ServerAddressWithResolver.java:68) ~[mongodb-driver-core-4.11.2.jar:na]
	at com.mongodb.internal.connection.SocketStream.initializeSocket(SocketStream.java:100) ~[mongodb-driver-core-4.11.2.jar:na]
	at com.mongodb.internal.connection.SocketStream.open(SocketStream.java:78) ~[mongodb-driver-core-4.11.2.jar:na]
	at com.mongodb.internal.connection.InternalStreamConnection.open(InternalStreamConnection.java:211) ~[mongodb-driver-core-4.11.2.jar:na]
	at com.mongodb.internal.connection.DefaultServerMonitor$ServerMonitorRunnable.lookupServerDescription(DefaultServerMonitor.java:193) ~[mongodb-driver-core-4.11.2.jar:na]
	at com.mongodb.internal.connection.DefaultServerMonitor$ServerMonitorRunnable.run(DefaultServerMonitor.java:153) ~[mongodb-driver-core-4.11.2.jar:na]
	at java.base/java.lang.Thread.run(Thread.java:1583) ~[na:na]
Caused by: java.net.UnknownHostException: ac-3mufzp1-shard-00-00.4nosy2u.mongodb.net: nodename nor servname provided, or not known
	at java.base/java.net.Inet6AddressImpl.lookupAllHostAddr(Native Method) ~[na:na]
	at java.base/java.net.Inet6AddressImpl.lookupAllHostAddr(Inet6AddressImpl.java:52) ~[na:na]
	at java.base/java.net.InetAddress$PlatformResolver.lookupByName(InetAddress.java:1211) ~[na:na]
	at java.base/java.net.InetAddress.getAddressesFromNameService(InetAddress.java:1828) ~[na:na]
	at java.base/java.net.InetAddress$NameServiceAddresses.get(InetAddress.java:1139) ~[na:na]
	at java.base/java.net.InetAddress.getAllByName0(InetAddress.java:1818) ~[na:na]
	at java.base/java.net.InetAddress.getAllByName(InetAddress.java:1688) ~[na:na]
	at com.mongodb.ServerAddress.getSocketAddresses(ServerAddress.java:213) ~[mongodb-driver-core-4.11.2.jar:na]
	... 7 common frames omitted

2026-03-28T17:18:34.095+05:30  INFO 99702 --- [academic-service] [ngodb.net:27017] org.mongodb.driver.cluster               : Exception in monitor thread while connecting to server ac-3mufzp1-shard-00-01.4nosy2u.mongodb.net:27017

com.mongodb.MongoSocketOpenException: Exception opening socket
	at com.mongodb.internal.connection.SocketStream.lambda$open$0(SocketStream.java:84) ~[mongodb-driver-core-4.11.2.jar:na]
	at java.base/java.util.Optional.orElseThrow(Optional.java:403) ~[na:na]
	at com.mongodb.internal.connection.SocketStream.open(SocketStream.java:84) ~[mongodb-driver-core-4.11.2.jar:na]
	at com.mongodb.internal.connection.InternalStreamConnection.open(InternalStreamConnection.java:211) ~[mongodb-driver-core-4.11.2.jar:na]
	at com.mongodb.internal.connection.DefaultServerMonitor$ServerMonitorRunnable.lookupServerDescription(DefaultServerMonitor.java:193) ~[mongodb-driver-core-4.11.2.jar:na]
	at com.mongodb.internal.connection.DefaultServerMonitor$ServerMonitorRunnable.run(DefaultServerMonitor.java:153) ~[mongodb-driver-core-4.11.2.jar:na]
	at java.base/java.lang.Thread.run(Thread.java:1583) ~[na:na]
Caused by: java.net.ConnectException: Operation timed out
	at java.base/sun.nio.ch.Net.pollConnect(Native Method) ~[na:na]
	at java.base/sun.nio.ch.Net.pollConnectNow(Net.java:682) ~[na:na]
	at java.base/sun.nio.ch.NioSocketImpl.timedFinishConnect(NioSocketImpl.java:549) ~[na:na]
	at java.base/sun.nio.ch.NioSocketImpl.connect(NioSocketImpl.java:592) ~[na:na]
	at java.base/java.net.SocksSocketImpl.connect(SocksSocketImpl.java:327) ~[na:na]
	at java.base/java.net.Socket.connect(Socket.java:751) ~[na:na]
	at java.base/sun.security.ssl.SSLSocketImpl.connect(SSLSocketImpl.java:304) ~[na:na]
	at com.mongodb.internal.connection.SocketStreamHelper.initialize(SocketStreamHelper.java:76) ~[mongodb-driver-core-4.11.2.jar:na]
	at com.mongodb.internal.connection.SocketStream.initializeSocket(SocketStream.java:104) ~[mongodb-driver-core-4.11.2.jar:na]
	at com.mongodb.internal.connection.SocketStream.open(SocketStream.java:78) ~[mongodb-driver-core-4.11.2.jar:na]
	... 4 common frames omitted

2026-03-28T17:23:10.668+05:30  INFO 99702 --- [academic-service] [ngodb.net:27017] org.mongodb.driver.cluster               : Exception in monitor thread while connecting to server ac-3mufzp1-shard-00-01.4nosy2u.mongodb.net:27017

com.mongodb.MongoSocketException: ac-3mufzp1-shard-00-01.4nosy2u.mongodb.net
	at com.mongodb.ServerAddress.getSocketAddresses(ServerAddress.java:221) ~[mongodb-driver-core-4.11.2.jar:na]
	at com.mongodb.internal.connection.ServerAddressWithResolver.getSocketAddresses(ServerAddressWithResolver.java:68) ~[mongodb-driver-core-4.11.2.jar:na]
	at com.mongodb.internal.connection.SocketStream.initializeSocket(SocketStream.java:100) ~[mongodb-driver-core-4.11.2.jar:na]
	at com.mongodb.internal.connection.SocketStream.open(SocketStream.java:78) ~[mongodb-driver-core-4.11.2.jar:na]
	at com.mongodb.internal.connection.InternalStreamConnection.open(InternalStreamConnection.java:211) ~[mongodb-driver-core-4.11.2.jar:na]
	at com.mongodb.internal.connection.DefaultServerMonitor$ServerMonitorRunnable.lookupServerDescription(DefaultServerMonitor.java:193) ~[mongodb-driver-core-4.11.2.jar:na]
	at com.mongodb.internal.connection.DefaultServerMonitor$ServerMonitorRunnable.run(DefaultServerMonitor.java:153) ~[mongodb-driver-core-4.11.2.jar:na]
	at java.base/java.lang.Thread.run(Thread.java:1583) ~[na:na]
Caused by: java.net.UnknownHostException: ac-3mufzp1-shard-00-01.4nosy2u.mongodb.net
	at java.base/java.net.InetAddress$CachedLookup.get(InetAddress.java:988) ~[na:na]
	at java.base/java.net.InetAddress.getAllByName0(InetAddress.java:1818) ~[na:na]
	at java.base/java.net.InetAddress.getAllByName(InetAddress.java:1688) ~[na:na]
	at com.mongodb.ServerAddress.getSocketAddresses(ServerAddress.java:213) ~[mongodb-driver-core-4.11.2.jar:na]
	... 7 common frames omitted

2026-03-28T17:23:16.564+05:30  INFO 99702 --- [academic-service] [ngodb.net:27017] org.mongodb.driver.cluster               : Exception in monitor thread while connecting to server ac-3mufzp1-shard-00-02.4nosy2u.mongodb.net:27017

com.mongodb.MongoSocketReadTimeoutException: Timeout while receiving message
	at com.mongodb.internal.connection.InternalStreamConnection.translateReadException(InternalStreamConnection.java:728) ~[mongodb-driver-core-4.11.2.jar:na]
	at com.mongodb.internal.connection.InternalStreamConnection.receiveMessageWithAdditionalTimeout(InternalStreamConnection.java:606) ~[mongodb-driver-core-4.11.2.jar:na]
	at com.mongodb.internal.connection.InternalStreamConnection.receiveCommandMessageResponse(InternalStreamConnection.java:451) ~[mongodb-driver-core-4.11.2.jar:na]
	at com.mongodb.internal.connection.InternalStreamConnection.receive(InternalStreamConnection.java:404) ~[mongodb-driver-core-4.11.2.jar:na]
	at com.mongodb.internal.connection.DefaultServerMonitor$ServerMonitorRunnable.lookupServerDescription(DefaultServerMonitor.java:221) ~[mongodb-driver-core-4.11.2.jar:na]
	at com.mongodb.internal.connection.DefaultServerMonitor$ServerMonitorRunnable.run(DefaultServerMonitor.java:153) ~[mongodb-driver-core-4.11.2.jar:na]
	at java.base/java.lang.Thread.run(Thread.java:1583) ~[na:na]
Caused by: java.net.SocketTimeoutException: Read timed out
	at java.base/sun.nio.ch.NioSocketImpl.timedRead(NioSocketImpl.java:278) ~[na:na]
	at java.base/sun.nio.ch.NioSocketImpl.implRead(NioSocketImpl.java:304) ~[na:na]
	at java.base/sun.nio.ch.NioSocketImpl.read(NioSocketImpl.java:346) ~[na:na]
	at java.base/sun.nio.ch.NioSocketImpl$1.read(NioSocketImpl.java:796) ~[na:na]
	at java.base/java.net.Socket$SocketInputStream.read(Socket.java:1099) ~[na:na]
	at java.base/sun.security.ssl.SSLSocketInputRecord.read(SSLSocketInputRecord.java:489) ~[na:na]
	at java.base/sun.security.ssl.SSLSocketInputRecord.readHeader(SSLSocketInputRecord.java:483) ~[na:na]
	at java.base/sun.security.ssl.SSLSocketInputRecord.bytesInCompletePacket(SSLSocketInputRecord.java:70) ~[na:na]
	at java.base/sun.security.ssl.SSLSocketImpl.readApplicationRecord(SSLSocketImpl.java:1461) ~[na:na]
	at java.base/sun.security.ssl.SSLSocketImpl$AppInputStream.read(SSLSocketImpl.java:1066) ~[na:na]
	at com.mongodb.internal.connection.SocketStream.read(SocketStream.java:175) ~[mongodb-driver-core-4.11.2.jar:na]
	at com.mongodb.internal.connection.SocketStream.read(SocketStream.java:200) ~[mongodb-driver-core-4.11.2.jar:na]
	at com.mongodb.internal.connection.InternalStreamConnection.receiveResponseBuffers(InternalStreamConnection.java:739) ~[mongodb-driver-core-4.11.2.jar:na]
	at com.mongodb.internal.connection.InternalStreamConnection.receiveMessageWithAdditionalTimeout(InternalStreamConnection.java:603) ~[mongodb-driver-core-4.11.2.jar:na]
	... 5 common frames omitted

2026-03-28T17:23:16.566+05:30  INFO 99702 --- [academic-service] [ngodb.net:27017] org.mongodb.driver.cluster               : Exception in monitor thread while connecting to server ac-3mufzp1-shard-00-02.4nosy2u.mongodb.net:27017

com.mongodb.MongoSocketException: ac-3mufzp1-shard-00-02.4nosy2u.mongodb.net
	at com.mongodb.ServerAddress.getSocketAddresses(ServerAddress.java:221) ~[mongodb-driver-core-4.11.2.jar:na]
	at com.mongodb.internal.connection.ServerAddressWithResolver.getSocketAddresses(ServerAddressWithResolver.java:68) ~[mongodb-driver-core-4.11.2.jar:na]
	at com.mongodb.internal.connection.SocketStream.initializeSocket(SocketStream.java:100) ~[mongodb-driver-core-4.11.2.jar:na]
	at com.mongodb.internal.connection.SocketStream.open(SocketStream.java:78) ~[mongodb-driver-core-4.11.2.jar:na]
	at com.mongodb.internal.connection.InternalStreamConnection.open(InternalStreamConnection.java:211) ~[mongodb-driver-core-4.11.2.jar:na]
	at com.mongodb.internal.connection.DefaultServerMonitor$ServerMonitorRunnable.lookupServerDescription(DefaultServerMonitor.java:193) ~[mongodb-driver-core-4.11.2.jar:na]
	at com.mongodb.internal.connection.DefaultServerMonitor$ServerMonitorRunnable.run(DefaultServerMonitor.java:153) ~[mongodb-driver-core-4.11.2.jar:na]
	at java.base/java.lang.Thread.run(Thread.java:1583) ~[na:na]
Caused by: java.net.UnknownHostException: ac-3mufzp1-shard-00-02.4nosy2u.mongodb.net
	at java.base/java.net.InetAddress$CachedLookup.get(InetAddress.java:988) ~[na:na]
	at java.base/java.net.InetAddress.getAllByName0(InetAddress.java:1818) ~[na:na]
	at java.base/java.net.InetAddress.getAllByName(InetAddress.java:1688) ~[na:na]
	at com.mongodb.ServerAddress.getSocketAddresses(ServerAddress.java:213) ~[mongodb-driver-core-4.11.2.jar:na]
	... 7 common frames omitted

2026-03-28T17:28:43.054+05:30  INFO 99702 --- [academic-service] [trap-executor-0] c.n.d.s.r.aws.ConfigClusterResolver      : Resolving eureka endpoints via configuration
2026-03-28T17:44:29.346+05:30  INFO 99702 --- [academic-service] [tbeatExecutor-0] com.netflix.discovery.DiscoveryClient    : DiscoveryClient_ACADEMIC-SERVICE/192.168.0.207:academic-service:8089 - Re-registering apps/ACADEMIC-SERVICE
2026-03-28T17:44:29.347+05:30  INFO 99702 --- [academic-service] [tbeatExecutor-0] com.netflix.discovery.DiscoveryClient    : DiscoveryClient_ACADEMIC-SERVICE/192.168.0.207:academic-service:8089: registering service...
2026-03-28T17:44:29.359+05:30  INFO 99702 --- [academic-service] [tbeatExecutor-0] com.netflix.discovery.DiscoveryClient    : DiscoveryClient_ACADEMIC-SERVICE/192.168.0.207:academic-service:8089 - registration status: 204
2026-03-28T18:08:43.551+05:30  INFO 99702 --- [academic-service] [trap-executor-0] c.n.d.s.r.aws.ConfigClusterResolver      : Resolving eureka endpoints via configuration
2026-03-28T18:10:41.862+05:30  INFO 99702 --- [academic-service] [ngodb.net:27017] org.mongodb.driver.cluster               : Exception in monitor thread while connecting to server ac-3mufzp1-shard-00-00.4nosy2u.mongodb.net:27017

com.mongodb.MongoSocketOpenException: Exception opening socket
	at com.mongodb.internal.connection.SocketStream.lambda$open$0(SocketStream.java:84) ~[mongodb-driver-core-4.11.2.jar:na]
	at java.base/java.util.Optional.orElseThrow(Optional.java:403) ~[na:na]
	at com.mongodb.internal.connection.SocketStream.open(SocketStream.java:84) ~[mongodb-driver-core-4.11.2.jar:na]
	at com.mongodb.internal.connection.InternalStreamConnection.open(InternalStreamConnection.java:211) ~[mongodb-driver-core-4.11.2.jar:na]
	at com.mongodb.internal.connection.DefaultServerMonitor$ServerMonitorRunnable.lookupServerDescription(DefaultServerMonitor.java:193) ~[mongodb-driver-core-4.11.2.jar:na]
	at com.mongodb.internal.connection.DefaultServerMonitor$ServerMonitorRunnable.run(DefaultServerMonitor.java:153) ~[mongodb-driver-core-4.11.2.jar:na]
	at java.base/java.lang.Thread.run(Thread.java:1583) ~[na:na]
Caused by: java.net.SocketException: Network is unreachable
	at java.base/sun.nio.ch.Net.connect0(Native Method) ~[na:na]
	at java.base/sun.nio.ch.Net.connect(Net.java:589) ~[na:na]
	at java.base/sun.nio.ch.Net.connect(Net.java:578) ~[na:na]
	at java.base/sun.nio.ch.NioSocketImpl.connect(NioSocketImpl.java:583) ~[na:na]
	at java.base/java.net.SocksSocketImpl.connect(SocksSocketImpl.java:327) ~[na:na]
	at java.base/java.net.Socket.connect(Socket.java:751) ~[na:na]
	at java.base/sun.security.ssl.SSLSocketImpl.connect(SSLSocketImpl.java:304) ~[na:na]
	at com.mongodb.internal.connection.SocketStreamHelper.initialize(SocketStreamHelper.java:76) ~[mongodb-driver-core-4.11.2.jar:na]
	at com.mongodb.internal.connection.SocketStream.initializeSocket(SocketStream.java:104) ~[mongodb-driver-core-4.11.2.jar:na]
	at com.mongodb.internal.connection.SocketStream.open(SocketStream.java:78) ~[mongodb-driver-core-4.11.2.jar:na]
	... 4 common frames omitted

2026-03-28T18:10:43.746+05:30  INFO 99702 --- [academic-service] [ngodb.net:27017] org.mongodb.driver.cluster               : Exception in monitor thread while connecting to server ac-3mufzp1-shard-00-01.4nosy2u.mongodb.net:27017

com.mongodb.MongoSocketWriteException: Exception sending message
	at com.mongodb.internal.connection.InternalStreamConnection.translateWriteException(InternalStreamConnection.java:714) ~[mongodb-driver-core-4.11.2.jar:na]
	at com.mongodb.internal.connection.InternalStreamConnection.sendMessage(InternalStreamConnection.java:587) ~[mongodb-driver-core-4.11.2.jar:na]
	at com.mongodb.internal.connection.InternalStreamConnection.sendCommandMessage(InternalStreamConnection.java:419) ~[mongodb-driver-core-4.11.2.jar:na]
	at com.mongodb.internal.connection.InternalStreamConnection.sendAndReceive(InternalStreamConnection.java:364) ~[mongodb-driver-core-4.11.2.jar:na]
	at com.mongodb.internal.connection.CommandHelper.sendAndReceive(CommandHelper.java:92) ~[mongodb-driver-core-4.11.2.jar:na]
	at com.mongodb.internal.connection.CommandHelper.executeCommand(CommandHelper.java:48) ~[mongodb-driver-core-4.11.2.jar:na]
	at com.mongodb.internal.connection.InternalStreamConnectionInitializer.initializeConnectionDescription(InternalStreamConnectionInitializer.java:130) ~[mongodb-driver-core-4.11.2.jar:na]
	at com.mongodb.internal.connection.InternalStreamConnectionInitializer.startHandshake(InternalStreamConnectionInitializer.java:78) ~[mongodb-driver-core-4.11.2.jar:na]
	at com.mongodb.internal.connection.InternalStreamConnection.open(InternalStreamConnection.java:213) ~[mongodb-driver-core-4.11.2.jar:na]
	at com.mongodb.internal.connection.DefaultServerMonitor$ServerMonitorRunnable.lookupServerDescription(DefaultServerMonitor.java:193) ~[mongodb-driver-core-4.11.2.jar:na]
	at com.mongodb.internal.connection.DefaultServerMonitor$ServerMonitorRunnable.run(DefaultServerMonitor.java:153) ~[mongodb-driver-core-4.11.2.jar:na]
	at java.base/java.lang.Thread.run(Thread.java:1583) ~[na:na]
Caused by: javax.net.ssl.SSLException: Received fatal alert: internal_error
	at java.base/sun.security.ssl.Alert.createSSLException(Alert.java:132) ~[na:na]
	at java.base/sun.security.ssl.Alert.createSSLException(Alert.java:117) ~[na:na]
	at java.base/sun.security.ssl.TransportContext.fatal(TransportContext.java:370) ~[na:na]
	at java.base/sun.security.ssl.Alert$AlertConsumer.consume(Alert.java:287) ~[na:na]
	at java.base/sun.security.ssl.TransportContext.dispatch(TransportContext.java:209) ~[na:na]
	at java.base/sun.security.ssl.SSLTransport.decode(SSLTransport.java:172) ~[na:na]
	at java.base/sun.security.ssl.SSLSocketImpl.decode(SSLSocketImpl.java:1506) ~[na:na]
	at java.base/sun.security.ssl.SSLSocketImpl.readHandshakeRecord(SSLSocketImpl.java:1421) ~[na:na]
	at java.base/sun.security.ssl.SSLSocketImpl.startHandshake(SSLSocketImpl.java:455) ~[na:na]
	at java.base/sun.security.ssl.SSLSocketImpl.ensureNegotiated(SSLSocketImpl.java:922) ~[na:na]
	at java.base/sun.security.ssl.SSLSocketImpl$AppOutputStream.write(SSLSocketImpl.java:1291) ~[na:na]
	at com.mongodb.internal.connection.SocketStream.write(SocketStream.java:164) ~[mongodb-driver-core-4.11.2.jar:na]
	at com.mongodb.internal.connection.InternalStreamConnection.sendMessage(InternalStreamConnection.java:584) ~[mongodb-driver-core-4.11.2.jar:na]
	... 10 common frames omitted

2026-03-28T18:10:49.654+05:30  INFO 99702 --- [academic-service] [ngodb.net:27017] org.mongodb.driver.cluster               : Exception in monitor thread while connecting to server ac-3mufzp1-shard-00-02.4nosy2u.mongodb.net:27017

com.mongodb.MongoSocketWriteException: Exception sending message
	at com.mongodb.internal.connection.InternalStreamConnection.translateWriteException(InternalStreamConnection.java:714) ~[mongodb-driver-core-4.11.2.jar:na]
	at com.mongodb.internal.connection.InternalStreamConnection.sendMessage(InternalStreamConnection.java:587) ~[mongodb-driver-core-4.11.2.jar:na]
	at com.mongodb.internal.connection.InternalStreamConnection.sendCommandMessage(InternalStreamConnection.java:419) ~[mongodb-driver-core-4.11.2.jar:na]
	at com.mongodb.internal.connection.InternalStreamConnection.sendAndReceive(InternalStreamConnection.java:364) ~[mongodb-driver-core-4.11.2.jar:na]
	at com.mongodb.internal.connection.CommandHelper.sendAndReceive(CommandHelper.java:92) ~[mongodb-driver-core-4.11.2.jar:na]
	at com.mongodb.internal.connection.CommandHelper.executeCommand(CommandHelper.java:48) ~[mongodb-driver-core-4.11.2.jar:na]
	at com.mongodb.internal.connection.InternalStreamConnectionInitializer.initializeConnectionDescription(InternalStreamConnectionInitializer.java:130) ~[mongodb-driver-core-4.11.2.jar:na]
	at com.mongodb.internal.connection.InternalStreamConnectionInitializer.startHandshake(InternalStreamConnectionInitializer.java:78) ~[mongodb-driver-core-4.11.2.jar:na]
	at com.mongodb.internal.connection.InternalStreamConnection.open(InternalStreamConnection.java:213) ~[mongodb-driver-core-4.11.2.jar:na]
	at com.mongodb.internal.connection.DefaultServerMonitor$ServerMonitorRunnable.lookupServerDescription(DefaultServerMonitor.java:193) ~[mongodb-driver-core-4.11.2.jar:na]
	at com.mongodb.internal.connection.DefaultServerMonitor$ServerMonitorRunnable.run(DefaultServerMonitor.java:153) ~[mongodb-driver-core-4.11.2.jar:na]
	at java.base/java.lang.Thread.run(Thread.java:1583) ~[na:na]
Caused by: javax.net.ssl.SSLException: Received fatal alert: internal_error
	at java.base/sun.security.ssl.Alert.createSSLException(Alert.java:132) ~[na:na]
	at java.base/sun.security.ssl.Alert.createSSLException(Alert.java:117) ~[na:na]
	at java.base/sun.security.ssl.TransportContext.fatal(TransportContext.java:370) ~[na:na]
	at java.base/sun.security.ssl.Alert$AlertConsumer.consume(Alert.java:287) ~[na:na]
	at java.base/sun.security.ssl.TransportContext.dispatch(TransportContext.java:209) ~[na:na]
	at java.base/sun.security.ssl.SSLTransport.decode(SSLTransport.java:172) ~[na:na]
	at java.base/sun.security.ssl.SSLSocketImpl.decode(SSLSocketImpl.java:1506) ~[na:na]
	at java.base/sun.security.ssl.SSLSocketImpl.readHandshakeRecord(SSLSocketImpl.java:1421) ~[na:na]
	at java.base/sun.security.ssl.SSLSocketImpl.startHandshake(SSLSocketImpl.java:455) ~[na:na]
	at java.base/sun.security.ssl.SSLSocketImpl.ensureNegotiated(SSLSocketImpl.java:922) ~[na:na]
	at java.base/sun.security.ssl.SSLSocketImpl$AppOutputStream.write(SSLSocketImpl.java:1291) ~[na:na]
	at com.mongodb.internal.connection.SocketStream.write(SocketStream.java:164) ~[mongodb-driver-core-4.11.2.jar:na]
	at com.mongodb.internal.connection.InternalStreamConnection.sendMessage(InternalStreamConnection.java:584) ~[mongodb-driver-core-4.11.2.jar:na]
	... 10 common frames omitted

2026-03-28T18:10:51.947+05:30  INFO 99702 --- [academic-service] [ngodb.net:27017] org.mongodb.driver.cluster               : Exception in monitor thread while connecting to server ac-3mufzp1-shard-00-00.4nosy2u.mongodb.net:27017

com.mongodb.MongoSocketWriteException: Exception sending message
	at com.mongodb.internal.connection.InternalStreamConnection.translateWriteException(InternalStreamConnection.java:714) ~[mongodb-driver-core-4.11.2.jar:na]
	at com.mongodb.internal.connection.InternalStreamConnection.sendMessage(InternalStreamConnection.java:587) ~[mongodb-driver-core-4.11.2.jar:na]
	at com.mongodb.internal.connection.InternalStreamConnection.sendCommandMessage(InternalStreamConnection.java:419) ~[mongodb-driver-core-4.11.2.jar:na]
	at com.mongodb.internal.connection.InternalStreamConnection.sendAndReceive(InternalStreamConnection.java:364) ~[mongodb-driver-core-4.11.2.jar:na]
	at com.mongodb.internal.connection.CommandHelper.sendAndReceive(CommandHelper.java:92) ~[mongodb-driver-core-4.11.2.jar:na]
	at com.mongodb.internal.connection.CommandHelper.executeCommand(CommandHelper.java:48) ~[mongodb-driver-core-4.11.2.jar:na]
	at com.mongodb.internal.connection.InternalStreamConnectionInitializer.initializeConnectionDescription(InternalStreamConnectionInitializer.java:130) ~[mongodb-driver-core-4.11.2.jar:na]
	at com.mongodb.internal.connection.InternalStreamConnectionInitializer.startHandshake(InternalStreamConnectionInitializer.java:78) ~[mongodb-driver-core-4.11.2.jar:na]
	at com.mongodb.internal.connection.InternalStreamConnection.open(InternalStreamConnection.java:213) ~[mongodb-driver-core-4.11.2.jar:na]
	at com.mongodb.internal.connection.DefaultServerMonitor$ServerMonitorRunnable.lookupServerDescription(DefaultServerMonitor.java:193) ~[mongodb-driver-core-4.11.2.jar:na]
	at com.mongodb.internal.connection.DefaultServerMonitor$ServerMonitorRunnable.run(DefaultServerMonitor.java:153) ~[mongodb-driver-core-4.11.2.jar:na]
	at java.base/java.lang.Thread.run(Thread.java:1583) ~[na:na]
Caused by: javax.net.ssl.SSLException: Received fatal alert: internal_error
	at java.base/sun.security.ssl.Alert.createSSLException(Alert.java:132) ~[na:na]
	at java.base/sun.security.ssl.Alert.createSSLException(Alert.java:117) ~[na:na]
	at java.base/sun.security.ssl.TransportContext.fatal(TransportContext.java:370) ~[na:na]
	at java.base/sun.security.ssl.Alert$AlertConsumer.consume(Alert.java:287) ~[na:na]
	at java.base/sun.security.ssl.TransportContext.dispatch(TransportContext.java:209) ~[na:na]
	at java.base/sun.security.ssl.SSLTransport.decode(SSLTransport.java:172) ~[na:na]
	at java.base/sun.security.ssl.SSLSocketImpl.decode(SSLSocketImpl.java:1506) ~[na:na]
	at java.base/sun.security.ssl.SSLSocketImpl.readHandshakeRecord(SSLSocketImpl.java:1421) ~[na:na]
	at java.base/sun.security.ssl.SSLSocketImpl.startHandshake(SSLSocketImpl.java:455) ~[na:na]
	at java.base/sun.security.ssl.SSLSocketImpl.ensureNegotiated(SSLSocketImpl.java:922) ~[na:na]
	at java.base/sun.security.ssl.SSLSocketImpl$AppOutputStream.write(SSLSocketImpl.java:1291) ~[na:na]
	at com.mongodb.internal.connection.SocketStream.write(SocketStream.java:164) ~[mongodb-driver-core-4.11.2.jar:na]
	at com.mongodb.internal.connection.InternalStreamConnection.sendMessage(InternalStreamConnection.java:584) ~[mongodb-driver-core-4.11.2.jar:na]
	... 10 common frames omitted

2026-03-28T19:58:05.918+05:30  INFO 99702 --- [academic-service] [trap-executor-0] c.n.d.s.r.aws.ConfigClusterResolver      : Resolving eureka endpoints via configuration
2026-03-28T20:22:15.063+05:30  INFO 99702 --- [academic-service] [tbeatExecutor-0] com.netflix.discovery.DiscoveryClient    : DiscoveryClient_ACADEMIC-SERVICE/192.168.0.207:academic-service:8089 - Re-registering apps/ACADEMIC-SERVICE
2026-03-28T20:22:15.065+05:30  INFO 99702 --- [academic-service] [tbeatExecutor-0] com.netflix.discovery.DiscoveryClient    : DiscoveryClient_ACADEMIC-SERVICE/192.168.0.207:academic-service:8089: registering service...
2026-03-28T20:22:15.084+05:30  INFO 99702 --- [academic-service] [tbeatExecutor-0] com.netflix.discovery.DiscoveryClient    : DiscoveryClient_ACADEMIC-SERVICE/192.168.0.207:academic-service:8089 - registration status: 204
2026-03-28T22:13:03.259+05:30  INFO 99702 --- [academic-service] [ngodb.net:27017] org.mongodb.driver.cluster               : Exception in monitor thread while connecting to server ac-3mufzp1-shard-00-01.4nosy2u.mongodb.net:27017

com.mongodb.MongoSocketException: ac-3mufzp1-shard-00-01.4nosy2u.mongodb.net: nodename nor servname provided, or not known
	at com.mongodb.ServerAddress.getSocketAddresses(ServerAddress.java:221) ~[mongodb-driver-core-4.11.2.jar:na]
	at com.mongodb.internal.connection.ServerAddressWithResolver.getSocketAddresses(ServerAddressWithResolver.java:68) ~[mongodb-driver-core-4.11.2.jar:na]
	at com.mongodb.internal.connection.SocketStream.initializeSocket(SocketStream.java:100) ~[mongodb-driver-core-4.11.2.jar:na]
	at com.mongodb.internal.connection.SocketStream.open(SocketStream.java:78) ~[mongodb-driver-core-4.11.2.jar:na]
	at com.mongodb.internal.connection.InternalStreamConnection.open(InternalStreamConnection.java:211) ~[mongodb-driver-core-4.11.2.jar:na]
	at com.mongodb.internal.connection.DefaultServerMonitor$ServerMonitorRunnable.lookupServerDescription(DefaultServerMonitor.java:193) ~[mongodb-driver-core-4.11.2.jar:na]
	at com.mongodb.internal.connection.DefaultServerMonitor$ServerMonitorRunnable.run(DefaultServerMonitor.java:153) ~[mongodb-driver-core-4.11.2.jar:na]
	at java.base/java.lang.Thread.run(Thread.java:1583) ~[na:na]
Caused by: java.net.UnknownHostException: ac-3mufzp1-shard-00-01.4nosy2u.mongodb.net: nodename nor servname provided, or not known
	at java.base/java.net.Inet6AddressImpl.lookupAllHostAddr(Native Method) ~[na:na]
	at java.base/java.net.Inet6AddressImpl.lookupAllHostAddr(Inet6AddressImpl.java:52) ~[na:na]
	at java.base/java.net.InetAddress$PlatformResolver.lookupByName(InetAddress.java:1211) ~[na:na]
	at java.base/java.net.InetAddress.getAddressesFromNameService(InetAddress.java:1828) ~[na:na]
	at java.base/java.net.InetAddress$NameServiceAddresses.get(InetAddress.java:1139) ~[na:na]
	at java.base/java.net.InetAddress.getAllByName0(InetAddress.java:1818) ~[na:na]
	at java.base/java.net.InetAddress.getAllByName(InetAddress.java:1688) ~[na:na]
	at com.mongodb.ServerAddress.getSocketAddresses(ServerAddress.java:213) ~[mongodb-driver-core-4.11.2.jar:na]
	... 7 common frames omitted

2026-03-28T22:13:14.332+05:30  INFO 99702 --- [academic-service] [ngodb.net:27017] org.mongodb.driver.cluster               : Exception in monitor thread while connecting to server ac-3mufzp1-shard-00-01.4nosy2u.mongodb.net:27017

com.mongodb.MongoSocketWriteException: Exception sending message
	at com.mongodb.internal.connection.InternalStreamConnection.translateWriteException(InternalStreamConnection.java:714) ~[mongodb-driver-core-4.11.2.jar:na]
	at com.mongodb.internal.connection.InternalStreamConnection.sendMessage(InternalStreamConnection.java:587) ~[mongodb-driver-core-4.11.2.jar:na]
	at com.mongodb.internal.connection.InternalStreamConnection.sendCommandMessage(InternalStreamConnection.java:419) ~[mongodb-driver-core-4.11.2.jar:na]
	at com.mongodb.internal.connection.InternalStreamConnection.sendAndReceive(InternalStreamConnection.java:364) ~[mongodb-driver-core-4.11.2.jar:na]
	at com.mongodb.internal.connection.CommandHelper.sendAndReceive(CommandHelper.java:92) ~[mongodb-driver-core-4.11.2.jar:na]
	at com.mongodb.internal.connection.CommandHelper.executeCommand(CommandHelper.java:48) ~[mongodb-driver-core-4.11.2.jar:na]
	at com.mongodb.internal.connection.InternalStreamConnectionInitializer.initializeConnectionDescription(InternalStreamConnectionInitializer.java:130) ~[mongodb-driver-core-4.11.2.jar:na]
	at com.mongodb.internal.connection.InternalStreamConnectionInitializer.startHandshake(InternalStreamConnectionInitializer.java:78) ~[mongodb-driver-core-4.11.2.jar:na]
	at com.mongodb.internal.connection.InternalStreamConnection.open(InternalStreamConnection.java:213) ~[mongodb-driver-core-4.11.2.jar:na]
	at com.mongodb.internal.connection.DefaultServerMonitor$ServerMonitorRunnable.lookupServerDescription(DefaultServerMonitor.java:193) ~[mongodb-driver-core-4.11.2.jar:na]
	at com.mongodb.internal.connection.DefaultServerMonitor$ServerMonitorRunnable.run(DefaultServerMonitor.java:153) ~[mongodb-driver-core-4.11.2.jar:na]
	at java.base/java.lang.Thread.run(Thread.java:1583) ~[na:na]
Caused by: javax.net.ssl.SSLException: Received fatal alert: internal_error
	at java.base/sun.security.ssl.Alert.createSSLException(Alert.java:132) ~[na:na]
	at java.base/sun.security.ssl.Alert.createSSLException(Alert.java:117) ~[na:na]
	at java.base/sun.security.ssl.TransportContext.fatal(TransportContext.java:370) ~[na:na]
	at java.base/sun.security.ssl.Alert$AlertConsumer.consume(Alert.java:287) ~[na:na]
	at java.base/sun.security.ssl.TransportContext.dispatch(TransportContext.java:209) ~[na:na]
	at java.base/sun.security.ssl.SSLTransport.decode(SSLTransport.java:172) ~[na:na]
	at java.base/sun.security.ssl.SSLSocketImpl.decode(SSLSocketImpl.java:1506) ~[na:na]
	at java.base/sun.security.ssl.SSLSocketImpl.readHandshakeRecord(SSLSocketImpl.java:1421) ~[na:na]
	at java.base/sun.security.ssl.SSLSocketImpl.startHandshake(SSLSocketImpl.java:455) ~[na:na]
	at java.base/sun.security.ssl.SSLSocketImpl.ensureNegotiated(SSLSocketImpl.java:922) ~[na:na]
	at java.base/sun.security.ssl.SSLSocketImpl$AppOutputStream.write(SSLSocketImpl.java:1291) ~[na:na]
	at com.mongodb.internal.connection.SocketStream.write(SocketStream.java:164) ~[mongodb-driver-core-4.11.2.jar:na]
	at com.mongodb.internal.connection.InternalStreamConnection.sendMessage(InternalStreamConnection.java:584) ~[mongodb-driver-core-4.11.2.jar:na]
	... 10 common frames omitted

2026-03-28T22:28:36.610+05:30  INFO 99702 --- [academic-service] [trap-executor-0] c.n.d.s.r.aws.ConfigClusterResolver      : Resolving eureka endpoints via configuration
2026-03-29T01:49:41.237+05:30  INFO 99702 --- [academic-service] [trap-executor-0] c.n.d.s.r.aws.ConfigClusterResolver      : Resolving eureka endpoints via configuration
2026-03-29T04:45:22.418+05:30  INFO 99702 --- [academic-service] [trap-executor-0] c.n.d.s.r.aws.ConfigClusterResolver      : Resolving eureka endpoints via configuration
2026-03-29T05:14:05.372+05:30  INFO 99702 --- [academic-service] [tbeatExecutor-0] com.netflix.discovery.DiscoveryClient    : DiscoveryClient_ACADEMIC-SERVICE/192.168.0.207:academic-service:8089 - Re-registering apps/ACADEMIC-SERVICE
2026-03-29T05:14:05.374+05:30  INFO 99702 --- [academic-service] [tbeatExecutor-0] com.netflix.discovery.DiscoveryClient    : DiscoveryClient_ACADEMIC-SERVICE/192.168.0.207:academic-service:8089: registering service...
2026-03-29T05:14:05.403+05:30  INFO 99702 --- [academic-service] [tbeatExecutor-0] com.netflix.discovery.DiscoveryClient    : DiscoveryClient_ACADEMIC-SERVICE/192.168.0.207:academic-service:8089 - registration status: 204
2026-03-29T06:31:05.160+05:30  INFO 99702 --- [academic-service] [tbeatExecutor-0] com.netflix.discovery.DiscoveryClient    : DiscoveryClient_ACADEMIC-SERVICE/192.168.0.207:academic-service:8089 - Re-registering apps/ACADEMIC-SERVICE
2026-03-29T06:31:05.162+05:30  INFO 99702 --- [academic-service] [tbeatExecutor-0] com.netflix.discovery.DiscoveryClient    : DiscoveryClient_ACADEMIC-SERVICE/192.168.0.207:academic-service:8089: registering service...
2026-03-29T06:31:05.171+05:30  INFO 99702 --- [academic-service] [tbeatExecutor-0] com.netflix.discovery.DiscoveryClient    : DiscoveryClient_ACADEMIC-SERVICE/192.168.0.207:academic-service:8089 - registration status: 204
2026-03-29T07:45:09.958+05:30  INFO 99702 --- [academic-service] [trap-executor-0] c.n.d.s.r.aws.ConfigClusterResolver      : Resolving eureka endpoints via configuration
2026-03-29T10:20:57.048+05:30  INFO 99702 --- [academic-service] [trap-executor-0] c.n.d.s.r.aws.ConfigClusterResolver      : Resolving eureka endpoints via configuration
2026-03-29T13:11:22.093+05:30  INFO 99702 --- [academic-service] [trap-executor-0] c.n.d.s.r.aws.ConfigClusterResolver      : Resolving eureka endpoints via configuration
2026-03-29T14:25:15.899+05:30  INFO 99702 --- [academic-service] [tbeatExecutor-0] com.netflix.discovery.DiscoveryClient    : DiscoveryClient_ACADEMIC-SERVICE/192.168.0.207:academic-service:8089 - Re-registering apps/ACADEMIC-SERVICE
2026-03-29T14:25:15.900+05:30  INFO 99702 --- [academic-service] [tbeatExecutor-0] com.netflix.discovery.DiscoveryClient    : DiscoveryClient_ACADEMIC-SERVICE/192.168.0.207:academic-service:8089: registering service...
2026-03-29T14:25:15.911+05:30  INFO 99702 --- [academic-service] [tbeatExecutor-0] com.netflix.discovery.DiscoveryClient    : DiscoveryClient_ACADEMIC-SERVICE/192.168.0.207:academic-service:8089 - registration status: 204
2026-03-29T16:23:32.885+05:30  INFO 99702 --- [academic-service] [trap-executor-0] c.n.d.s.r.aws.ConfigClusterResolver      : Resolving eureka endpoints via configuration
2026-03-29T19:10:42.382+05:30  INFO 99702 --- [academic-service] [trap-executor-0] c.n.d.s.r.aws.ConfigClusterResolver      : Resolving eureka endpoints via configuration
2026-03-29T21:55:37.327+05:30  INFO 99702 --- [academic-service] [trap-executor-0] c.n.d.s.r.aws.ConfigClusterResolver      : Resolving eureka endpoints via configuration
2026-03-30T00:46:41.639+05:30  INFO 99702 --- [academic-service] [tbeatExecutor-0] com.netflix.discovery.DiscoveryClient    : DiscoveryClient_ACADEMIC-SERVICE/192.168.0.207:academic-service:8089 - Re-registering apps/ACADEMIC-SERVICE
2026-03-30T00:46:41.641+05:30  INFO 99702 --- [academic-service] [tbeatExecutor-0] com.netflix.discovery.DiscoveryClient    : DiscoveryClient_ACADEMIC-SERVICE/192.168.0.207:academic-service:8089: registering service...
2026-03-30T00:46:41.652+05:30  INFO 99702 --- [academic-service] [tbeatExecutor-0] com.netflix.discovery.DiscoveryClient    : DiscoveryClient_ACADEMIC-SERVICE/192.168.0.207:academic-service:8089 - registration status: 204
2026-03-30T01:01:58.778+05:30  INFO 99702 --- [academic-service] [trap-executor-0] c.n.d.s.r.aws.ConfigClusterResolver      : Resolving eureka endpoints via configuration
2026-03-30T04:07:02.954+05:30  INFO 99702 --- [academic-service] [trap-executor-0] c.n.d.s.r.aws.ConfigClusterResolver      : Resolving eureka endpoints via configuration
2026-03-30T05:53:10.541+05:30  INFO 99702 --- [academic-service] [tbeatExecutor-0] com.netflix.discovery.DiscoveryClient    : DiscoveryClient_ACADEMIC-SERVICE/192.168.0.207:academic-service:8089 - Re-registering apps/ACADEMIC-SERVICE
2026-03-30T05:53:10.543+05:30  INFO 99702 --- [academic-service] [tbeatExecutor-0] com.netflix.discovery.DiscoveryClient    : DiscoveryClient_ACADEMIC-SERVICE/192.168.0.207:academic-service:8089: registering service...
2026-03-30T05:53:10.563+05:30  INFO 99702 --- [academic-service] [tbeatExecutor-0] com.netflix.discovery.DiscoveryClient    : DiscoveryClient_ACADEMIC-SERVICE/192.168.0.207:academic-service:8089 - registration status: 204
2026-03-30T06:31:00.305+05:30  INFO 99702 --- [academic-service] [tbeatExecutor-0] com.netflix.discovery.DiscoveryClient    : DiscoveryClient_ACADEMIC-SERVICE/192.168.0.207:academic-service:8089 - Re-registering apps/ACADEMIC-SERVICE
2026-03-30T06:31:00.306+05:30  INFO 99702 --- [academic-service] [tbeatExecutor-0] com.netflix.discovery.DiscoveryClient    : DiscoveryClient_ACADEMIC-SERVICE/192.168.0.207:academic-service:8089: registering service...
2026-03-30T06:31:00.314+05:30  INFO 99702 --- [academic-service] [tbeatExecutor-0] com.netflix.discovery.DiscoveryClient    : DiscoveryClient_ACADEMIC-SERVICE/192.168.0.207:academic-service:8089 - registration status: 204
2026-03-30T07:23:40.997+05:30  INFO 99702 --- [academic-service] [trap-executor-0] c.n.d.s.r.aws.ConfigClusterResolver      : Resolving eureka endpoints via configuration
2026-03-30T08:24:33.058+05:30  INFO 99702 --- [academic-service] [tbeatExecutor-0] com.netflix.discovery.DiscoveryClient    : DiscoveryClient_ACADEMIC-SERVICE/192.168.0.207:academic-service:8089 - Re-registering apps/ACADEMIC-SERVICE
2026-03-30T08:24:33.060+05:30  INFO 99702 --- [academic-service] [tbeatExecutor-0] com.netflix.discovery.DiscoveryClient    : DiscoveryClient_ACADEMIC-SERVICE/192.168.0.207:academic-service:8089: registering service...
2026-03-30T08:24:33.069+05:30  INFO 99702 --- [academic-service] [tbeatExecutor-0] com.netflix.discovery.DiscoveryClient    : DiscoveryClient_ACADEMIC-SERVICE/192.168.0.207:academic-service:8089 - registration status: 204
2026-03-30T08:37:57.279+05:30  INFO 99702 --- [academic-service] [ngodb.net:27017] org.mongodb.driver.cluster               : Exception in monitor thread while connecting to server ac-3mufzp1-shard-00-00.4nosy2u.mongodb.net:27017

com.mongodb.MongoSocketException: ac-3mufzp1-shard-00-00.4nosy2u.mongodb.net: nodename nor servname provided, or not known
	at com.mongodb.ServerAddress.getSocketAddresses(ServerAddress.java:221) ~[mongodb-driver-core-4.11.2.jar:na]
	at com.mongodb.internal.connection.ServerAddressWithResolver.getSocketAddresses(ServerAddressWithResolver.java:68) ~[mongodb-driver-core-4.11.2.jar:na]
	at com.mongodb.internal.connection.SocketStream.initializeSocket(SocketStream.java:100) ~[mongodb-driver-core-4.11.2.jar:na]
	at com.mongodb.internal.connection.SocketStream.open(SocketStream.java:78) ~[mongodb-driver-core-4.11.2.jar:na]
	at com.mongodb.internal.connection.InternalStreamConnection.open(InternalStreamConnection.java:211) ~[mongodb-driver-core-4.11.2.jar:na]
	at com.mongodb.internal.connection.DefaultServerMonitor$ServerMonitorRunnable.lookupServerDescription(DefaultServerMonitor.java:193) ~[mongodb-driver-core-4.11.2.jar:na]
	at com.mongodb.internal.connection.DefaultServerMonitor$ServerMonitorRunnable.run(DefaultServerMonitor.java:153) ~[mongodb-driver-core-4.11.2.jar:na]
	at java.base/java.lang.Thread.run(Thread.java:1583) ~[na:na]
Caused by: java.net.UnknownHostException: ac-3mufzp1-shard-00-00.4nosy2u.mongodb.net: nodename nor servname provided, or not known
	at java.base/java.net.Inet6AddressImpl.lookupAllHostAddr(Native Method) ~[na:na]
	at java.base/java.net.Inet6AddressImpl.lookupAllHostAddr(Inet6AddressImpl.java:52) ~[na:na]
	at java.base/java.net.InetAddress$PlatformResolver.lookupByName(InetAddress.java:1211) ~[na:na]
	at java.base/java.net.InetAddress.getAddressesFromNameService(InetAddress.java:1828) ~[na:na]
	at java.base/java.net.InetAddress$NameServiceAddresses.get(InetAddress.java:1139) ~[na:na]
	at java.base/java.net.InetAddress.getAllByName0(InetAddress.java:1818) ~[na:na]
	at java.base/java.net.InetAddress.getAllByName(InetAddress.java:1688) ~[na:na]
	at com.mongodb.ServerAddress.getSocketAddresses(ServerAddress.java:213) ~[mongodb-driver-core-4.11.2.jar:na]
	... 7 common frames omitted

2026-03-30T08:37:58.543+05:30  INFO 99702 --- [academic-service] [ngodb.net:27017] org.mongodb.driver.cluster               : Exception in monitor thread while connecting to server ac-3mufzp1-shard-00-01.4nosy2u.mongodb.net:27017

com.mongodb.MongoSocketOpenException: Exception opening socket
	at com.mongodb.internal.connection.SocketStream.lambda$open$0(SocketStream.java:84) ~[mongodb-driver-core-4.11.2.jar:na]
	at java.base/java.util.Optional.orElseThrow(Optional.java:403) ~[na:na]
	at com.mongodb.internal.connection.SocketStream.open(SocketStream.java:84) ~[mongodb-driver-core-4.11.2.jar:na]
	at com.mongodb.internal.connection.InternalStreamConnection.open(InternalStreamConnection.java:211) ~[mongodb-driver-core-4.11.2.jar:na]
	at com.mongodb.internal.connection.DefaultServerMonitor$ServerMonitorRunnable.lookupServerDescription(DefaultServerMonitor.java:193) ~[mongodb-driver-core-4.11.2.jar:na]
	at com.mongodb.internal.connection.DefaultServerMonitor$ServerMonitorRunnable.run(DefaultServerMonitor.java:153) ~[mongodb-driver-core-4.11.2.jar:na]
	at java.base/java.lang.Thread.run(Thread.java:1583) ~[na:na]
Caused by: java.net.SocketException: Network is unreachable
	at java.base/sun.nio.ch.Net.connect0(Native Method) ~[na:na]
	at java.base/sun.nio.ch.Net.connect(Net.java:589) ~[na:na]
	at java.base/sun.nio.ch.Net.connect(Net.java:578) ~[na:na]
	at java.base/sun.nio.ch.NioSocketImpl.connect(NioSocketImpl.java:583) ~[na:na]
	at java.base/java.net.SocksSocketImpl.connect(SocksSocketImpl.java:327) ~[na:na]
	at java.base/java.net.Socket.connect(Socket.java:751) ~[na:na]
	at java.base/sun.security.ssl.SSLSocketImpl.connect(SSLSocketImpl.java:304) ~[na:na]
	at com.mongodb.internal.connection.SocketStreamHelper.initialize(SocketStreamHelper.java:76) ~[mongodb-driver-core-4.11.2.jar:na]
	at com.mongodb.internal.connection.SocketStream.initializeSocket(SocketStream.java:104) ~[mongodb-driver-core-4.11.2.jar:na]
	at com.mongodb.internal.connection.SocketStream.open(SocketStream.java:78) ~[mongodb-driver-core-4.11.2.jar:na]
	... 4 common frames omitted

2026-03-30T08:38:06.963+05:30  INFO 99702 --- [academic-service] [ngodb.net:27017] org.mongodb.driver.cluster               : Exception in monitor thread while connecting to server ac-3mufzp1-shard-00-02.4nosy2u.mongodb.net:27017

com.mongodb.MongoSocketOpenException: Exception opening socket
	at com.mongodb.internal.connection.SocketStream.lambda$open$0(SocketStream.java:84) ~[mongodb-driver-core-4.11.2.jar:na]
	at java.base/java.util.Optional.orElseThrow(Optional.java:403) ~[na:na]
	at com.mongodb.internal.connection.SocketStream.open(SocketStream.java:84) ~[mongodb-driver-core-4.11.2.jar:na]
	at com.mongodb.internal.connection.InternalStreamConnection.open(InternalStreamConnection.java:211) ~[mongodb-driver-core-4.11.2.jar:na]
	at com.mongodb.internal.connection.DefaultServerMonitor$ServerMonitorRunnable.lookupServerDescription(DefaultServerMonitor.java:193) ~[mongodb-driver-core-4.11.2.jar:na]
	at com.mongodb.internal.connection.DefaultServerMonitor$ServerMonitorRunnable.run(DefaultServerMonitor.java:153) ~[mongodb-driver-core-4.11.2.jar:na]
	at java.base/java.lang.Thread.run(Thread.java:1583) ~[na:na]
Caused by: java.net.SocketTimeoutException: Connect timed out
	at java.base/sun.nio.ch.NioSocketImpl.timedFinishConnect(NioSocketImpl.java:546) ~[na:na]
	at java.base/sun.nio.ch.NioSocketImpl.connect(NioSocketImpl.java:592) ~[na:na]
	at java.base/java.net.SocksSocketImpl.connect(SocksSocketImpl.java:327) ~[na:na]
	at java.base/java.net.Socket.connect(Socket.java:751) ~[na:na]
	at java.base/sun.security.ssl.SSLSocketImpl.connect(SSLSocketImpl.java:304) ~[na:na]
	at com.mongodb.internal.connection.SocketStreamHelper.initialize(SocketStreamHelper.java:76) ~[mongodb-driver-core-4.11.2.jar:na]
	at com.mongodb.internal.connection.SocketStream.initializeSocket(SocketStream.java:104) ~[mongodb-driver-core-4.11.2.jar:na]
	at com.mongodb.internal.connection.SocketStream.open(SocketStream.java:78) ~[mongodb-driver-core-4.11.2.jar:na]
	... 4 common frames omitted

2026-03-30T08:54:10.929+05:30  INFO 99702 --- [academic-service] [ngodb.net:27017] org.mongodb.driver.cluster               : Exception in monitor thread while connecting to server ac-3mufzp1-shard-00-01.4nosy2u.mongodb.net:27017

com.mongodb.MongoSocketException: ac-3mufzp1-shard-00-01.4nosy2u.mongodb.net: nodename nor servname provided, or not known
	at com.mongodb.ServerAddress.getSocketAddresses(ServerAddress.java:221) ~[mongodb-driver-core-4.11.2.jar:na]
	at com.mongodb.internal.connection.ServerAddressWithResolver.getSocketAddresses(ServerAddressWithResolver.java:68) ~[mongodb-driver-core-4.11.2.jar:na]
	at com.mongodb.internal.connection.SocketStream.initializeSocket(SocketStream.java:100) ~[mongodb-driver-core-4.11.2.jar:na]
	at com.mongodb.internal.connection.SocketStream.open(SocketStream.java:78) ~[mongodb-driver-core-4.11.2.jar:na]
	at com.mongodb.internal.connection.InternalStreamConnection.open(InternalStreamConnection.java:211) ~[mongodb-driver-core-4.11.2.jar:na]
	at com.mongodb.internal.connection.DefaultServerMonitor$ServerMonitorRunnable.lookupServerDescription(DefaultServerMonitor.java:193) ~[mongodb-driver-core-4.11.2.jar:na]
	at com.mongodb.internal.connection.DefaultServerMonitor$ServerMonitorRunnable.run(DefaultServerMonitor.java:153) ~[mongodb-driver-core-4.11.2.jar:na]
	at java.base/java.lang.Thread.run(Thread.java:1583) ~[na:na]
Caused by: java.net.UnknownHostException: ac-3mufzp1-shard-00-01.4nosy2u.mongodb.net: nodename nor servname provided, or not known
	at java.base/java.net.Inet6AddressImpl.lookupAllHostAddr(Native Method) ~[na:na]
	at java.base/java.net.Inet6AddressImpl.lookupAllHostAddr(Inet6AddressImpl.java:52) ~[na:na]
	at java.base/java.net.InetAddress$PlatformResolver.lookupByName(InetAddress.java:1211) ~[na:na]
	at java.base/java.net.InetAddress.getAddressesFromNameService(InetAddress.java:1828) ~[na:na]
	at java.base/java.net.InetAddress$NameServiceAddresses.get(InetAddress.java:1139) ~[na:na]
	at java.base/java.net.InetAddress.getAllByName0(InetAddress.java:1818) ~[na:na]
	at java.base/java.net.InetAddress.getAllByName(InetAddress.java:1688) ~[na:na]
	at com.mongodb.ServerAddress.getSocketAddresses(ServerAddress.java:213) ~[mongodb-driver-core-4.11.2.jar:na]
	... 7 common frames omitted

2026-03-30T08:55:13.730+05:30  INFO 99702 --- [academic-service] [ngodb.net:27017] org.mongodb.driver.cluster               : Exception in monitor thread while connecting to server ac-3mufzp1-shard-00-02.4nosy2u.mongodb.net:27017

com.mongodb.MongoSocketException: ac-3mufzp1-shard-00-02.4nosy2u.mongodb.net
	at com.mongodb.ServerAddress.getSocketAddresses(ServerAddress.java:221) ~[mongodb-driver-core-4.11.2.jar:na]
	at com.mongodb.internal.connection.ServerAddressWithResolver.getSocketAddresses(ServerAddressWithResolver.java:68) ~[mongodb-driver-core-4.11.2.jar:na]
	at com.mongodb.internal.connection.SocketStream.initializeSocket(SocketStream.java:100) ~[mongodb-driver-core-4.11.2.jar:na]
	at com.mongodb.internal.connection.SocketStream.open(SocketStream.java:78) ~[mongodb-driver-core-4.11.2.jar:na]
	at com.mongodb.internal.connection.InternalStreamConnection.open(InternalStreamConnection.java:211) ~[mongodb-driver-core-4.11.2.jar:na]
	at com.mongodb.internal.connection.DefaultServerMonitor$ServerMonitorRunnable.lookupServerDescription(DefaultServerMonitor.java:193) ~[mongodb-driver-core-4.11.2.jar:na]
	at com.mongodb.internal.connection.DefaultServerMonitor$ServerMonitorRunnable.run(DefaultServerMonitor.java:153) ~[mongodb-driver-core-4.11.2.jar:na]
	at java.base/java.lang.Thread.run(Thread.java:1583) ~[na:na]
Caused by: java.net.UnknownHostException: ac-3mufzp1-shard-00-02.4nosy2u.mongodb.net
	at java.base/java.net.InetAddress$CachedLookup.get(InetAddress.java:988) ~[na:na]
	at java.base/java.net.InetAddress.getAllByName0(InetAddress.java:1818) ~[na:na]
	at java.base/java.net.InetAddress.getAllByName(InetAddress.java:1688) ~[na:na]
	at com.mongodb.ServerAddress.getSocketAddresses(ServerAddress.java:213) ~[mongodb-driver-core-4.11.2.jar:na]
	... 7 common frames omitted

2026-03-30T08:55:15.310+05:30  INFO 99702 --- [academic-service] [ngodb.net:27017] org.mongodb.driver.cluster               : Exception in monitor thread while connecting to server ac-3mufzp1-shard-00-01.4nosy2u.mongodb.net:27017

com.mongodb.MongoSocketException: ac-3mufzp1-shard-00-01.4nosy2u.mongodb.net
	at com.mongodb.ServerAddress.getSocketAddresses(ServerAddress.java:221) ~[mongodb-driver-core-4.11.2.jar:na]
	at com.mongodb.internal.connection.ServerAddressWithResolver.getSocketAddresses(ServerAddressWithResolver.java:68) ~[mongodb-driver-core-4.11.2.jar:na]
	at com.mongodb.internal.connection.SocketStream.initializeSocket(SocketStream.java:100) ~[mongodb-driver-core-4.11.2.jar:na]
	at com.mongodb.internal.connection.SocketStream.open(SocketStream.java:78) ~[mongodb-driver-core-4.11.2.jar:na]
	at com.mongodb.internal.connection.InternalStreamConnection.open(InternalStreamConnection.java:211) ~[mongodb-driver-core-4.11.2.jar:na]
	at com.mongodb.internal.connection.DefaultServerMonitor$ServerMonitorRunnable.lookupServerDescription(DefaultServerMonitor.java:193) ~[mongodb-driver-core-4.11.2.jar:na]
	at com.mongodb.internal.connection.DefaultServerMonitor$ServerMonitorRunnable.run(DefaultServerMonitor.java:153) ~[mongodb-driver-core-4.11.2.jar:na]
	at java.base/java.lang.Thread.run(Thread.java:1583) ~[na:na]
Caused by: java.net.UnknownHostException: ac-3mufzp1-shard-00-01.4nosy2u.mongodb.net
	at java.base/java.net.InetAddress$CachedLookup.get(InetAddress.java:988) ~[na:na]
	at java.base/java.net.InetAddress.getAllByName0(InetAddress.java:1818) ~[na:na]
	at java.base/java.net.InetAddress.getAllByName(InetAddress.java:1688) ~[na:na]
	at com.mongodb.ServerAddress.getSocketAddresses(ServerAddress.java:213) ~[mongodb-driver-core-4.11.2.jar:na]
	... 7 common frames omitted

2026-03-30T08:56:19.733+05:30  INFO 99702 --- [academic-service] [ngodb.net:27017] org.mongodb.driver.cluster               : Exception in monitor thread while connecting to server ac-3mufzp1-shard-00-01.4nosy2u.mongodb.net:27017

com.mongodb.MongoSocketException: ac-3mufzp1-shard-00-01.4nosy2u.mongodb.net: nodename nor servname provided, or not known
	at com.mongodb.ServerAddress.getSocketAddresses(ServerAddress.java:221) ~[mongodb-driver-core-4.11.2.jar:na]
	at com.mongodb.internal.connection.ServerAddressWithResolver.getSocketAddresses(ServerAddressWithResolver.java:68) ~[mongodb-driver-core-4.11.2.jar:na]
	at com.mongodb.internal.connection.SocketStream.initializeSocket(SocketStream.java:100) ~[mongodb-driver-core-4.11.2.jar:na]
	at com.mongodb.internal.connection.SocketStream.open(SocketStream.java:78) ~[mongodb-driver-core-4.11.2.jar:na]
	at com.mongodb.internal.connection.InternalStreamConnection.open(InternalStreamConnection.java:211) ~[mongodb-driver-core-4.11.2.jar:na]
	at com.mongodb.internal.connection.DefaultServerMonitor$ServerMonitorRunnable.lookupServerDescription(DefaultServerMonitor.java:193) ~[mongodb-driver-core-4.11.2.jar:na]
	at com.mongodb.internal.connection.DefaultServerMonitor$ServerMonitorRunnable.run(DefaultServerMonitor.java:153) ~[mongodb-driver-core-4.11.2.jar:na]
	at java.base/java.lang.Thread.run(Thread.java:1583) ~[na:na]
Caused by: java.net.UnknownHostException: ac-3mufzp1-shard-00-01.4nosy2u.mongodb.net: nodename nor servname provided, or not known
	at java.base/java.net.Inet6AddressImpl.lookupAllHostAddr(Native Method) ~[na:na]
	at java.base/java.net.Inet6AddressImpl.lookupAllHostAddr(Inet6AddressImpl.java:52) ~[na:na]
	at java.base/java.net.InetAddress$PlatformResolver.lookupByName(InetAddress.java:1211) ~[na:na]
	at java.base/java.net.InetAddress.getAddressesFromNameService(InetAddress.java:1828) ~[na:na]
	at java.base/java.net.InetAddress$NameServiceAddresses.get(InetAddress.java:1139) ~[na:na]
	at java.base/java.net.InetAddress.getAllByName0(InetAddress.java:1818) ~[na:na]
	at java.base/java.net.InetAddress.getAllByName(InetAddress.java:1688) ~[na:na]
	at com.mongodb.ServerAddress.getSocketAddresses(ServerAddress.java:213) ~[mongodb-driver-core-4.11.2.jar:na]
	... 7 common frames omitted

2026-03-30T08:56:29.741+05:30  INFO 99702 --- [academic-service] [ngodb.net:27017] org.mongodb.driver.cluster               : Exception in monitor thread while connecting to server ac-3mufzp1-shard-00-01.4nosy2u.mongodb.net:27017

com.mongodb.MongoSocketException: ac-3mufzp1-shard-00-01.4nosy2u.mongodb.net
	at com.mongodb.ServerAddress.getSocketAddresses(ServerAddress.java:221) ~[mongodb-driver-core-4.11.2.jar:na]
	at com.mongodb.internal.connection.ServerAddressWithResolver.getSocketAddresses(ServerAddressWithResolver.java:68) ~[mongodb-driver-core-4.11.2.jar:na]
	at com.mongodb.internal.connection.SocketStream.initializeSocket(SocketStream.java:100) ~[mongodb-driver-core-4.11.2.jar:na]
	at com.mongodb.internal.connection.SocketStream.open(SocketStream.java:78) ~[mongodb-driver-core-4.11.2.jar:na]
	at com.mongodb.internal.connection.InternalStreamConnection.open(InternalStreamConnection.java:211) ~[mongodb-driver-core-4.11.2.jar:na]
	at com.mongodb.internal.connection.DefaultServerMonitor$ServerMonitorRunnable.lookupServerDescription(DefaultServerMonitor.java:193) ~[mongodb-driver-core-4.11.2.jar:na]
	at com.mongodb.internal.connection.DefaultServerMonitor$ServerMonitorRunnable.run(DefaultServerMonitor.java:153) ~[mongodb-driver-core-4.11.2.jar:na]
	at java.base/java.lang.Thread.run(Thread.java:1583) ~[na:na]
Caused by: java.net.UnknownHostException: ac-3mufzp1-shard-00-01.4nosy2u.mongodb.net
	at java.base/java.net.InetAddress$CachedLookup.get(InetAddress.java:988) ~[na:na]
	at java.base/java.net.InetAddress.getAllByName0(InetAddress.java:1818) ~[na:na]
	at java.base/java.net.InetAddress.getAllByName(InetAddress.java:1688) ~[na:na]
	at com.mongodb.ServerAddress.getSocketAddresses(ServerAddress.java:213) ~[mongodb-driver-core-4.11.2.jar:na]
	... 7 common frames omitted

2026-03-30T08:57:49.777+05:30  INFO 99702 --- [academic-service] [ngodb.net:27017] org.mongodb.driver.cluster               : Exception in monitor thread while connecting to server ac-3mufzp1-shard-00-01.4nosy2u.mongodb.net:27017

com.mongodb.MongoSocketException: ac-3mufzp1-shard-00-01.4nosy2u.mongodb.net: nodename nor servname provided, or not known
	at com.mongodb.ServerAddress.getSocketAddresses(ServerAddress.java:221) ~[mongodb-driver-core-4.11.2.jar:na]
	at com.mongodb.internal.connection.ServerAddressWithResolver.getSocketAddresses(ServerAddressWithResolver.java:68) ~[mongodb-driver-core-4.11.2.jar:na]
	at com.mongodb.internal.connection.SocketStream.initializeSocket(SocketStream.java:100) ~[mongodb-driver-core-4.11.2.jar:na]
	at com.mongodb.internal.connection.SocketStream.open(SocketStream.java:78) ~[mongodb-driver-core-4.11.2.jar:na]
	at com.mongodb.internal.connection.InternalStreamConnection.open(InternalStreamConnection.java:211) ~[mongodb-driver-core-4.11.2.jar:na]
	at com.mongodb.internal.connection.DefaultServerMonitor$ServerMonitorRunnable.lookupServerDescription(DefaultServerMonitor.java:193) ~[mongodb-driver-core-4.11.2.jar:na]
	at com.mongodb.internal.connection.DefaultServerMonitor$ServerMonitorRunnable.run(DefaultServerMonitor.java:153) ~[mongodb-driver-core-4.11.2.jar:na]
	at java.base/java.lang.Thread.run(Thread.java:1583) ~[na:na]
Caused by: java.net.UnknownHostException: ac-3mufzp1-shard-00-01.4nosy2u.mongodb.net: nodename nor servname provided, or not known
	at java.base/java.net.Inet6AddressImpl.lookupAllHostAddr(Native Method) ~[na:na]
	at java.base/java.net.Inet6AddressImpl.lookupAllHostAddr(Inet6AddressImpl.java:52) ~[na:na]
	at java.base/java.net.InetAddress$PlatformResolver.lookupByName(InetAddress.java:1211) ~[na:na]
	at java.base/java.net.InetAddress.getAddressesFromNameService(InetAddress.java:1828) ~[na:na]
	at java.base/java.net.InetAddress$NameServiceAddresses.get(InetAddress.java:1139) ~[na:na]
	at java.base/java.net.InetAddress.getAllByName0(InetAddress.java:1818) ~[na:na]
	at java.base/java.net.InetAddress.getAllByName(InetAddress.java:1688) ~[na:na]
	at com.mongodb.ServerAddress.getSocketAddresses(ServerAddress.java:213) ~[mongodb-driver-core-4.11.2.jar:na]
	... 7 common frames omitted

2026-03-30T08:57:59.798+05:30  INFO 99702 --- [academic-service] [ngodb.net:27017] org.mongodb.driver.cluster               : Exception in monitor thread while connecting to server ac-3mufzp1-shard-00-01.4nosy2u.mongodb.net:27017

com.mongodb.MongoSocketException: ac-3mufzp1-shard-00-01.4nosy2u.mongodb.net
	at com.mongodb.ServerAddress.getSocketAddresses(ServerAddress.java:221) ~[mongodb-driver-core-4.11.2.jar:na]
	at com.mongodb.internal.connection.ServerAddressWithResolver.getSocketAddresses(ServerAddressWithResolver.java:68) ~[mongodb-driver-core-4.11.2.jar:na]
	at com.mongodb.internal.connection.SocketStream.initializeSocket(SocketStream.java:100) ~[mongodb-driver-core-4.11.2.jar:na]
	at com.mongodb.internal.connection.SocketStream.open(SocketStream.java:78) ~[mongodb-driver-core-4.11.2.jar:na]
	at com.mongodb.internal.connection.InternalStreamConnection.open(InternalStreamConnection.java:211) ~[mongodb-driver-core-4.11.2.jar:na]
	at com.mongodb.internal.connection.DefaultServerMonitor$ServerMonitorRunnable.lookupServerDescription(DefaultServerMonitor.java:193) ~[mongodb-driver-core-4.11.2.jar:na]
	at com.mongodb.internal.connection.DefaultServerMonitor$ServerMonitorRunnable.run(DefaultServerMonitor.java:153) ~[mongodb-driver-core-4.11.2.jar:na]
	at java.base/java.lang.Thread.run(Thread.java:1583) ~[na:na]
Caused by: java.net.UnknownHostException: ac-3mufzp1-shard-00-01.4nosy2u.mongodb.net
	at java.base/java.net.InetAddress$CachedLookup.get(InetAddress.java:988) ~[na:na]
	at java.base/java.net.InetAddress.getAllByName0(InetAddress.java:1818) ~[na:na]
	at java.base/java.net.InetAddress.getAllByName(InetAddress.java:1688) ~[na:na]
	at com.mongodb.ServerAddress.getSocketAddresses(ServerAddress.java:213) ~[mongodb-driver-core-4.11.2.jar:na]
	... 7 common frames omitted

2026-03-30T08:58:46.415+05:30  INFO 99702 --- [academic-service] [trap-executor-0] c.n.d.s.r.aws.ConfigClusterResolver      : Resolving eureka endpoints via configuration
2026-03-30T09:00:00.242+05:30  INFO 99702 --- [academic-service] [ionShutdownHook] o.s.c.n.e.s.EurekaServiceRegistry        : Unregistering application ACADEMIC-SERVICE with eureka with status DOWN
2026-03-30T09:00:00.253+05:30  INFO 99702 --- [academic-service] [ionShutdownHook] com.netflix.discovery.DiscoveryClient    : Saw local status change event StatusChangeEvent [timestamp=1774841400253, current=DOWN, previous=UP]
2026-03-30T09:00:00.264+05:30  INFO 99702 --- [academic-service] [nfoReplicator-0] com.netflix.discovery.DiscoveryClient    : DiscoveryClient_ACADEMIC-SERVICE/192.168.0.207:academic-service:8089: registering service...
2026-03-30T09:00:00.514+05:30  INFO 99702 --- [academic-service] [nfoReplicator-0] com.netflix.discovery.DiscoveryClient    : DiscoveryClient_ACADEMIC-SERVICE/192.168.0.207:academic-service:8089 - registration status: 204
2026-03-30T09:00:00.905+05:30  INFO 99702 --- [academic-service] [ionShutdownHook] com.netflix.discovery.DiscoveryClient    : Shutting down DiscoveryClient ...
